0.050735846,0.05583574,0.065816192,0.066290962,0.065960103,0.069831567,0.069172468,0.071968121,0.075907728,0.075491695,0.087147624,0.087068637,0.087102084,0.086967377,0.087151576,0.089036754,0.089794104,0.091968558,0.100714912,0.105157619,0.119035495,0.119702917,0.120842989,0.145565414,0.145610679,0.14552579,0.146737723,0.149544946,0.150792787,0.152566412,0.152676914,0.153955758,0.161810188,0.180619897,0.180556676,0.192065576,0.224405888,0.227841376,0.321646214,0.342199963,0.59900265,0.656850823,0.679797819,0.758968081,0.773329296,0.857867965,0.869009503,0.91306114,0.947192468,0.962535553,0.98023058
0.029082371,0.03050019,0.032333368,0.032477561,0.033965056,0.035712027,0.042538116,0.044441945,0.044383035,0.048034547,0.048351428,0.056084789,0.05776263,0.060766232,0.062733696,0.064934867,0.071140904,0.077355052,0.082461593,0.083213657,0.087821074,0.097537555,0.100254048,0.102327575,0.104536103,0.117903061,0.117924987,0.120590526,0.120359829,0.12054216,0.130615386,0.13607366,0.136057507,0.135959271,0.141885097,0.14190132,0.18483428,0.187494916,0.327586187,0.35243382,0.57413787,0.650120275,0.667725902,0.693736702,0.843351807,0.854135948,0.944162466,0.946589643,1.020468283,1.030079949,1.046266261
0.040339529,0.040360511,0.041348697,0.043678481,0.047536064,0.04915013,0.050223418,0.054006374,0.05585559,0.059656254,0.062351572,0.062396473,0.066169773,0.074927558,0.081310996,0.08528433,0.093835785,0.09383829,0.09934893,0.10472247,0.107248195,0.114234899,0.11660561,0.119097527,0.120640439,0.122414588,0.123211931,0.123584616,0.124370225,0.132506655,0.13498994,0.13499963,0.139677554,0.139655541,0.141664976,0.141847479,0.166598756,0.185571856,0.305383184,0.607377704,0.635943995,0.64522618,0.662162633,0.741766173,0.812509121,0.813725407,0.841970103,0.882786823,0.889637034,0.946963675,0.952101954
0.02814323,0.0321749,0.038910264,0.043221575,0.049541341,0.055826761,0.063560971,0.06360537,0.066925999,0.068815021,0.075660895,0.080914515,0.082825047,0.082714911,0.084863666,0.091528069,0.09506358,0.118775976,0.141699395,0.157308953,0.164452433,0.164465141,0.171006149,0.17129794,0.172167557,0.172126739,0.172820649,0.176720943,0.176725105,0.176719722,0.177627689,0.177648549,0.177541029,0.189109446,0.214633446,0.215504897,0.229453663,0.284314746,0.30768996,0.326928801,0.596576818,0.630868629,0.646020922,0.654344069,0.678602896,0.816473846,0.82176635,0.874489697,0.877628507,0.92289417,0.940419358
0.03532075,0.038975216,0.05391858,0.053314332,0.103752509,0.110623671,0.125050239,0.138856054,0.14915337,0.14927411,0.148995355,0.150038514,0.165152103,0.164871586,0.165190608,0.167146181,0.167151584,0.177957162,0.178178998,0.181771125,0.182490844,0.18237221,0.182382714,0.182488281,0.182401408,0.200766987,0.200623229,0.201633714,0.201575869,0.202855282,0.205396714,0.216355992,0.216560658,0.217195084,0.240221381,0.245348893,0.257232934,0.296166424,0.350267677,0.364789736,0.658122987,0.680650246,0.691434341,0.697530503,0.794574503,0.855375932,0.85992357,0.869810631,0.942725725,0.968937979,0.990374186
0.046170046,0.0531182,0.054378184,0.054079154,0.060926763,0.060158811,0.065101195,0.178992768,0.18268977,0.182729204,0.183474598,0.189997937,0.189994542,0.189866515,0.199043239,0.20339023,0.206152788,0.210956903,0.212714266,0.214008937,0.214019658,0.222301295,0.222496912,0.227863046,0.227867159,0.227884738,0.227865137,0.232758825,0.23269236,0.2346848,0.235655089,0.237062678,0.250942865,0.252412428,0.265174177,0.266700742,0.277331677,0.290881984,0.362474565,0.388173542,0.416451751,0.641385529,0.722770286,0.755620724,0.8057517,0.80932704,0.913086344,0.9425797,0.98130048,1.000662393,1.018857255
0.031149188,0.031840671,0.032975785,0.039902151,0.039955951,0.04037215,0.040383533,0.04061553,0.045951478,0.093652735,0.09423349,0.108816294,0.108795677,0.124289734,0.15357687,0.15359101,0.154211598,0.156347818,0.156343541,0.156392465,0.156381295,0.156353618,0.163310799,0.166678234,0.166666433,0.167788202,0.168782869,0.172751279,0.174062739,0.181491137,0.181727529,0.181727952,0.186204333,0.187390696,0.201851254,0.219184982,0.224844623,0.245149454,0.246144242,0.337771833,0.621495492,0.673033255,0.676856816,0.682541371,0.750239141,0.899828262,0.909715783,0.94591885,0.983087308,1.002219955,1.024343566
0.028999431,0.039382124,0.04403183,0.043823353,0.046592561,0.058383765,0.058565634,0.058586307,0.059371547,0.062285861,0.063135597,0.065365529,0.076318885,0.07916429,0.090836014,0.091861826,0.09554678,0.098863227,0.104261856,0.104806186,0.114305107,0.116042997,0.116750573,0.116755265,0.138437048,0.141448553,0.150811751,0.152383147,0.15379838,0.153806015,0.156479815,0.168122015,0.168118346,0.168133182,0.168497796,0.171074372,0.17532942,0.184098659,0.325276063,0.570539384,0.605605865,0.665738021,0.676718571,0.774869301,0.84195442,0.850196224,0.865884418,0.919202202,0.922937032,0.972720697,0.978664486
0.036068061,0.040011275,0.039951188,0.040566327,0.041808839,0.056611858,0.056307955,0.062826001,0.065505329,0.070052289,0.070374979,0.074136273,0.074168499,0.083776509,0.085754543,0.10249282,0.104779069,0.110338993,0.111397854,0.111393778,0.11473265,0.114565974,0.121962639,0.128612104,0.129430727,0.145725191,0.145789071,0.154992018,0.160181325,0.162265997,0.162248847,0.16357413,0.163505553,0.173188864,0.17766902,0.179003102,0.194100496,0.217592836,0.322358545,0.338123233,0.594656652,0.656216829,0.72586825,0.76462162,0.798895066,0.840674495,0.872452215,0.895578254,0.936130212,0.971618646,0.972315869
0.033298208,0.033219033,0.03428783,0.047126304,0.050704391,0.050717297,0.057404941,0.057760012,0.058601991,0.068521883,0.074818882,0.079831057,0.079787726,0.081580551,0.174884553,0.174895723,0.17784347,0.17791669,0.180284908,0.18032082,0.180358006,0.180943801,0.188776403,0.190190294,0.203496643,0.204925237,0.206302934,0.206327772,0.206284772,0.214558601,0.214850886,0.216825557,0.228640747,0.22964005,0.246086335,0.262723785,0.281994308,0.349800068,0.376550155,0.37890188,0.631829572,0.677202306,0.701818887,0.729727302,0.790537084,0.798812481,0.892708891,0.921321237,0.962434229,0.979495637,0.999726171
0.036600041,0.036486825,0.036487038,0.048309159,0.048300521,0.048298454,0.058344037,0.060672231,0.064821916,0.066567022,0.069347055,0.079498304,0.07954342,0.089162912,0.088943116,0.090665664,0.098251244,0.109150612,0.112567834,0.122259276,0.122253662,0.127236519,0.1390227,0.138890432,0.139004696,0.139487531,0.154314718,0.162325985,0.162436131,0.162427315,0.162444645,0.167446222,0.167449812,0.167492215,0.168474432,0.17409075,0.17407185,0.189150269,0.348416951,0.485565379,0.612397049,0.655097508,0.669399824,0.763597586,0.788051044,0.80313097,0.873297789,0.892650672,0.968310649,0.979693246,1.000690964
0.039003129,0.040455657,0.042134021,0.048122378,0.0507945,0.0571517,0.059763122,0.064475689,0.070705469,0.074956318,0.078992677,0.081372683,0.083877685,0.088545518,0.092333168,0.09239556,0.092264962,0.092204906,0.092218485,0.111533199,0.112340491,0.112725924,0.116720274,0.12446485,0.125311892,0.126412755,0.127487312,0.130366264,0.130358123,0.130433159,0.135427786,0.135323577,0.135407184,0.135388801,0.135385794,0.138846818,0.142579874,0.142594259,0.335272311,0.648154126,0.65036134,0.685937668,0.692580619,0.734662835,0.797581687,0.870720141,0.881039321,0.920036283,0.958516911,0.977354292,0.999624716
0.032413415,0.035379484,0.052366043,0.052761081,0.052562931,0.06601335,0.065478064,0.141986656,0.14323994,0.157022002,0.158521843,0.159432122,0.171705781,0.171728812,0.174538873,0.174531959,0.185455459,0.192868008,0.197059045,0.197669971,0.200124894,0.200092626,0.200105598,0.200128707,0.214607474,0.218140513,0.218150672,0.221540758,0.222534109,0.228643388,0.228654348,0.228600697,0.247474732,0.247563042,0.256618965,0.269400913,0.269871664,0.368877505,0.370881873,0.478771453,0.640581772,0.65719375,0.660473403,0.68940394,0.75700443,0.808491317,0.84315834,0.847283796,0.899832466,0.93102236,0.952608622
0.029837121,0.034302656,0.034710039,0.036466531,0.039554287,0.039537982,0.040083132,0.040489606,0.047388656,0.047187968,0.050244517,0.054981291,0.05506014,0.057372769,0.062393948,0.074756289,0.075497438,0.076697087,0.084303339,0.084959671,0.100025356,0.115018733,0.119555623,0.121445347,0.121361498,0.125193992,0.12515984,0.126991236,0.128641081,0.139023267,0.144778764,0.147125987,0.147180958,0.14701313,0.14711616,0.146817457,0.149976941,0.160777504,0.358612572,0.682163584,0.693286823,0.718499725,0.738384809,0.786224328,0.845535912,0.948936087,0.967818571,1.001755323,1.03377992,1.058480968,1.082962959
0.032255089,0.033726337,0.034412923,0.034948072,0.034773242,0.036785954,0.038083155,0.038612919,0.043520402,0.043971675,0.047788626,0.049397557,0.063252541,0.069869016,0.075072461,0.07509505,0.076921961,0.077730826,0.089934657,0.089948284,0.092632715,0.092906842,0.11127728,0.111325384,0.118089725,0.122736347,0.122723189,0.122740823,0.122705801,0.122673071,0.122731227,0.124330433,0.124898268,0.135057742,0.135872209,0.143498748,0.143511976,0.163897459,0.360877372,0.498387862,0.647835811,0.72342429,0.727373526,0.814238538,0.836423732,0.938970765,0.952424589,0.983280516,1.034156653,1.051673235,1.072207526
0.033203284,0.033005656,0.035915863,0.035888262,0.03605125,0.046013457,0.048030906,0.047931446,0.051881021,0.052010895,0.053634611,0.055380972,0.075084341,0.075883915,0.085825568,0.085808697,0.085861855,0.094446757,0.094852783,0.095165619,0.095189389,0.100756311,0.112424457,0.113977946,0.11504317,0.115046283,0.115014273,0.116527789,0.117164767,0.119310716,0.121885612,0.121904021,0.128398705,0.128415293,0.129217107,0.129152603,0.132361366,0.132202984,0.330192488,0.622450338,0.623281429,0.657989035,0.668319561,0.723627379,0.802192606,0.875292376,0.896588913,0.953352789,0.973631919,0.99291044,1.018726465
0.026992859,0.029213206,0.030398233,0.030265705,0.037410306,0.037686225,0.037666075,0.041262942,0.044911048,0.050227835,0.05035777,0.051763612,0.051895468,0.054891273,0.056317665,0.060704223,0.063745393,0.124390921,0.12569713,0.129187954,0.130828323,0.130777991,0.134478639,0.136387232,0.144421963,0.1451899,0.154220707,0.155246037,0.155245483,0.155257919,0.170627401,0.170562215,0.170547576,0.17705603,0.207165072,0.206914162,0.216546901,0.302795254,0.349186389,0.47885236,0.613401786,0.639924342,0.661655642,0.738395285,0.748984233,0.774123143,0.824543815,0.879854083,0.881740724,0.902416288,0.925836506
0.034614062,0.044654966,0.044576097,0.049391021,0.053999735,0.056453067,0.057796991,0.058504733,0.064396396,0.070216501,0.071118444,0.075983154,0.075926646,0.078617203,0.090515173,0.092998195,0.09273819,0.097139848,0.102962708,0.111722467,0.11172022,0.117889098,0.119003036,0.121245966,0.124187415,0.124478146,0.125658069,0.12636722,0.127785834,0.129623195,0.133846519,0.140187267,0.145432235,0.145440843,0.147328289,0.147329717,0.148793696,0.16581661,0.310492876,0.615737539,0.616756082,0.651682071,0.6604331,0.719504713,0.777918925,0.873423536,0.882727455,0.92975698,0.951506573,0.970124657,1.002406746
0.035161781,0.034915293,0.034688213,0.043579625,0.044815023,0.047307685,0.047914299,0.057354995,0.057081914,0.057218035,0.068419198,0.07455833,0.07736586,0.089290917,0.092933078,0.097787363,0.098835696,0.103927426,0.104287014,0.105035064,0.109753396,0.109501191,0.111037854,0.111432204,0.114078302,0.114439254,0.116589353,0.119394021,0.119400954,0.119607114,0.120696072,0.123644264,0.125439286,0.12714392,0.128356081,0.130041397,0.135325087,0.13969586,0.301742423,0.591099551,0.602436919,0.635268219,0.643247986,0.689220889,0.742297983,0.822282424,0.837870619,0.875929119,0.906759069,0.926642137,0.948052446
0.035160929,0.04239825,0.046183696,0.046199168,0.048536577,0.053435953,0.06139852,0.062044351,0.074121635,0.07376424,0.076455974,0.076472178,0.079899815,0.08742787,0.098028882,0.100186617,0.102349073,0.103115916,0.103058708,0.107031432,0.107825485,0.111830609,0.118145655,0.117984425,0.122941164,0.124166244,0.124137752,0.124075549,0.128212331,0.128127989,0.133504765,0.138238477,0.139952094,0.13989071,0.139827768,0.142694515,0.192125801,0.196655499,0.355874264,0.392196741,0.619912326,0.654954561,0.670524438,0.717827352,0.765407095,0.881150816,0.890966592,0.932883258,0.976297705,0.999074342,1.030042762
0.036335141,0.039538196,0.044697549,0.049170044,0.05138145,0.05234939,0.052286396,0.052920261,0.065963169,0.065860508,0.067319192,0.067317785,0.069274795,0.084207302,0.085746186,0.085765692,0.10700253,0.108160125,0.153601752,0.162594026,0.162571054,0.162552737,0.162484159,0.167757676,0.170102352,0.169930127,0.170015828,0.171470594,0.172194044,0.173013206,0.174647596,0.1782923,0.179535037,0.179793475,0.193875043,0.227310911,0.227752274,0.285006434,0.351347327,0.368682087,0.639315813,0.670565495,0.684641695,0.756265258,0.781132011,0.867586345,0.874965737,0.917321392,0.93287357,0.960573587,0.985697251
0.03381915,0.035610119,0.043255196,0.043419865,0.047894927,0.054546155,0.055615648,0.057269565,0.057266687,0.065183003,0.067772071,0.068482114,0.074919319,0.079335512,0.079348468,0.08547857,0.089128307,0.092137403,0.095374827,0.100229061,0.100602881,0.104290587,0.116534666,0.117015086,0.118894797,0.119173185,0.120016581,0.161971976,0.161988209,0.17080079,0.174266636,0.174043572,0.179577159,0.180119728,0.180108794,0.183288915,0.220633355,0.221317954,0.339010433,0.5832726,0.631038742,0.656148816,0.663565181,0.675211566,0.771738654,0.826337623,0.861272487,0.921437911,0.93777409,0.960882963,0.984965553
0.028821644,0.031303378,0.036162387,0.036171876,0.036192401,0.049657774,0.050626386,0.054125942,0.057697389,0.059063788,0.059440523,0.065679334,0.068821059,0.071146615,0.073250901,0.074355583,0.076676549,0.126284573,0.15744683,0.157449793,0.157452451,0.158188124,0.162956841,0.172132216,0.176074499,0.180956261,0.187909478,0.187905348,0.207066619,0.207052597,0.207010377,0.209265209,0.210433915,0.221743668,0.222802329,0.250683928,0.251654325,0.325928143,0.366041724,0.531090078,0.591986801,0.614551451,0.685119956,0.801815081,0.826884223,0.889302238,0.90511112,0.949683586,0.952902266,0.978580655,1.01607533
0.037094407,0.037862518,0.040938773,0.047844236,0.048974982,0.049918206,0.049764085,0.056314576,0.056555188,0.061136012,0.062248036,0.078509949,0.078583653,0.078669641,0.078599483,0.083522962,0.088689877,0.095600334,0.103767597,0.105292018,0.104988706,0.116512963,0.119149426,0.119181462,0.119633349,0.120714447,0.127802235,0.140608534,0.153142043,0.153201983,0.153168145,0.167880047,0.170178909,0.170121804,0.176329798,0.176332708,0.178349514,0.185879205,0.320512402,0.609111878,0.634664709,0.640555709,0.653980702,0.719211227,0.74217921,0.865552744,0.871353329,0.900725282,0.942328632,0.955936869,0.976990675
0.041913221,0.04499122,0.04599537,0.050008152,0.049800364,0.049967655,0.050971768,0.053450969,0.053631176,0.060477357,0.060391906,0.146594848,0.150778077,0.159001354,0.164228489,0.164210172,0.164228899,0.165661313,0.173559355,0.173435365,0.174738724,0.17512383,0.176768102,0.179125045,0.179175476,0.181135429,0.18116111,0.183009138,0.183421074,0.183391279,0.184171071,0.185161624,0.185489877,0.187233592,0.187234634,0.221063614,0.233763292,0.233638706,0.335443924,0.627073654,0.666009006,0.67070581,0.674603829,0.736822502,0.780329148,0.866748372,0.875010872,0.896438642,0.911672816,0.938577786,0.948904796
0.03495971,0.034796071,0.034584647,0.034828904,0.050622192,0.054209249,0.055406697,0.057330189,0.05934727,0.061583075,0.06355387,0.0687779,0.149201771,0.151929977,0.153243745,0.157216304,0.157229118,0.158752484,0.158766731,0.160716932,0.160737043,0.167355461,0.168469366,0.170422126,0.172172839,0.173535911,0.174803752,0.174700705,0.180600056,0.180583574,0.18249457,0.18953285,0.192603118,0.195372627,0.198929438,0.23284878,0.232949335,0.290126639,0.330777908,0.453326345,0.56742553,0.593109565,0.601841731,0.617254279,0.700181844,0.70414052,0.805807018,0.807790733,0.870643844,0.89220084,0.912522728
0.03017701,0.032511611,0.033727582,0.03580404,0.038051649,0.037828889,0.040616416,0.040890207,0.043832946,0.046702845,0.048182525,0.05572303,0.056575691,0.059878156,0.062577605,0.064599845,0.065701055,0.07365068,0.078782658,0.080613559,0.088610526,0.096915618,0.101605074,0.105359505,0.110072127,0.110018318,0.109740404,0.112281346,0.115991872,0.117561879,0.122331089,0.122353463,0.12237822,0.133489051,0.133384067,0.138922115,0.13883663,0.158179941,0.344254287,0.496357362,0.645676516,0.690808029,0.706691758,0.792923811,0.806927182,0.924274061,0.928768087,0.974240803,1.003070379,1.015870084,1.03794038
0.033861943,0.044723945,0.044685907,0.0478049,0.048996917,0.04884711,0.049646876,0.054387062,0.060750801,0.06141306,0.063961343,0.068298884,0.070721583,0.076449174,0.077681093,0.092759057,0.09430816,0.094299994,0.095823075,0.098790882,0.112275752,0.112272759,0.118407522,0.120849278,0.122316722,0.123404761,0.138910228,0.139997618,0.142205292,0.146295753,0.146239099,0.146128887,0.146207269,0.149496521,0.149488925,0.149490981,0.155099174,0.154952198,0.314012928,0.622777587,0.638262121,0.684202596,0.688427982,0.739956239,0.793083051,0.871224894,0.876631278,0.933824863,0.960576593,0.982004451,1.004797722
0.02805389,0.036107929,0.041344008,0.04123206,0.043224665,0.045382629,0.053537974,0.056167816,0.063859032,0.065565862,0.065571449,0.077763351,0.078823955,0.079558425,0.081156957,0.095835404,0.107548863,0.10760466,0.10877005,0.114124584,0.115267234,0.115205267,0.121855444,0.124424231,0.141778618,0.141767908,0.14366051,0.145436039,0.145422921,0.146735732,0.146789883,0.14675039,0.148056022,0.149420961,0.149362598,0.149375717,0.158990328,0.175691562,0.348341916,0.620124543,0.631450569,0.665145678,0.667805331,0.731165407,0.79877122,0.882538662,0.901011329,0.941862165,0.96689698,0.983357206,1.003092874
0.030912908,0.031476775,0.035778818,0.037221632,0.03865839,0.03981393,0.043325711,0.043221926,0.045840688,0.045843315,0.05115886,0.054345772,0.062125323,0.11898704,0.164845041,0.167918172,0.16789393,0.167935402,0.170354755,0.170314219,0.1702346,0.170312273,0.196178044,0.196130491,0.196185829,0.196188526,0.1977186,0.19808523,0.20027906,0.203391504,0.203333666,0.213952822,0.214611506,0.216028486,0.25416103,0.282730022,0.296726009,0.365395703,0.385673153,0.535420165,0.700217068,0.725623256,0.750409947,0.794883302,0.834186053,0.863964359,0.981763438,1.004032,1.026462422,1.052011632,1.077226433
0.036711971,0.038429027,0.04014621,0.041814743,0.046777914,0.054178793,0.054046586,0.055471223,0.056564856,0.057290867,0.061920437,0.065221354,0.076865182,0.081280221,0.085210684,0.085190749,0.10018638,0.135522961,0.146475976,0.148129536,0.153357545,0.153277993,0.153902802,0.153903262,0.15388576,0.162580535,0.163842987,0.164677992,0.165787706,0.1658037,0.165801471,0.175019607,0.176578541,0.187580887,0.204249347,0.204700631,0.227955828,0.321586777,0.326058949,0.329843455,0.594082311,0.626833223,0.643196763,0.701215113,0.755842917,0.843847265,0.860373699,0.909929651,0.930333063,0.952842713,0.978081683
0.02885933,0.037513038,0.040720604,0.04444852,0.052009069,0.052339245,0.055101282,0.055005164,0.056565422,0.056789051,0.060464369,0.065858958,0.07282111,0.072843686,0.080296767,0.080279271,0.091946996,0.093081163,0.099468249,0.100196416,0.112428129,0.113901051,0.11400913,0.115879506,0.116208642,0.117044375,0.117240168,0.118332866,0.152882333,0.15488485,0.160237759,0.160101642,0.160058548,0.160136328,0.160097089,0.165465805,0.169102222,0.168866971,0.346892053,0.611644727,0.636298648,0.667299589,0.681913604,0.71591564,0.775541254,0.855066785,0.869760903,0.922759814,0.945345732,0.963727732,0.987285087
0.040399641,0.052512771,0.055249688,0.057729415,0.069769211,0.079616553,0.081459064,0.083879415,0.084895733,0.087446222,0.092876494,0.094655878,0.099707226,0.101575903,0.110604563,0.110601519,0.112906565,0.120065529,0.124967661,0.124931237,0.130836834,0.133869854,0.134603753,0.136454202,0.140072804,0.140774908,0.141985942,0.142046119,0.159642899,0.161943369,0.161916528,0.165540146,0.167366739,0.167315047,0.167328852,0.174515765,0.177249003,0.203497188,0.330745605,0.451226713,0.596413017,0.643213204,0.653052649,0.737708628,0.748884747,0.774274396,0.842610043,0.86153362,0.94465485,0.960756472,0.978273082
0.029424611,0.033508833,0.035447336,0.036899188,0.038980982,0.038781329,0.043098622,0.042507862,0.042731906,0.043376364,0.044623582,0.045094384,0.056214176,0.059261403,0.060471299,0.063907111,0.072615242,0.072582147,0.078203127,0.090774495,0.090532735,0.092603198,0.104910428,0.107029206,0.107018822,0.109311074,0.109857724,0.111684291,0.111684952,0.113224065,0.113232897,0.127464572,0.129077346,0.129027584,0.131042895,0.133064055,0.132932969,0.141479691,0.335730549,0.633243015,0.63553821,0.673238299,0.676629811,0.724422534,0.780780538,0.86783901,0.885261176,0.925396214,0.953800914,0.971718441,0.99544451
0.033273583,0.03730963,0.045654292,0.04609606,0.048243512,0.048314371,0.04904578,0.051677679,0.066730848,0.066499514,0.068660377,0.069553063,0.072679243,0.073822911,0.077557668,0.077479428,0.086897203,0.097978816,0.099670053,0.103490432,0.103496483,0.103432373,0.111456924,0.114053939,0.116205006,0.11660809,0.142811808,0.147493579,0.147420057,0.153354136,0.153344969,0.153159709,0.161786493,0.16178037,0.18873036,0.188813086,0.191416421,0.20384962,0.369009548,0.64797382,0.655390541,0.676598312,0.683461488,0.732009354,0.795137368,0.871644682,0.888278876,0.914550771,0.932243419,0.97517528,1.008175986
0.030346996,0.033834999,0.039595872,0.044628034,0.048668679,0.051069775,0.056170243,0.059358792,0.05900128,0.059264721,0.067522551,0.0780632,0.079528575,0.079781855,0.079744135,0.080816996,0.100070038,0.101896451,0.132538892,0.150586781,0.154066101,0.154956843,0.154911444,0.155201596,0.155213021,0.155171965,0.155845692,0.15583549,0.160453851,0.162341161,0.163048903,0.164234391,0.165786484,0.168786075,0.172449478,0.20010832,0.211841299,0.2189669,0.274392323,0.300570433,0.589025625,0.632942294,0.637947629,0.743113193,0.841166903,0.8448514,0.850704109,0.890760468,0.933679007,0.958495031,0.962076021
0.031347879,0.031469541,0.031482513,0.033222657,0.034358151,0.034685546,0.034674995,0.045405402,0.0463002,0.04686095,0.050282752,0.062019793,0.06586015,0.06882396,0.077904045,0.078599348,0.080447811,0.090775345,0.091229206,0.091245385,0.100122575,0.099858275,0.100937378,0.100954902,0.106051388,0.114414911,0.126431453,0.141792086,0.141844283,0.142839461,0.14276134,0.160186977,0.161023378,0.162325402,0.165347609,0.173507404,0.190877702,0.231454444,0.292147636,0.328140096,0.588660133,0.648017478,0.651657573,0.737727845,0.756271256,0.846340508,0.860195458,0.893070177,0.932095864,0.948626774,0.973452686
0.04194184,0.046047009,0.046122468,0.046105015,0.046090904,0.047834203,0.049158726,0.058918675,0.064934042,0.070242492,0.07571053,0.080399223,0.098042939,0.126211591,0.150920208,0.152007292,0.155448825,0.155491777,0.15551161,0.164436323,0.164411081,0.165806548,0.166494703,0.171204759,0.172606276,0.172595861,0.185753543,0.186143069,0.187550743,0.188920433,0.190259273,0.200962669,0.201982104,0.203063362,0.222515269,0.23785543,0.247472251,0.24738263,0.350697895,0.667105514,0.677267419,0.681553948,0.69298354,0.697488701,0.809330758,0.855115871,0.869733692,0.935893863,0.937732757,0.98105917,1.000532114
0.027161452,0.035298415,0.04480663,0.044170303,0.046811144,0.048746335,0.048622548,0.04906456,0.118196114,0.118282964,0.11919608,0.132291355,0.141924861,0.141924161,0.143231482,0.150954837,0.153672892,0.15366497,0.153806162,0.153819608,0.153834052,0.155795564,0.155701491,0.166426655,0.167114571,0.168169727,0.168137684,0.168069575,0.168456197,0.16993186,0.171745534,0.171878545,0.172670004,0.174122362,0.191378359,0.203200525,0.216450102,0.224504151,0.301810868,0.358436349,0.563886283,0.635543415,0.690320998,0.738037839,0.738921551,0.834935421,0.852868572,0.852848522,0.874584097,0.89938443,0.92816154
0.044893171,0.046066095,0.047107423,0.055310374,0.057335861,0.056767942,0.062645597,0.062670361,0.069910657,0.072331878,0.079931506,0.090454735,0.091526061,0.096148134,0.104803559,0.108610491,0.111110982,0.113727428,0.113717221,0.114436669,0.116216436,0.120973825,0.121280951,0.120963851,0.124216567,0.124245911,0.128565497,0.128597957,0.136898793,0.140192838,0.140214986,0.140127734,0.141989382,0.141997192,0.143087166,0.146231591,0.146179791,0.166615951,0.326140534,0.632755057,0.654128907,0.676905166,0.701771113,0.741267373,0.79457535,0.897298479,0.909961315,0.957125776,0.987370913,1.005295932,1.025715243
0.036481934,0.03923272,0.044368728,0.044635309,0.044717966,0.049129348,0.050122219,0.051178443,0.057330888,0.06359274,0.065436877,0.072157549,0.073270942,0.073124753,0.076017595,0.077051972,0.080652559,0.0849806,0.104490197,0.163322517,0.168985389,0.169001057,0.171718976,0.176560296,0.177336061,0.178426943,0.178664514,0.178967,0.178829195,0.181589791,0.182626864,0.183379033,0.189375875,0.208342122,0.218027025,0.234753069,0.246471223,0.319797368,0.356411768,0.516446129,0.561144766,0.625225733,0.652034484,0.674526299,0.757374282,0.821550986,0.85617132,0.887266642,0.910112387,0.93798184,0.969049952
0.03745272,0.037323262,0.044115375,0.0440738,0.046173077,0.045840042,0.047609343,0.050027852,0.058207863,0.05976405,0.05971908,0.060335764,0.061114489,0.071938556,0.077632935,0.077730811,0.080147495,0.083798147,0.097686804,0.097680458,0.108345431,0.11160394,0.111663461,0.112108234,0.113186555,0.113180071,0.114019877,0.150041842,0.165467065,0.174511663,0.17437848,0.174383097,0.174538081,0.180083557,0.181077428,0.181149543,0.185806665,0.201113635,0.330077224,0.582187486,0.641445144,0.676790429,0.683698391,0.709016012,0.781242595,0.850389952,0.860483262,0.910963953,0.935712163,0.9515797,0.980241478
0.034933674,0.035556367,0.035562221,0.03941536,0.044055172,0.048745509,0.059378229,0.068134609,0.069902974,0.070033418,0.072650283,0.076127584,0.082547651,0.08234616,0.087512974,0.097360161,0.104747035,0.105305021,0.108954806,0.118775778,0.120670915,0.12066343,0.120389743,0.120654352,0.124533835,0.125638167,0.133279259,0.135504128,0.142311067,0.144124335,0.16535986,0.168321849,0.168326906,0.168348348,0.168334915,0.178607702,0.209994334,0.213189677,0.334509348,0.62948867,0.634315569,0.647566837,0.662892142,0.705296218,0.772685609,0.853469602,0.871777604,0.913439359,0.934605561,0.954102178,0.977715288
0.031797488,0.032426549,0.038002955,0.037885534,0.038422273,0.039235739,0.045996788,0.04574743,0.049368961,0.052019685,0.052884247,0.057178267,0.06165532,0.062137441,0.067526965,0.068939525,0.06919163,0.071393443,0.074609162,0.092110387,0.092262954,0.092249716,0.098085934,0.099864971,0.103965639,0.107499146,0.107899508,0.111692777,0.111693608,0.130066594,0.133332374,0.133450876,0.134457252,0.134397854,0.134480537,0.137195329,0.137055904,0.145014818,0.346777922,0.494658679,0.551330772,0.626595076,0.656321109,0.779181431,0.788466221,0.869131713,0.89285608,0.921171152,0.972542683,0.989203625,1.010293619
0.028780225,0.032567023,0.033477005,0.033891764,0.034653269,0.036969769,0.043524188,0.043344466,0.043969784,0.045306521,0.045164444,0.051397714,0.057329687,0.057663776,0.057649664,0.071311377,0.071363025,0.075250661,0.077050232,0.078528612,0.081076319,0.102219715,0.111864724,0.111867291,0.114453914,0.115278652,0.119338841,0.119364576,0.119275028,0.119265036,0.119290002,0.119296094,0.119928998,0.119985423,0.134485389,0.134434809,0.137614721,0.170969435,0.332674672,0.592958637,0.623590125,0.647134923,0.668026774,0.721471169,0.777786947,0.868414208,0.877720415,0.90702786,0.941217276,0.977219766,0.98126358
0.041315194,0.041221787,0.040938108,0.04620694,0.049059507,0.049183665,0.051361457,0.059402099,0.060718473,0.069552784,0.06934409,0.072175747,0.074265406,0.083526012,0.084454207,0.08595684,0.086012892,0.097723608,0.097745765,0.100589735,0.100913672,0.100940585,0.103701242,0.111318716,0.11957558,0.141865096,0.145073484,0.145140117,0.147461353,0.150672832,0.150616945,0.150673059,0.150787423,0.150621064,0.150517895,0.156494675,0.15676086,0.156499717,0.325418727,0.593480379,0.607662093,0.630176175,0.652969963,0.700186034,0.772090132,0.839917135,0.84653283,0.89246504,0.9220769,0.942998859,0.968557972
0.028408871,0.03366375,0.036183639,0.036345393,0.038088643,0.039824715,0.04092059,0.041205734,0.04180763,0.052423798,0.053877777,0.056696041,0.058005048,0.058824565,0.059264631,0.064942635,0.15488357,0.154874869,0.175462506,0.178079662,0.182123447,0.185124419,0.18747452,0.187525661,0.189175069,0.189176355,0.189153183,0.189157283,0.209911188,0.210548689,0.210842279,0.211462931,0.220740231,0.222027096,0.234333409,0.234355603,0.250359117,0.257200753,0.338761599,0.356833797,0.649272918,0.675490029,0.703940954,0.782656921,0.83993047,0.881119391,0.891964738,0.908298167,0.966484238,0.994358521,1.014718572
0.029466952,0.029485722,0.029351348,0.032943665,0.046526348,0.046525571,0.046489042,0.04719901,0.048400059,0.054953475,0.05490103,0.058305357,0.064650953,0.071406944,0.075742271,0.077230795,0.079772791,0.081117966,0.09876259,0.15690991,0.159332281,0.159326032,0.159343715,0.160771907,0.160733591,0.163133124,0.163698883,0.172948205,0.17547713,0.176156828,0.177016838,0.178119366,0.190922116,0.192027949,0.204350961,0.20620515,0.242671424,0.320262943,0.350199086,0.507553687,0.617941673,0.62020691,0.636477148,0.67862428,0.845735014,0.87214295,0.886534551,0.941414567,0.943710443,0.981325602,1.004873396
0.040669702,0.041212417,0.049496248,0.050656998,0.050857475,0.053554802,0.056773448,0.057107519,0.060348434,0.062580274,0.065061797,0.07194978,0.08073903,0.082244159,0.083300116,0.083313625,0.087742143,0.087774162,0.113618189,0.146158184,0.146757608,0.148034764,0.150497931,0.160413882,0.160390378,0.161842127,0.162930095,0.162861857,0.162859943,0.162857804,0.17236522,0.172420667,0.174212118,0.174705624,0.199690004,0.210716858,0.222285611,0.307541682,0.315234027,0.358081245,0.562041336,0.570425208,0.582385555,0.608373138,0.719751618,0.766010739,0.807870791,0.846170508,0.908339186,0.916532802,0.937773587
0.035188951,0.037318192,0.037311761,0.043354345,0.043234334,0.04571642,0.057525292,0.057347332,0.059980746,0.062562796,0.075145651,0.07644392,0.078506126,0.084260879,0.084343667,0.086438282,0.092611408,0.093726392,0.103573417,0.103883402,0.103898959,0.103868619,0.105809878,0.106548694,0.111897763,0.114998403,0.11572843,0.115739665,0.119837542,0.119835641,0.119815173,0.128104505,0.12819129,0.128107832,0.131088725,0.130941844,0.130926163,0.1309404,0.31773738,0.630564506,0.632314582,0.663022866,0.677570716,0.719695183,0.774561126,0.854141848,0.868556139,0.912874508,0.936320993,0.964861524,0.987805627
0.03473894,0.04232233,0.047427101,0.047734983,0.047748011,0.050250392,0.05534922,0.055315565,0.059226269,0.058987548,0.066417342,0.071212171,0.072275514,0.079733375,0.081169755,0.086945248,0.087633797,0.090501381,0.102712887,0.102621241,0.106050441,0.107957619,0.115329374,0.120709146,0.123333149,0.124437104,0.125127131,0.142355818,0.143034007,0.144411914,0.15264593,0.152645073,0.152666708,0.154990507,0.167337552,0.167406585,0.188119696,0.208766561,0.323051959,0.589631471,0.620700165,0.659878943,0.669673986,0.765932695,0.809684304,0.819121765,0.869813982,0.904974307,0.931153248,0.959291587,0.982211561
0.042723361,0.042518177,0.042581553,0.042579976,0.043344751,0.043540533,0.048291296,0.055872415,0.057583679,0.058955709,0.064106933,0.066678466,0.071204295,0.078402963,0.091172327,0.096663702,0.097891087,0.103446932,0.104200637,0.104461701,0.108521917,0.10966512,0.109601597,0.112914679,0.11445173,0.114448745,0.130270721,0.131559264,0.136838324,0.13821355,0.143031219,0.143026409,0.142965096,0.151159723,0.151240998,0.151141321,0.187393729,0.200732074,0.301367015,0.316381364,0.583643532,0.653605726,0.705262715,0.756788951,0.842157618,0.860188313,0.865265378,0.913539596,0.925522768,0.967670447,0.971713454
0.03645801,0.040136652,0.048211323,0.048310835,0.050921418,0.056570437,0.058096344,0.065699275,0.065809875,0.067571636,0.071070397,0.07100244,0.077949879,0.085883999,0.089572179,0.095959495,0.096387166,0.110813868,0.11553214,0.115537006,0.118465809,0.120181492,0.124197047,0.128394129,0.129296391,0.130479689,0.131424145,0.134210948,0.134189139,0.147768672,0.153840982,0.153773893,0.15382163,0.155452688,0.156286712,0.156262475,0.158373439,0.158365509,0.312842946,0.58745307,0.593536972,0.63136804,0.64112664,0.69187667,0.741970359,0.833555465,0.848693244,0.892772483,0.920252349,0.939147812,0.965969731
0.037398124,0.039810133,0.039538373,0.044271567,0.060097045,0.063149031,0.063130863,0.065172504,0.065323209,0.094209441,0.112655483,0.123258759,0.153249584,0.161099163,0.1618284,0.162284128,0.16298512,0.162984052,0.171601852,0.172669664,0.172955303,0.173874164,0.174295425,0.17432063,0.179119224,0.179704751,0.185564402,0.186491123,0.18681739,0.187328143,0.201134775,0.201142244,0.201474287,0.20343384,0.213524434,0.214422755,0.238977179,0.239874516,0.328254655,0.335100548,0.584231325,0.677400788,0.701867884,0.802900218,0.849104255,0.888107735,0.906368085,0.927719873,0.94005219,0.969631137,1.005473761
0.03485063,0.040695378,0.048153277,0.048027627,0.050478404,0.050631592,0.063140938,0.065887702,0.066858777,0.070968871,0.07612609,0.076587072,0.080130448,0.087066862,0.087848756,0.091784764,0.120263963,0.175257353,0.175260004,0.175221485,0.182078324,0.181941014,0.182001348,0.181909532,0.181968125,0.188024401,0.191685174,0.192631256,0.193485141,0.196960454,0.196879133,0.211761601,0.213142249,0.228020598,0.229812776,0.229804974,0.272421407,0.368527724,0.377503098,0.533514488,0.566300914,0.70145914,0.719864564,0.721839287,0.819242165,0.895432559,0.899125206,0.960229243,0.984420096,1.002654224,1.028018516
0.03495133,0.037384963,0.037616212,0.042472705,0.042533799,0.046140319,0.047507997,0.047524977,0.050906051,0.055446619,0.057349566,0.057302858,0.068555988,0.07228803,0.07562999,0.075799084,0.080119142,0.09753681,0.097586497,0.099761377,0.099775929,0.101259263,0.106765799,0.108277368,0.157700153,0.157871616,0.159271082,0.159312515,0.161819506,0.164301533,0.164272504,0.164153069,0.164218676,0.164202569,0.164377705,0.173601014,0.175510596,0.17550842,0.356763233,0.42095151,0.490190803,0.608800863,0.671688358,0.756010771,0.792537265,0.890469757,0.911145926,0.926638752,0.974354472,0.989789507,1.007793466
0.035775334,0.035395871,0.037648675,0.037519968,0.03759436,0.04470491,0.051068449,0.052694139,0.052444646,0.054030676,0.059948807,0.073334676,0.073218082,0.090028898,0.090732743,0.095006231,0.097099237,0.097117184,0.109925276,0.118325944,0.118290085,0.121134901,0.124745044,0.125780782,0.125859075,0.1357998,0.146570774,0.150178036,0.153576543,0.154284576,0.154262681,0.15416415,0.154251798,0.155444953,0.179719054,0.179639821,0.225211573,0.237695092,0.319958253,0.589911329,0.613918511,0.616112485,0.648445781,0.67711783,0.747169092,0.876083334,0.885139785,0.921412053,0.936620699,0.962316972,0.987429561
0.034932857,0.034833999,0.035736225,0.03648965,0.038500178,0.040579861,0.041301698,0.041630252,0.050712519,0.050809061,0.057028715,0.057025903,0.061072113,0.061087455,0.065429467,0.072016744,0.074950245,0.076049923,0.0792092,0.092608114,0.09522032,0.101123662,0.103833994,0.120025367,0.123386374,0.127153235,0.127207174,0.127241618,0.127198113,0.129040967,0.131259043,0.131177808,0.13119633,0.132714865,0.132703573,0.13275839,0.132752433,0.142466028,0.391590624,0.710611843,0.713576777,0.729058591,0.751425331,0.828982376,0.88404512,0.971584268,0.985221079,1.036245803,1.062917497,1.087984503,1.115247108
0.037029835,0.036998117,0.039796227,0.040176956,0.04259827,0.04755006,0.049397998,0.056062187,0.05587455,0.059616351,0.061703535,0.069720009,0.069724655,0.076925868,0.13240042,0.136346282,0.154841909,0.154839295,0.156950701,0.181090241,0.183872872,0.184886402,0.185198061,0.185958118,0.185957718,0.185859368,0.185859642,0.197772643,0.197820112,0.199539395,0.199540917,0.202774011,0.211653748,0.214101164,0.225716172,0.22811099,0.236929924,0.265244694,0.330559945,0.337826758,0.607298546,0.62703747,0.645431366,0.6668943,0.827347371,0.834449069,0.874142483,0.90607344,0.912258385,0.953775446,0.973532446
0.031276117,0.033743526,0.033558888,0.033568324,0.039581449,0.039493504,0.041230962,0.054223273,0.055632119,0.058021774,0.058172046,0.061657069,0.062946914,0.06300151,0.064958489,0.067096474,0.07865207,0.080988202,0.080977551,0.080739993,0.091581439,0.097174947,0.098417053,0.0984507,0.100984197,0.108198694,0.108910385,0.125102508,0.125824462,0.130970836,0.130989507,0.131216045,0.137914079,0.137922711,0.147282639,0.149205498,0.173858255,0.176140928,0.375321476,0.528478663,0.654044459,0.696440518,0.709120038,0.809559904,0.821299387,0.847649024,0.910878275,0.954877796,0.997290696,1.01347943,1.035807811
0.036703162,0.036624012,0.040795866,0.041438982,0.048543004,0.049236238,0.057729015,0.057551523,0.058935396,0.059495914,0.117382972,0.118385922,0.126702436,0.15347053,0.15336144,0.160711317,0.162033309,0.162047297,0.16198627,0.171372104,0.172071951,0.173464768,0.176182982,0.176862508,0.180577716,0.180588179,0.180528625,0.187940203,0.189056811,0.189932323,0.1904947,0.19046425,0.195515814,0.201176126,0.215607382,0.234778287,0.238664419,0.325136027,0.36682043,0.465286804,0.583425576,0.607641141,0.62095841,0.673018562,0.736766481,0.742016151,0.843190304,0.867286057,0.912311459,0.967063613,0.983806235
0.03011289,0.03536192,0.036907749,0.041654996,0.041656345,0.042307318,0.043202806,0.043436281,0.04851629,0.058790191,0.060690473,0.064525683,0.085408672,0.098467162,0.115758155,0.149589218,0.157585249,0.157547648,0.157614572,0.160333762,0.167604153,0.174267925,0.179859243,0.191162121,0.191658094,0.193727337,0.193775978,0.19372547,0.199864361,0.20184119,0.20523819,0.215496003,0.219770003,0.219659781,0.229972079,0.260065011,0.266317483,0.269667088,0.363345326,0.369420572,0.37948888,0.452851695,0.557132858,0.688748043,0.829446173,0.849630435,0.860374676,0.932896132,0.959511022,0.987747719,0.98774807
0.034622718,0.035878234,0.037947006,0.043479466,0.047620007,0.053257419,0.05458556,0.055294456,0.056641028,0.061737146,0.069026807,0.070535306,0.075295088,0.076075527,0.08007542,0.082825057,0.085750026,0.096328592,0.100590622,0.101697759,0.110077989,0.113472824,0.113458818,0.120654633,0.120912056,0.122544645,0.122828836,0.123727468,0.123777882,0.130127953,0.134500734,0.134526362,0.142302429,0.147314874,0.147358528,0.147341163,0.158998826,0.198473711,0.301882128,0.59309674,0.596935903,0.633131629,0.647422107,0.68420688,0.748188915,0.831475022,0.848530804,0.890510931,0.922595196,0.939850779,0.961044196
0.031418418,0.035874734,0.037586569,0.04534212,0.048057601,0.052420791,0.052858218,0.055410979,0.063503365,0.063188101,0.112323251,0.123275454,0.141495864,0.15171639,0.151397435,0.151485467,0.151656294,0.153184639,0.153253371,0.153161967,0.15315069,0.162241736,0.162034745,0.166387681,0.167397078,0.169367815,0.171037721,0.171004791,0.204438694,0.209893982,0.209711537,0.214369426,0.21485646,0.216335065,0.226255011,0.231768887,0.237309841,0.249923222,0.341567656,0.402013018,0.572769315,0.628986119,0.664176901,0.742778094,0.770288749,0.851661273,0.86191587,0.867992497,0.935125015,0.957315965,0.976956867
0.039882974,0.041302566,0.043246307,0.047699938,0.054509108,0.054401744,0.05552367,0.062953646,0.063158509,0.066861251,0.122432601,0.153907457,0.155099683,0.155643949,0.156390705,0.156409362,0.161512122,0.168615954,0.16890803,0.170978966,0.172304706,0.172777286,0.174125173,0.174090633,0.183219678,0.184250994,0.185629172,0.185838983,0.185781912,0.185762771,0.191370302,0.19688216,0.197008276,0.197060166,0.197034884,0.22190682,0.232213921,0.242534016,0.314381503,0.636466724,0.673699004,0.67817508,0.685186188,0.753753886,0.790290826,0.90031382,0.902587675,0.92596957,0.945184274,0.970267972,0.98122605
0.039814293,0.039635627,0.042378242,0.045614166,0.048880237,0.049700148,0.054871322,0.063267294,0.067180939,0.071580267,0.07691105,0.081886628,0.087960589,0.088182956,0.088310917,0.091031386,0.091164567,0.101109588,0.104708248,0.110649165,0.111081618,0.114010132,0.116550541,0.117956468,0.121299719,0.123411656,0.149322549,0.149966974,0.150978471,0.150984689,0.152662277,0.152612433,0.152700438,0.156955186,0.156841075,0.156777114,0.156791349,0.177813133,0.320268038,0.348905978,0.574620549,0.625789398,0.634027866,0.665803805,0.821355129,0.821332553,0.843361941,0.884272743,0.890019452,0.932295474,0.953699255
0.036106628,0.036262502,0.038952547,0.046621661,0.04908393,0.051781342,0.062693344,0.063577546,0.065840042,0.077471564,0.078797448,0.095181766,0.096883828,0.100153815,0.102939511,0.105040943,0.110637489,0.118553964,0.124685159,0.124701469,0.12979729,0.132663299,0.136322046,0.137822712,0.138257337,0.138010397,0.139058236,0.142757646,0.164359029,0.164444892,0.164396493,0.170868787,0.1765377,0.176483928,0.1764664,0.177615421,0.177641092,0.177615622,0.339115926,0.599682915,0.602560441,0.635974065,0.659664309,0.736511129,0.756364638,0.839188217,0.851161594,0.855646226,0.901246977,0.948601031,0.953729176
0.032490613,0.035699812,0.042796501,0.051273131,0.053280658,0.056310005,0.063061067,0.06304523,0.063776549,0.066265639,0.073591812,0.121287007,0.126594123,0.150539196,0.168831948,0.168883958,0.171403733,0.172807507,0.172807659,0.172851969,0.174589753,0.174556756,0.174609887,0.174576864,0.175901557,0.179298003,0.1863226,0.18739139,0.191113092,0.194344726,0.194930545,0.194579644,0.199202605,0.203461671,0.205240755,0.222259798,0.248350303,0.304716174,0.339259779,0.462734603,0.527004,0.574600225,0.574913285,0.632954148,0.739908427,0.763396076,0.839163983,0.860654044,0.922733999,0.936760202,0.95540274
0.045086056,0.044896706,0.050958477,0.050891385,0.0511589,0.051023539,0.052723492,0.056364817,0.057159288,0.065093811,0.071474815,0.073829245,0.078261273,0.192051485,0.193622376,0.200353829,0.204735724,0.204678367,0.214445729,0.217582671,0.220685985,0.227534152,0.227483625,0.227495732,0.238737736,0.239110358,0.239016875,0.240319637,0.240770175,0.240792038,0.240865645,0.240748668,0.245795956,0.253083577,0.255819137,0.271371054,0.295792369,0.384111654,0.405117208,0.49823692,0.64792934,0.685374913,0.706064472,0.721293044,0.816904921,0.87220362,0.885956932,0.947760666,0.95399832,0.982970288,1.006492562
0.0400988,0.044000763,0.04387627,0.044887942,0.044857395,0.053547089,0.057970857,0.060299368,0.061723618,0.062907893,0.067268381,0.068464165,0.071439541,0.077106346,0.078218434,0.084760539,0.094248036,0.097600668,0.098743734,0.099618497,0.102699244,0.113544756,0.114276223,0.115389397,0.117206007,0.132896062,0.132846639,0.133949359,0.133920721,0.135422971,0.1397306,0.141218502,0.141201902,0.145582354,0.145572839,0.145595571,0.152392484,0.158924972,0.312217847,0.593374759,0.610627177,0.62623749,0.632043224,0.743390845,0.807627773,0.814097889,0.843049533,0.893927573,0.906930544,0.926422478,0.94873054
0.033982317,0.041040494,0.040762972,0.043745375,0.054745963,0.054789971,0.056014753,0.063441416,0.069070209,0.069218171,0.070781735,0.070853391,0.071665012,0.08107357,0.085872281,0.087679686,0.087802208,0.091064624,0.093074533,0.106750714,0.111665696,0.139878944,0.139869895,0.140001117,0.162157562,0.162135462,0.163801467,0.169598363,0.169511691,0.171305263,0.171221347,0.171206383,0.171214593,0.178201864,0.179405673,0.179489134,0.228996507,0.229419646,0.255366348,0.314386982,0.53095204,0.58642234,0.649526941,0.749088336,0.801482851,0.812138472,0.843751318,0.893932059,0.928543251,0.965430668,0.968285535
0.043209749,0.043016665,0.045812507,0.057033985,0.05706016,0.188202214,0.192361233,0.192708171,0.192702534,0.195557602,0.20069552,0.2108171,0.228623575,0.229548399,0.23090958,0.234381162,0.235039634,0.235028101,0.235860567,0.236198541,0.238434276,0.252330511,0.261437162,0.261341646,0.261334735,0.26133001,0.274594206,0.274571433,0.275594756,0.275705562,0.285950529,0.287039273,0.287355418,0.287283831,0.296285839,0.311044369,0.314951931,0.408412853,0.416765988,0.524441575,0.698728736,0.710598317,0.764977887,0.810876629,0.815068578,0.875396422,0.918505848,0.934528663,0.978879909,1.010861962,1.017711577
0.031413044,0.03247064,0.033210309,0.038527743,0.038579089,0.038464859,0.039271112,0.04117211,0.041488096,0.06138486,0.061436592,0.06806258,0.07035933,0.077010734,0.078387241,0.078414472,0.088789425,0.088866282,0.098898923,0.098910276,0.10058978,0.10850207,0.134659249,0.143994674,0.143917391,0.14547789,0.150150733,0.151304495,0.153649701,0.16300631,0.164730174,0.168310891,0.168327641,0.169041444,0.187965941,0.194916671,0.224324017,0.233070092,0.343273106,0.362616694,0.457632653,0.596906885,0.648888063,0.765922603,0.847721341,0.864555768,0.874194055,0.888206557,0.930494435,0.956556705,0.976315415
0.031716593,0.040103743,0.040045388,0.047965486,0.047987265,0.050260036,0.051345141,0.053918065,0.054981085,0.060059359,0.064849759,0.070781146,0.073912618,0.096412229,0.096408688,0.096424455,0.104698355,0.106114277,0.109135801,0.109831324,0.111272534,0.111350968,0.119947494,0.121077592,0.140148459,0.153091274,0.153068762,0.153060644,0.156627452,0.156629167,0.156860689,0.15688595,0.156766018,0.157864848,0.157752987,0.157758917,0.157770533,0.158778625,0.325680427,0.628025567,0.636015428,0.683585369,0.686454404,0.731568113,0.801401854,0.88434119,0.88935328,0.94137284,0.953399243,0.991907838,1.01233838
0.040209446,0.057064079,0.062296563,0.065766727,0.066651424,0.070343947,0.075368821,0.075476162,0.075334733,0.079052362,0.087583894,0.087612216,0.092328092,0.098926382,0.101502442,0.102869408,0.114836572,0.1172168,0.118028812,0.122137124,0.127496651,0.130522904,0.134539691,0.135026789,0.135728642,0.1373957,0.13740204,0.13909552,0.146470796,0.162830366,0.164734846,0.164651306,0.165697382,0.165772803,0.165773334,0.171502703,0.176669446,0.207127597,0.313880384,0.433932367,0.584573788,0.618092092,0.627425941,0.714617917,0.722983478,0.834320452,0.838070806,0.875966759,0.918467222,0.93645342,0.955871778
0.032794576,0.034392481,0.037306776,0.044464733,0.044818593,0.052582368,0.053756513,0.062283918,0.064000883,0.066466853,0.072748863,0.078694107,0.080259381,0.083906459,0.089465003,0.096125565,0.10378845,0.106480351,0.107272039,0.111738164,0.115064735,0.118154664,0.1217166,0.127295568,0.133807257,0.136697792,0.142047521,0.142068862,0.142112988,0.147222457,0.147174127,0.147080205,0.152474953,0.152359531,0.153722666,0.153673683,0.157501479,0.15739494,0.328521024,0.605744677,0.62228061,0.657932002,0.671379918,0.714339076,0.767457654,0.87596283,0.875952387,0.928161792,0.957215543,0.976499448,0.999595741
0.029244861,0.035574398,0.038070325,0.039288434,0.040173333,0.040208579,0.048392157,0.048641147,0.055191147,0.058381729,0.059080976,0.05990618,0.059983218,0.060082239,0.059887035,0.064211095,0.075805421,0.079348753,0.089506284,0.089519466,0.094816922,0.095952192,0.103246951,0.108836803,0.112612006,0.115204758,0.125744589,0.139758777,0.1398738,0.147838213,0.149972347,0.149962118,0.14998332,0.149910956,0.166553008,0.180502428,0.210754899,0.322301969,0.610772175,0.643591259,0.648169807,0.674750908,0.732656611,0.752142796,0.835560958,0.841714436,0.891711831,0.903245993,0.92857022,0.948408816
0.04722601,0.06067646,0.060799555,0.060722591,0.070521051,0.07038428,0.077673337,0.077740363,0.077340766,0.077757365,0.077813097,0.08730226,0.087519601,0.113166163,0.160740759,0.16312012,0.166621747,0.175492138,0.185643985,0.189656626,0.194312078,0.194320712,0.195310086,0.195632279,0.195600799,0.195610992,0.195630071,0.195609793,0.203263017,0.203948395,0.203925365,0.208176287,0.214170477,0.215494207,0.215405851,0.217416624,0.242005777,0.253428454,0.308999658,0.36313202,0.411338626,0.647535412,0.663811769,0.755672494,0.764500895,0.873272585,0.889210604,0.924104085,0.944255499,0.963856258,0.982208878
0.028963385,0.037835277,0.041745751,0.043726612,0.05070788,0.053174228,0.057243956,0.060482317,0.072786558,0.076412415,0.077618066,0.077511916,0.078870277,0.079267635,0.085488362,0.086700333,0.094380156,0.111642566,0.119805661,0.120639948,0.122457376,0.127027174,0.127491278,0.128159845,0.128926953,0.130393427,0.131815244,0.134866864,0.135688235,0.136384655,0.141439333,0.144243726,0.14754175,0.147532226,0.150796506,0.150856388,0.187801479,0.187712181,0.322788932,0.604732557,0.625037852,0.649887101,0.662836692,0.718869593,0.756767155,0.872375167,0.878272837,0.903931694,0.921982758,0.944176926,0.969045757
0.032390522,0.045992942,0.046194961,0.05207403,0.052182953,0.052820027,0.05276933,0.057028181,0.056755287,0.056361013,0.071136151,0.075009462,0.081130636,0.088450448,0.090504669,0.091972487,0.091913714,0.09311345,0.101020041,0.104754944,0.107625115,0.108080524,0.109150071,0.111643185,0.153587914,0.154976283,0.154945197,0.154972047,0.165404002,0.169853324,0.169822801,0.17144385,0.171297916,0.171319098,0.173972465,0.173918267,0.178695945,0.178952223,0.362242582,0.649634247,0.690755162,0.707900775,0.711077416,0.826084793,0.884158178,0.886317726,0.925537663,0.968383323,0.973823238,0.997615574,1.021038581
0.035014149,0.042622198,0.04258842,0.045210246,0.048549923,0.050532472,0.055821443,0.064407287,0.06454784,0.070164562,0.070252698,0.079378703,0.087801388,0.094438654,0.094463596,0.097506843,0.101954943,0.112854711,0.113671742,0.114352206,0.114036098,0.165367296,0.166227355,0.166251635,0.166229003,0.168316167,0.168755696,0.173907459,0.176152545,0.177533739,0.178740667,0.17873289,0.178707244,0.199475945,0.203190703,0.213582244,0.223627768,0.279760862,0.332120436,0.406637258,0.600567106,0.644460508,0.658749447,0.723251977,0.755263062,0.755933889,0.832028652,0.856647936,0.901997868,0.941245565,0.96194391
0.036219407,0.043769539,0.043731123,0.053588441,0.053796465,0.05593607,0.055920483,0.059374204,0.066014768,0.075529112,0.075574259,0.077037771,0.076695498,0.081684369,0.085211326,0.091508531,0.093328788,0.095708722,0.097865673,0.10371897,0.112567372,0.118426139,0.158046254,0.16071728,0.160654696,0.164212164,0.164280931,0.166278258,0.166933605,0.171714685,0.173572281,0.173525648,0.176922113,0.190253499,0.190215549,0.220224563,0.232035497,0.32509597,0.365906091,0.382582603,0.487935002,0.613420352,0.658750641,0.755849188,0.763914114,0.858425563,0.868687753,0.911303146,0.940303634,0.971045039,1.000437297
0.030808671,0.046555235,0.046501322,0.046485815,0.048610724,0.050757216,0.050599798,0.054995786,0.069883939,0.074764795,0.07641068,0.079400515,0.103608759,0.104309704,0.105787242,0.105777947,0.106347595,0.109943544,0.109903885,0.115463736,0.117638322,0.119173369,0.119213815,0.120386207,0.122898474,0.126108287,0.126490523,0.127937151,0.142383659,0.143144599,0.144673267,0.144589233,0.144658719,0.144621028,0.144669241,0.144620248,0.144575024,0.14670638,0.305569241,0.605017172,0.609421801,0.635064953,0.65123139,0.690393169,0.747881847,0.833958163,0.851322995,0.891095988,0.914061833,0.935457677,0.959898593
0.036413772,0.036276001,0.036442599,0.036677149,0.037142178,0.039693475,0.03971116,0.042474658,0.044112891,0.049745781,0.049819498,0.049885511,0.063490342,0.063494912,0.069385872,0.069287438,0.073751908,0.082986505,0.088414548,0.119608668,0.121622184,0.125704717,0.125675071,0.130938622,0.133243934,0.134209293,0.134195649,0.134183559,0.134212312,0.139121076,0.139038442,0.140554567,0.142789343,0.153775973,0.155549382,0.529493335,0.555834433,0.583587091,0.660698006,0.863710265,0.920333921,0.970762917,0.983475413,0.996330068,1.105714853,1.164080042,1.189929092,1.232349604,1.25838696,1.279933349,1.289872102
0.032072017,0.040890314,0.042805127,0.046563269,0.052552152,0.060790117,0.061105261,0.061193783,0.062980382,0.062922024,0.065241242,0.067874443,0.07744993,0.078546228,0.082999642,0.083694563,0.097484702,0.102108398,0.10431573,0.104800393,0.104940331,0.109552272,0.115253819,0.120033787,0.130203658,0.133847469,0.147137388,0.148241968,0.163017007,0.163024587,0.165826551,0.165826138,0.165823438,0.165811081,0.190132661,0.192895898,0.219293082,0.232419877,0.325680307,0.484883845,0.603919134,0.654300676,0.658851088,0.685418143,0.785253465,0.837147562,0.873000453,0.910412276,0.989059678,0.999909296,1.017589897
0.030017724,0.030091858,0.033042785,0.035952777,0.036282386,0.037282556,0.039926267,0.044935755,0.044969591,0.04512673,0.050559259,0.050494273,0.052841525,0.057650049,0.059012392,0.066773543,0.066777882,0.067186442,0.080661014,0.084781092,0.086661306,0.0878102,0.09704814,0.10339494,0.106305652,0.113323055,0.11319803,0.113189606,0.112915333,0.113313934,0.113338865,0.11377332,0.119864807,0.119948563,0.119807834,0.123107468,0.123187926,0.140974711,0.318037097,0.631071458,0.644219234,0.663093337,0.677146722,0.722690998,0.777693778,0.861124219,0.870492244,0.917511765,0.943016372,0.962246474,0.986962013
0.040368956,0.040274004,0.04162531,0.042689832,0.044305225,0.049608407,0.049423823,0.049522486,0.055691324,0.055286152,0.061249722,0.068293349,0.073567545,0.075782659,0.077847592,0.085559897,0.094165874,0.09413507,0.09770417,0.100782146,0.10717732,0.107173305,0.1072025,0.109631119,0.109994132,0.119725625,0.122263426,0.122254528,0.127020782,0.127618209,0.132384206,0.135309811,0.135297612,0.139848515,0.14166739,0.141617304,0.141682955,0.158956691,0.313307101,0.38733702,0.590121597,0.627338587,0.637362589,0.698256541,0.743779796,0.841133539,0.854509492,0.880859274,0.929441499,0.948076061,0.977750836
0.031104566,0.034213205,0.044094708,0.047006042,0.052492618,0.059325364,0.059323199,0.061782021,0.064965301,0.066063068,0.067989722,0.075216696,0.083739653,0.094310461,0.094301547,0.096085573,0.098861297,0.107470004,0.113399616,0.116129264,0.123700259,0.125862624,0.127450646,0.129404494,0.130443578,0.132739831,0.134419736,0.138376818,0.140094451,0.144415847,0.164039664,0.164059879,0.173103191,0.176166457,0.176204208,0.176158268,0.182721557,0.226113682,0.340141693,0.405802912,0.599550721,0.646045803,0.663490257,0.709482628,0.862808276,0.868466434,0.877731317,0.912154892,0.942538737,0.965819327,0.984490259
0.036138848,0.036499473,0.042814002,0.046760023,0.054240214,0.057593853,0.063192063,0.068501994,0.074444875,0.075592716,0.080385645,0.080340964,0.086753111,0.091628809,0.091992086,0.100629419,0.104271622,0.106017555,0.106021939,0.109026265,0.110489384,0.111944294,0.112689321,0.120679512,0.122857782,0.123905109,0.123941972,0.124712032,0.126109055,0.131286177,0.133272933,0.133287287,0.13752901,0.13755355,0.140130103,0.140092496,0.142247696,0.150164593,0.324190037,0.631473515,0.64201316,0.681363249,0.691404846,0.734199651,0.78044601,0.867792703,0.877861684,0.921443726,0.952903575,0.975238191,0.997463463
0.0361811,0.037524935,0.039862357,0.040668103,0.040654211,0.051690763,0.057821358,0.065027517,0.067195598,0.073357059,0.074583474,0.079616135,0.079616651,0.091187212,0.091040713,0.101669785,0.101745857,0.152817005,0.161329513,0.16197639,0.163118669,0.163180383,0.164216819,0.170761918,0.170757523,0.172315189,0.172770997,0.172742604,0.172729796,0.172771436,0.172791718,0.186818773,0.187933849,0.204612091,0.204483074,0.217726272,0.239298871,0.239219484,0.255997791,0.341683744,0.608173576,0.64904104,0.659571805,0.730268073,0.761389864,0.861693637,0.897852863,0.927504302,0.942953457,0.981311734,1.003355167
0.040546506,0.047077086,0.047112526,0.046857876,0.056133334,0.059393135,0.063334351,0.063464864,0.064299737,0.06744839,0.076692695,0.07990404,0.082781657,0.088540443,0.092141958,0.114091085,0.114103299,0.164253339,0.164467153,0.166380008,0.171332075,0.171351107,0.173465173,0.176768112,0.185620725,0.189926911,0.191070246,0.193601929,0.193629234,0.194260149,0.195410783,0.195377721,0.206007994,0.211406265,0.217547279,0.243441495,0.256651647,0.328779785,0.375606192,0.578764371,0.664242276,0.689884697,0.71939259,0.721287231,0.811875701,0.862014604,0.897255871,0.959566612,0.97193171,1.000252071,1.010301934
0.032962695,0.034674248,0.035186785,0.035381464,0.037574343,0.038271612,0.039602426,0.046632551,0.047292489,0.048768935,0.050175034,0.050160724,0.055923946,0.05744535,0.061969546,0.067661489,0.068720037,0.092381687,0.092331121,0.099209343,0.09920963,0.100339115,0.105268733,0.106267768,0.108814582,0.108893967,0.109324378,0.114894457,0.114946911,0.114828636,0.120231346,0.120123747,0.127762544,0.130440699,0.137998231,0.138006237,0.149756656,0.159543342,0.327764884,0.634016347,0.643161115,0.673818152,0.692470651,0.744316517,0.78477905,0.902449973,0.904240255,0.955317804,0.98763349,1.003548924,1.025726166
0.031237475,0.039555473,0.039415031,0.04433018,0.045093475,0.05069529,0.055037556,0.058519295,0.060211556,0.061779105,0.063898078,0.072297382,0.0744222,0.078457043,0.078329433,0.081040859,0.084802256,0.085529075,0.098794783,0.099511896,0.10162554,0.11184175,0.111847257,0.112442111,0.121923762,0.121913591,0.121940616,0.121914576,0.122592203,0.141662934,0.141693077,0.149050879,0.153960654,0.154030477,0.162941461,0.162623019,0.162506971,0.162636797,0.312702448,0.60238432,0.617666141,0.639560431,0.645598262,0.697207549,0.755590188,0.84065377,0.844219716,0.895217007,0.936091468,0.955877966,0.978425855
0.033444981,0.032666511,0.033234475,0.032769395,0.033302502,0.03316413,0.044094699,0.044198097,0.046571331,0.047587757,0.051447488,0.064816095,0.064911296,0.066107954,0.088140423,0.163660631,0.165058979,0.16501826,0.186353215,0.187215325,0.188660062,0.18943744,0.189430716,0.189844736,0.189849837,0.197220702,0.199128914,0.199157599,0.201018527,0.201696055,0.201634366,0.20169485,0.20169989,0.216542923,0.233820315,0.239573777,0.251215973,0.261054936,0.349891984,0.374402602,0.604821224,0.649334566,0.674867484,0.703915334,0.748166005,0.753437014,0.842952965,0.856210644,0.920927586,0.934855298,0.956838768
0.02795924,0.032672762,0.035381282,0.0349877,0.037727355,0.038094681,0.038774708,0.042081416,0.042255811,0.044319304,0.047321303,0.047866349,0.049679939,0.057179398,0.059593975,0.059669097,0.059860248,0.063447257,0.073865932,0.077835127,0.090116205,0.097469611,0.104545321,0.109577828,0.112554547,0.119096582,0.119896662,0.120191287,0.120144322,0.126999993,0.12701843,0.128779073,0.128723784,0.142301121,0.142310401,0.143768737,0.143704626,0.15856665,0.340090906,0.651100847,0.668811052,0.687930694,0.715375148,0.77741048,0.828016666,0.911419173,0.930859058,0.979669788,1.011902085,1.035082154,1.058052816
0.035790278,0.044569328,0.045025349,0.047040582,0.048307323,0.049310968,0.056744071,0.05682232,0.056790052,0.088546124,0.164213493,0.179476947,0.18599656,0.192700326,0.202279821,0.202269429,0.204763819,0.210796957,0.211844834,0.213236988,0.215156362,0.21489339,0.215983734,0.215928,0.216018523,0.216227503,0.217662744,0.226676372,0.228550307,0.228667871,0.23039908,0.235084439,0.249279573,0.249238083,0.25015383,0.2749618,0.283735741,0.362219878,0.388773722,0.499331045,0.52351832,0.556171244,0.68767177,0.801066692,0.811513562,0.872548591,0.907223664,0.91513302,0.970306876,1.001332389,1.019946424
0.033899776,0.034433856,0.039773871,0.045191427,0.053170052,0.0541197,0.054148204,0.059774624,0.060769933,0.061746907,0.069675798,0.073077293,0.081700721,0.081734519,0.08611705,0.092735408,0.104555691,0.104619558,0.104447349,0.105656147,0.106799073,0.117336647,0.123366328,0.123419063,0.123408724,0.12374802,0.124880356,0.14414067,0.145203467,0.149664281,0.150735112,0.150718484,0.150734729,0.150677359,0.1506818,0.166347515,0.196984463,0.20640613,0.322163986,0.439068798,0.618931635,0.635770798,0.641169182,0.644437618,0.749046466,0.802162242,0.88987077,0.891291593,0.946374799,0.959745363,0.976593888
0.027304425,0.028359293,0.031276314,0.037336401,0.037141782,0.042209941,0.044542392,0.049868562,0.050247206,0.053616609,0.053271772,0.057904692,0.059875997,0.065382126,0.069346107,0.077275342,0.09215841,0.098790065,0.098996354,0.111498746,0.115014963,0.117537193,0.120731142,0.123844921,0.123825511,0.123867601,0.128777581,0.128894271,0.129272138,0.12929208,0.140593338,0.140604765,0.145965423,0.145960909,0.148200875,0.148127353,0.148150487,0.173214098,0.363195001,0.597246901,0.627978346,0.667245953,0.676486465,0.794273085,0.817351935,0.869489164,0.886564532,0.914214604,0.933122216,0.968146671,0.988055018
0.035069505,0.034921849,0.035031455,0.037736217,0.038742788,0.041301645,0.048273384,0.049456966,0.056418071,0.056317457,0.058688331,0.06358058,0.066973012,0.066730861,0.067679049,0.089626899,0.089476785,0.089534646,0.096662711,0.097087964,0.098168924,0.106517926,0.107682789,0.109966767,0.110579677,0.112298555,0.113717827,0.125998164,0.13009605,0.130316764,0.131199551,0.135595613,0.137783007,0.137776238,0.143088167,0.143358585,0.143331097,0.161496201,0.304692137,0.337425054,0.593559533,0.638114011,0.69534669,0.761040972,0.84820743,0.853318534,0.861725661,0.906082179,0.908262625,0.96210731,0.977982528
0.040287428,0.040119886,0.041093458,0.044012122,0.052139826,0.052370921,0.052622597,0.052311037,0.053396462,0.060520171,0.060887924,0.067678977,0.068752034,0.071877456,0.081420975,0.084304716,0.095105827,0.095081561,0.096557167,0.100023575,0.10595731,0.115936117,0.117182157,0.118693303,0.120085191,0.126109896,0.142057266,0.14310708,0.143739815,0.143769106,0.160204133,0.161015215,0.162383223,0.162418545,0.162294135,0.170241335,0.192937597,0.205498048,0.316891213,0.598593435,0.639796524,0.642775803,0.656861444,0.745255274,0.760309441,0.831051709,0.854242169,0.861786685,0.914068799,0.948887601,0.951810901
