0.024581937,0.025291112,0.025606617,0.029509471,0.032149486,0.032826271,0.033244998,0.033413887,0.03357505,0.034880272,0.035611082,0.035665053,0.035192691,0.035366227,0.037397556,0.037065663,0.038222617,0.038290739,0.038375625,0.039376354,0.041830425,0.041971004,0.042171062,0.042587194,0.04358925,0.044255906,0.044774775,0.056847598,0.058481739,0.063102872,0.073508539,0.073405828,0.073865097,0.073943269,0.074032997,0.077664883,0.077806076,0.077833206,0.084615106,0.194594819,0.194823691,0.203279969,0.226763331,0.256202624,0.261853806,0.274362388,0.30280916,0.303962692,0.30470404,0.308535071,0.308885749
0.024481299,0.025606794,0.025861664,0.026346258,0.027665614,0.028034847,0.029022253,0.028918263,0.029038439,0.029020113,0.02949755,0.030102877,0.030207919,0.030566325,0.030694213,0.033067224,0.03365882,0.033869077,0.034185918,0.034321535,0.03442378,0.034892623,0.036445867,0.036466891,0.037165292,0.037346648,0.039186559,0.045897519,0.046070075,0.047088044,0.047564255,0.047749963,0.048361107,0.061519786,0.064836573,0.066006132,0.074426188,0.074457306,0.08459713,0.190587029,0.196616014,0.200954989,0.227750932,0.255392502,0.260833404,0.262888936,0.299781541,0.300516285,0.302034807,0.307764065,0.30823391
0.029182719,0.029145241,0.02892892,0.029194542,0.030587492,0.031312807,0.031564876,0.032399461,0.03350813,0.034198995,0.034117703,0.034727435,0.035245041,0.036710278,0.036951369,0.037272679,0.037498828,0.040261161,0.042244715,0.043292284,0.04534322,0.045375866,0.046319971,0.047536267,0.048640262,0.070054613,0.071529993,0.071552656,0.071582613,0.071650739,0.071916521,0.071960115,0.071983777,0.072068377,0.072083415,0.072131873,0.072168191,0.088416595,0.161845798,0.262002493,0.274657198,0.278084599,0.314486887,0.334523243,0.339419425,0.356417822,0.392932846,0.396612246,0.397893654,0.403346707,0.404112752
0.020812789,0.022567121,0.023142347,0.024875918,0.025450694,0.028551482,0.030095927,0.030719323,0.030684966,0.031555216,0.031617967,0.032227763,0.032989758,0.033050128,0.033102966,0.033677123,0.033778604,0.034108857,0.034221674,0.034585975,0.034287684,0.03545202,0.036656884,0.036717038,0.036701603,0.037835043,0.059480059,0.05993557,0.060590198,0.061906914,0.063405938,0.063961644,0.064421613,0.064999106,0.067118318,0.066805706,0.072336437,0.079614476,0.086307982,0.339080323,0.347368828,0.355204761,0.388112417,0.416834355,0.421522066,0.424410352,0.467639545,0.469547675,0.472495829,0.47920897,0.479361815
0.023304535,0.025556309,0.026006616,0.026857533,0.027589913,0.02815925,0.028544208,0.029541635,0.031720263,0.033145812,0.033132046,0.033185891,0.03392087,0.034830596,0.034907205,0.035392936,0.03548594,0.035895667,0.035947115,0.035956463,0.036364479,0.036830619,0.036811111,0.037366943,0.237164609,0.237673666,0.237672593,0.237773846,0.238599329,0.239530279,0.23906805,0.239433155,0.23978547,0.240136024,0.240787358,0.241131893,0.25484923,0.254830147,0.254778358,0.406247799,0.420889161,0.429244265,0.462772813,0.490792994,0.5058604,0.519893083,0.561292272,0.563448979,0.565232028,0.56824782,0.569832986
0.021841934,0.022075782,0.023970249,0.025462506,0.027704996,0.027779686,0.027635896,0.028058969,0.03033354,0.030243301,0.030273524,0.032932688,0.033436242,0.034686893,0.035308783,0.035299746,0.035758059,0.035781133,0.035780274,0.037203767,0.037204839,0.03744408,0.037778287,0.037839132,0.038230097,0.0380429,0.048932398,0.049182196,0.049225575,0.049613057,0.049931055,0.049939653,0.050192109,0.05064037,0.226411893,0.231962408,0.23379003,0.240837624,0.247341065,0.381394991,0.384314202,0.410006371,0.443303908,0.478936657,0.488416502,0.506950059,0.547857042,0.55000794,0.551655688,0.555796259,0.556015766
0.022327552,0.022858691,0.022991229,0.023249591,0.025135105,0.026492135,0.029390355,0.031382964,0.031513025,0.031489736,0.031841013,0.033072906,0.033592362,0.033644686,0.034244102,0.03435373,0.03453096,0.03498799,0.035252833,0.035304445,0.036666284,0.036712113,0.036762886,0.037007905,0.20978795,0.209881325,0.20993793,0.209909949,0.209971013,0.210005254,0.210021998,0.210123649,0.210141678,0.210446595,0.210486171,0.21054584,0.211490066,0.214240278,0.221193827,0.38707664,0.396306365,0.398081853,0.440960443,0.479507942,0.48390084,0.497946477,0.542065601,0.544501579,0.547618879,0.554060866,0.554455031
0.028961414,0.029431409,0.029897288,0.03090282,0.031307771,0.032037055,0.032772793,0.032933389,0.033057201,0.033271498,0.033432741,0.035528065,0.035555689,0.035790205,0.037888099,0.037684619,0.038297044,0.039420039,0.041218988,0.041244406,0.043222482,0.043413524,0.044989744,0.046080716,0.047266956,0.048232225,0.072055992,0.072110932,0.072180855,0.072471985,0.07307685,0.072589575,0.072848756,0.072952327,0.072981411,0.073057677,0.08864911,0.088613192,0.105592354,0.200652112,0.201744404,0.216392274,0.245997637,0.273587691,0.28005166,0.294474127,0.324871213,0.327165282,0.327240713,0.335816336,0.336056001
0.023524118,0.024198361,0.025214227,0.026295326,0.026932108,0.027101505,0.027380526,0.0276933,0.029253724,0.030851,0.031179213,0.032155718,0.033373339,0.03397789,0.034655555,0.034645978,0.035059192,0.034574978,0.035149508,0.03499663,0.035018413,0.035588454,0.036078557,0.036412091,0.036432861,0.036755391,0.211514213,0.211510051,0.211579055,0.211879475,0.212861025,0.212092907,0.21213613,0.212200239,0.212221768,0.212542476,0.224572834,0.224636609,0.234721457,0.358932094,0.359812516,0.372012304,0.398190211,0.420567549,0.423929917,0.442799893,0.475736155,0.479480025,0.480773937,0.488566748,0.489371853
0.022093099,0.023240968,0.024499966,0.024561182,0.026545773,0.026697869,0.027217938,0.02856489,0.028721046,0.029576445,0.031223015,0.032269594,0.032419384,0.032580122,0.033601358,0.033589097,0.034115255,0.03469275,0.035198357,0.03560373,0.036204639,0.036391804,0.036503018,0.036440633,0.03652226,0.036435029,0.037626184,0.038527019,0.038569971,0.03864753,0.059573873,0.061136484,0.061602696,0.061613271,0.062840649,0.06290728,0.065266432,0.064587962,0.236147739,0.340622799,0.346364721,0.353510743,0.378257632,0.405791158,0.410111936,0.42163149,0.449575848,0.452258618,0.452940952,0.459453467,0.459954421
0.023904211,0.02471298,0.025848477,0.026319801,0.027975109,0.028442439,0.028776963,0.028607358,0.029290652,0.029710416,0.032403163,0.032675531,0.033227406,0.03400148,0.034281333,0.034511387,0.034647641,0.034624644,0.034697273,0.034574914,0.03492667,0.03617417,0.037600476,0.037922788,0.038496579,0.039827838,0.197716341,0.19844137,0.206991094,0.207236514,0.207348424,0.207549436,0.207380492,0.207386963,0.207393096,0.207436938,0.211079564,0.218734538,0.21877053,0.352361114,0.361888574,0.36785462,0.389115896,0.41350918,0.420079544,0.4378576,0.47247438,0.474495218,0.475502749,0.480533824,0.480659978
0.026650343,0.027144528,0.027064324,0.026898523,0.027047812,0.028166868,0.02841609,0.029245938,0.030920526,0.030968215,0.031157526,0.032151553,0.032447866,0.032549076,0.033795642,0.034538307,0.034959274,0.035297228,0.035549917,0.036052969,0.036155913,0.0361648,0.036704634,0.036763113,0.037529423,0.037546971,0.03829904,0.040173651,0.043876656,0.053023607,0.053244567,0.053385103,0.053560671,0.053730648,0.053773446,0.054120201,0.236224209,0.239886381,0.248867806,0.365740695,0.369307228,0.39019262,0.435252478,0.454068179,0.467355033,0.485426903,0.521193795,0.524596642,0.524855035,0.533121171,0.533932937
0.022905555,0.024561465,0.026026673,0.026507898,0.02711277,0.027285101,0.028977254,0.029482379,0.029919284,0.030430152,0.030670265,0.03087925,0.032472617,0.032216558,0.032594459,0.032663063,0.032713495,0.033089889,0.033858276,0.034601604,0.034879101,0.035033395,0.035919508,0.035505403,0.035960373,0.035991508,0.036093559,0.037898914,0.043830739,0.044082924,0.044880995,0.045036101,0.046239082,0.053861326,0.055568752,0.055644206,0.061621329,0.067377094,0.068914918,0.18442952,0.196678667,0.200532221,0.219733774,0.240514425,0.241982492,0.254713634,0.284207947,0.284779371,0.28626998,0.292093224,0.29233197
0.022674457,0.025355913,0.026225625,0.028009432,0.028926051,0.029194373,0.03014176,0.030056561,0.029812394,0.030333644,0.031334646,0.03203634,0.032821593,0.033137617,0.033818036,0.033887045,0.033776024,0.034700107,0.036040109,0.212351158,0.212634456,0.213365927,0.212722591,0.213064248,0.213112623,0.213407271,0.213448922,0.213520279,0.213544892,0.213605558,0.221166285,0.222676659,0.222817654,0.222807575,0.222933769,0.233437802,0.240255412,0.241524575,0.284333784,0.554191173,0.567547882,0.578514132,0.615737774,0.616550534,0.655830855,0.676614362,0.698144535,0.717876031,0.720728388,0.726377836,0.726580786
0.023521914,0.025862983,0.026706517,0.026839725,0.026933934,0.02760412,0.027793129,0.028401951,0.028521838,0.029324476,0.029746798,0.031115568,0.03147039,0.032314959,0.033171273,0.03340072,0.033314321,0.033482436,0.03408456,0.03454888,0.034922035,0.035233078,0.036061093,0.036678938,0.039077086,0.039804288,0.200110522,0.201083098,0.201132228,0.201625554,0.201737988,0.202849385,0.202977588,0.20922854,0.209233285,0.211468047,0.213081393,0.213078954,0.258310839,0.378654162,0.393788496,0.397728515,0.442664749,0.475139066,0.482837006,0.494834241,0.539060094,0.541440522,0.541467218,0.552570239,0.55469671
0.021890742,0.024586213,0.025567773,0.025605322,0.026159325,0.026806831,0.027921218,0.028511012,0.029380539,0.029439704,0.029447577,0.031798966,0.034993257,0.034896171,0.035392684,0.035862482,0.036359084,0.036275766,0.036529231,0.036574162,0.036582495,0.036949098,0.037057104,0.037055727,0.038041266,0.044703544,0.069529318,0.069590255,0.069893653,0.069971156,0.069962875,0.070087831,0.070258303,0.070146914,0.071559274,0.071038577,0.085955627,0.085993638,0.238037796,0.339624536,0.344350063,0.354133285,0.389851238,0.418129886,0.419533084,0.435645781,0.466605569,0.474029179,0.47406871,0.481100916,0.481267066
0.026511835,0.026586175,0.026554893,0.026716515,0.02688782,0.02695249,0.02845754,0.029720744,0.030902045,0.031809011,0.031778671,0.031762902,0.033488388,0.034573869,0.034609723,0.034962129,0.035329691,0.035458937,0.036697499,0.036768627,0.036817057,0.037842577,0.037914327,0.038787229,0.063589153,0.064032231,0.064481199,0.065338268,0.065821451,0.066705999,0.066708404,0.068269549,0.068087908,0.068345963,0.06902918,0.069317293,0.252747128,0.252747703,0.262930893,0.403896893,0.406296997,0.41514869,0.445494165,0.491193377,0.49707382,0.520963474,0.557307688,0.557535336,0.561066834,0.571017821,0.572089278
0.021806791,0.025202044,0.027054986,0.026886843,0.027406529,0.02791256,0.028288908,0.028542497,0.029120556,0.029357631,0.0293187,0.032145467,0.032910444,0.032886843,0.033210011,0.033309313,0.033345448,0.033307987,0.03345508,0.033919365,0.03433571,0.034627817,0.035017558,0.037672804,0.037719152,0.037789483,0.037798227,0.038106105,0.042883232,0.053980211,0.054192166,0.05434667,0.055075531,0.055212076,0.055899419,0.058297552,0.063244405,0.069275283,0.078640738,0.174815236,0.181613197,0.189782458,0.202134482,0.226826454,0.247702025,0.267558212,0.313896096,0.326808684,0.331069483,0.340770361,0.340961484
0.024853872,0.026020625,0.026123404,0.026363109,0.029168442,0.029545485,0.029130947,0.029454725,0.029940924,0.030660223,0.031456071,0.031460422,0.032284662,0.032831107,0.033228239,0.033901295,0.033899266,0.033896384,0.033919764,0.034169201,0.034347496,0.21027776,0.210323137,0.210324434,0.212383002,0.210644394,0.21070526,0.210788764,0.210773172,0.210845381,0.210904098,0.210961754,0.211002036,0.211049337,0.219391294,0.219450273,0.219480318,0.234855591,0.267609624,0.397239025,0.415544812,0.416342214,0.440134687,0.448153934,0.493150722,0.51189796,0.554320834,0.557793953,0.558448158,0.565845643,0.566029169
0.022306953,0.023282482,0.024119762,0.024777174,0.025327276,0.026621441,0.027210347,0.027644857,0.028054343,0.028037967,0.033475219,0.033469523,0.033695132,0.03393224,0.034004561,0.033958635,0.033932819,0.034215116,0.034647153,0.034951516,0.066594841,0.067797014,0.067226172,0.067261825,0.068993761,0.069020435,0.069084654,0.069393641,0.069407388,0.069461487,0.069535586,0.069583206,0.078401005,0.078697527,0.078782613,0.078822138,0.086775617,0.086733527,0.257065672,0.34120305,0.347044702,0.360950516,0.390335211,0.414655623,0.417192116,0.433400956,0.440136332,0.460453422,0.46395989,0.469664535,0.469906069
0.022119872,0.023448929,0.025318393,0.025965147,0.027504694,0.028232465,0.028104734,0.027964331,0.029104432,0.029980172,0.030559471,0.032340435,0.032662997,0.033293121,0.035001724,0.034958951,0.034837799,0.035041942,0.034999521,0.035045008,0.034980183,0.035007497,0.036874795,0.036747521,0.037029246,0.03764388,0.038166788,0.038910674,0.044603702,0.045566663,0.045717791,0.045837229,0.046808564,0.046958447,0.047209343,0.061568984,0.230784018,0.231468725,0.234061299,0.386660967,0.396329188,0.414605197,0.436242022,0.47420687,0.476667577,0.501177408,0.541573638,0.543237729,0.544832339,0.552067666,0.552075953
0.021283341,0.022964846,0.02344985,0.026409889,0.027381708,0.027333075,0.02759263,0.027622674,0.027862617,0.030067218,0.030647139,0.031029464,0.031096824,0.031117362,0.031207997,0.032264997,0.032783357,0.033221538,0.03354454,0.034922363,0.035237564,0.034979318,0.035261846,0.035916417,0.03622719,0.046086884,0.056360157,0.067147923,0.066665545,0.067116945,0.067205289,0.067562555,0.067576211,0.067622677,0.069467641,0.071592165,0.07544827,0.082905951,0.086362549,0.345622758,0.358009736,0.361368261,0.38862595,0.39344136,0.421923179,0.435281841,0.466191133,0.468833406,0.469057401,0.475386022,0.475579458
0.022306112,0.023178014,0.023450974,0.025721608,0.02661374,0.026575984,0.027295544,0.027951273,0.02862019,0.030413158,0.031438579,0.031881098,0.032216515,0.033895882,0.033909358,0.034527873,0.034913486,0.034559729,0.035937546,0.037690734,0.038013739,0.038087204,0.038323972,0.038613446,0.038794884,0.20525707,0.207076566,0.207113012,0.207156967,0.207392235,0.207403799,0.207484869,0.20753975,0.20757676,0.207647334,0.20773173,0.211190781,0.223067639,0.249059338,0.343834755,0.354704275,0.361285472,0.389543887,0.409869839,0.413114546,0.421895666,0.45394907,0.454404566,0.458845823,0.463496481,0.465068497
0.02459995,0.0259796,0.026563577,0.027192342,0.027323238,0.02799997,0.029433727,0.030663827,0.031527115,0.03246565,0.032378572,0.032898747,0.033485279,0.033381276,0.033482758,0.034032192,0.035894771,0.035911881,0.03617785,0.036244395,0.036488625,0.03621106,0.03654484,0.039591426,0.039657311,0.039694361,0.057864313,0.069248295,0.070775844,0.070208281,0.070494399,0.07052448,0.070616809,0.070641729,0.070878096,0.070704843,0.082588356,0.086273937,0.255963471,0.357172885,0.369965121,0.378521008,0.40635859,0.432603546,0.442435001,0.45578014,0.481349272,0.487219335,0.488640704,0.495665271,0.495877198
0.024142024,0.026425374,0.026561817,0.026481531,0.027266473,0.027858938,0.029402098,0.029688378,0.029671773,0.030950774,0.033431621,0.033560838,0.033417089,0.033465991,0.033670015,0.034269018,0.034683868,0.034845927,0.034987164,0.034929119,0.034946473,0.035185887,0.036868202,0.069297362,0.069972423,0.06939136,0.069398964,0.069782004,0.06987928,0.069932334,0.070024392,0.070073132,0.070194961,0.070401185,0.070538383,0.070532711,0.086576578,0.086591996,0.090070121,0.201680294,0.208836256,0.209222965,0.227415323,0.269927595,0.273829685,0.290168613,0.326044509,0.329587468,0.330266601,0.33400435,0.335978586
0.021539343,0.022040735,0.026082921,0.026426656,0.028611886,0.029028088,0.029439824,0.029342967,0.029288923,0.029413974,0.030463521,0.030843705,0.031253624,0.031405636,0.031426256,0.032269678,0.032625211,0.033061242,0.033333839,0.033829622,0.034135326,0.034181856,0.034764369,0.035380435,0.035888417,0.035996427,0.038700052,0.038615074,0.039035076,0.039168414,0.039304141,0.044248427,0.045398152,0.045553519,0.060482419,0.062244135,0.065155062,0.074396559,0.074617572,0.189152976,0.193198944,0.19733726,0.216675704,0.242921118,0.245830495,0.262747863,0.296162804,0.297849403,0.297950495,0.302874713,0.303265578
0.022884916,0.022843833,0.024964443,0.026332105,0.026866098,0.027442091,0.028035825,0.02814288,0.028821051,0.029469345,0.030125414,0.031671863,0.033207857,0.033562813,0.034156006,0.034667733,0.034737204,0.034419232,0.034950934,0.035078777,0.036161485,0.036182497,0.07076607,0.072135292,0.072173198,0.072255013,0.072247698,0.072668223,0.072661896,0.072982317,0.072994096,0.073047523,0.073358473,0.08161145,0.08193758,0.081902746,0.089866199,0.089831525,0.244170628,0.336066124,0.368662681,0.371422319,0.402154951,0.415760437,0.433856633,0.448067302,0.474149491,0.481638295,0.48299868,0.488504811,0.488630467
0.029662862,0.02947186,0.029515302,0.029437255,0.030995834,0.030901453,0.030963681,0.03116368,0.031897042,0.031404895,0.032274207,0.034429094,0.035000217,0.035294133,0.034408799,0.034243744,0.035088752,0.035819473,0.034617519,0.035883708,0.03624635,0.035023692,0.036654212,0.03713449,0.039748612,0.040585879,0.042816043,0.042715696,0.042919353,0.046740407,0.048207055,0.049479251,0.049675436,0.049560242,0.050274274,0.050409121,0.070542132,0.076923774,0.076935711,0.18655165,0.195295911,0.201421869,0.218687451,0.239845838,0.245523012,0.260594225,0.293511664,0.296568352,0.297174116,0.304322214,0.304532209
0.029001731,0.030739531,0.030760283,0.030602454,0.030840232,0.030685105,0.031908274,0.032057725,0.033642103,0.033958433,0.034656551,0.035527401,0.037097127,0.037393948,0.037007066,0.037539828,0.03757652,0.037592451,0.037741134,0.037822843,0.03785725,0.037931867,0.039076537,0.040966781,0.042582978,0.042645545,0.042754666,0.043043429,0.042993399,0.04351532,0.045572883,0.062532824,0.062537162,0.063406291,0.064357986,0.065347542,0.071804189,0.083581597,0.083564897,0.200166802,0.202549271,0.209492211,0.233696818,0.262382749,0.267748683,0.283647332,0.313151645,0.314807712,0.31568643,0.319156241,0.319298038
0.024258005,0.024230998,0.027964593,0.028385746,0.028434362,0.029137889,0.029348787,0.030374201,0.030260781,0.030940742,0.032125549,0.032287578,0.033925955,0.033979853,0.033901626,0.033996059,0.033632454,0.033933136,0.034137516,0.034565064,0.03523475,0.034994526,0.035415191,0.037543128,0.209205037,0.209369397,0.210040498,0.210954457,0.212011049,0.217767402,0.218070526,0.218084796,0.218120607,0.218148061,0.218212652,0.21934391,0.221601605,0.225416784,0.229188617,0.40080899,0.409591816,0.414369251,0.44935551,0.492114553,0.49549771,0.515669887,0.559810641,0.562714886,0.564015727,0.571383697,0.571610974
0.022869217,0.024598734,0.027270348,0.027751021,0.027758653,0.027804021,0.028059812,0.029252135,0.030121956,0.030323382,0.031733395,0.032377663,0.032539003,0.033164898,0.033298888,0.033375644,0.033531241,0.033807904,0.034268225,0.034853256,0.034972484,0.035300009,0.036833392,0.060337986,0.060551967,0.062320573,0.062373289,0.06670701,0.066775231,0.067231545,0.067585236,0.068088262,0.069311676,0.07117202,0.071307474,0.071316584,0.07202637,0.078640443,0.078630725,0.430872102,0.45272636,0.456780317,0.504702128,0.541032757,0.556018243,0.572218471,0.618911238,0.622516784,0.627388189,0.637893628,0.638594923
0.022788525,0.024261526,0.024724586,0.025137652,0.026423968,0.027766092,0.028367713,0.029620717,0.030338658,0.031775706,0.03237255,0.032505422,0.032352444,0.032684156,0.032646261,0.03331534,0.033950334,0.034231481,0.034523956,0.034820575,0.03528185,0.037591675,0.037606721,0.038465325,0.038499803,0.038578947,0.202254562,0.203834522,0.203986388,0.203917839,0.204365161,0.208134371,0.208137987,0.208927159,0.210103205,0.211096697,0.212045522,0.216192771,0.216251418,0.3813848,0.390976781,0.401127494,0.436536042,0.462366353,0.476029257,0.490252697,0.527318329,0.52893379,0.530365004,0.541948751,0.542738393
0.024173587,0.024501014,0.024954507,0.025520968,0.02590522,0.025546198,0.026778479,0.028065864,0.02972524,0.030630895,0.03104134,0.033361013,0.03324368,0.032522387,0.03299827,0.033457203,0.034232572,0.033795994,0.034080585,0.032551626,0.034433744,0.034147639,0.209445164,0.209433447,0.209456977,0.209370509,0.209620298,0.209684038,0.209773116,0.209659425,0.20956406,0.209867604,0.218460479,0.219359961,0.219360265,0.219439071,0.233777457,0.234218998,0.266876454,0.36764871,0.385714105,0.392829216,0.419992567,0.448707921,0.453290546,0.475969729,0.504335675,0.510300852,0.513165505,0.514761973,0.517052325
0.023300129,0.025346117,0.025702171,0.025972648,0.026357302,0.026778819,0.027755549,0.029206207,0.02937961,0.032346442,0.032517246,0.032674892,0.033860136,0.03382139,0.034417299,0.035366094,0.035420645,0.035561634,0.035515582,0.035533775,0.035625966,0.035617207,0.035694828,0.035745157,0.03715333,0.037845325,0.210074468,0.210330822,0.210434551,0.210484584,0.21052587,0.210649928,0.210659394,0.210638368,0.210644796,0.213876864,0.220093245,0.222313939,0.222749606,0.377488341,0.387517501,0.393681579,0.430288487,0.457653701,0.468807603,0.480546066,0.517894771,0.519216925,0.52096317,0.53384909,0.534863395
0.022757289,0.022938866,0.02297709,0.02568063,0.025877177,0.028052086,0.02821503,0.029043948,0.029019238,0.029458555,0.029922658,0.032306139,0.032676288,0.032704569,0.032768902,0.032731531,0.032729836,0.033092778,0.034560847,0.034669094,0.034901732,0.035756072,0.035807744,0.037085502,0.037908759,0.038105287,0.038143179,0.038938649,0.039322921,0.039931495,0.208008536,0.208261964,0.208300325,0.20831647,0.208351219,0.208390962,0.211440273,0.219915264,0.255692342,0.358584223,0.360596885,0.366412137,0.398990999,0.421907909,0.427488727,0.442649446,0.480246559,0.483879423,0.484528881,0.492031084,0.492270095
0.022663292,0.023568262,0.024911355,0.025575469,0.026118542,0.027310089,0.02867378,0.028866891,0.029629011,0.031886983,0.03185894,0.032734223,0.032649055,0.032952838,0.033016482,0.033366592,0.033728127,0.034135217,0.034081212,0.034640272,0.0350245,0.035353639,0.035801661,0.038941161,0.044623263,0.045849608,0.045896904,0.045972815,0.063200479,0.066315499,0.066665832,0.067036727,0.067117847,0.069016419,0.069935783,0.071244552,0.072038415,0.074896281,0.081767643,0.197776019,0.202022866,0.206068083,0.238390983,0.270208725,0.271549312,0.284886489,0.307022628,0.310976662,0.312727947,0.318897212,0.319388702
0.022473075,0.024497801,0.024845406,0.025493054,0.025817625,0.028101695,0.028418878,0.029489283,0.029923202,0.030529818,0.031087939,0.031652511,0.033159339,0.033955366,0.034903105,0.034969324,0.034953234,0.035004567,0.035166692,0.035733096,0.035417475,0.035778404,0.035831145,0.035516754,0.037205793,0.044551952,0.044635247,0.045655086,0.045675654,0.046022349,0.215805848,0.217019643,0.218012576,0.218797394,0.220253142,0.222306903,0.223171543,0.229567003,0.233021105,0.359261349,0.36446854,0.368193033,0.399625519,0.426597552,0.429448966,0.446324417,0.484214189,0.48423239,0.485318875,0.493559267,0.494316423
0.024999063,0.02511156,0.02515875,0.026401664,0.027791558,0.029680718,0.029573764,0.029780194,0.032223983,0.032411038,0.033043924,0.033054335,0.033419621,0.033751256,0.034031939,0.034404171,0.034131674,0.034493729,0.034532017,0.03472622,0.034822512,0.035018068,0.036199731,0.037839635,0.043471419,0.044770532,0.06195676,0.064562546,0.06487194,0.065047962,0.065303506,0.065278236,0.066904266,0.067371411,0.068607767,0.067854391,0.067888943,0.246129633,0.246128481,0.418547645,0.425609604,0.426273892,0.489654155,0.531517087,0.53399288,0.550580807,0.604418126,0.607642894,0.609038568,0.616032053,0.616504464
0.023541568,0.025761362,0.025718131,0.026670485,0.026905892,0.027239109,0.028040615,0.029256825,0.029949003,0.030248279,0.031789827,0.032135807,0.034418871,0.034616257,0.034646316,0.034520622,0.034671135,0.034687468,0.035127812,0.035173261,0.035178348,0.035244287,0.035308379,0.035607125,0.035639179,0.035683945,0.035972677,0.038480945,0.057404482,0.061873921,0.061876954,0.061929588,0.061946701,0.061969793,0.064719966,0.067409616,0.070274356,0.083113778,0.083104618,0.49988861,0.510513394,0.516800276,0.557388069,0.590024169,0.594771716,0.617707377,0.655958407,0.657079839,0.660184615,0.66543869,0.665657215
0.023993039,0.025187739,0.025980475,0.026959596,0.026807032,0.02766149,0.027543555,0.028621672,0.030465836,0.031160585,0.031234138,0.03209602,0.032912826,0.033184555,0.033725921,0.033942945,0.034234236,0.034509808,0.224363113,0.225371832,0.225690042,0.22573575,0.225788092,0.225850599,0.226443621,0.226503828,0.22654671,0.226582292,0.226641099,0.226699494,0.230389294,0.235487465,0.235538498,0.235597656,0.235634773,0.235691607,0.260471857,0.260586053,0.288267528,0.416430546,0.442679415,0.447245593,0.488949144,0.526489774,0.531896808,0.542983349,0.552887373,0.58447745,0.586553319,0.598410092,0.599156861
0.022250634,0.023593718,0.026810512,0.026914115,0.027782855,0.028776634,0.029098424,0.03090251,0.031185416,0.031370096,0.032455143,0.03354524,0.033605955,0.03372541,0.033610115,0.033784837,0.033885401,0.034268109,0.034263349,0.034932361,0.035402733,0.038858432,0.038889102,0.199256516,0.20091667,0.207788225,0.20778617,0.20808967,0.208078346,0.208146599,0.208501574,0.208563449,0.20892695,0.210777335,0.211362868,0.211582004,0.212887342,0.21567169,0.22265313,0.354811126,0.365890857,0.3717978,0.397368153,0.414224039,0.417631471,0.432070048,0.466682315,0.471694166,0.472969037,0.479003211,0.479540705
0.02228627,0.023698243,0.024900774,0.025744228,0.027272937,0.028095233,0.028432033,0.029575117,0.029523659,0.02954076,0.029393566,0.030081881,0.031290774,0.031320905,0.032518798,0.032538493,0.032520618,0.032995588,0.034300203,0.03448504,0.034828145,0.035314132,0.035530077,0.035864851,0.035920805,0.037570778,0.038171359,0.038729317,0.038818545,0.039575246,0.048622281,0.048575256,0.049055302,0.049123908,0.04944756,0.049733021,0.068214532,0.076451827,0.090439653,0.188152474,0.191988882,0.199640888,0.227939231,0.251506447,0.257221579,0.27430249,0.297515548,0.300211611,0.300954464,0.306192908,0.30656749
0.023287582,0.022596861,0.023054545,0.024331116,0.024094163,0.027347425,0.028350283,0.027870803,0.027680541,0.028318298,0.030356328,0.030499821,0.031071968,0.031906593,0.0314733,0.032337861,0.033350212,0.032432591,0.033866224,0.033341792,0.033119903,0.033726584,0.034512177,0.034595531,0.034546161,0.034682436,0.037138509,0.03781597,0.037840938,0.038961377,0.199003792,0.204058198,0.204137043,0.204757111,0.205824746,0.214149795,0.210744993,0.217121215,0.241355755,0.367656474,0.389894808,0.394763019,0.434020886,0.461778617,0.473385847,0.485705691,0.524209342,0.526476064,0.526759745,0.536464514,0.536664557
0.023635387,0.025589704,0.025683528,0.026270394,0.028802679,0.029381922,0.030221069,0.030050149,0.030964279,0.031296386,0.031246295,0.032606592,0.03319442,0.033336232,0.033902273,0.033999238,0.034207259,0.034275406,0.035294245,0.035332176,0.035207397,0.035432972,0.036116699,0.036371121,0.204612131,0.204686475,0.204748119,0.205030559,0.205087844,0.205364791,0.20545844,0.205477805,0.206047184,0.208482385,0.213528685,0.21352928,0.213559895,0.228070338,0.22841579,0.541556999,0.548599118,0.557300565,0.606326596,0.630159757,0.636146311,0.669755525,0.71336015,0.715116936,0.717681756,0.723970048,0.724144073
0.023674886,0.02344299,0.02451666,0.026939982,0.026272159,0.025678681,0.025379068,0.026157762,0.027356745,0.02804662,0.02835359,0.031393372,0.032352209,0.032630176,0.03146061,0.032950505,0.033116561,0.033122587,0.03301081,0.033008375,0.032989471,0.035667366,0.036309243,0.037773315,0.037890465,0.041278461,0.049548027,0.0505382,0.050542347,0.051041554,0.0516242,0.051025636,0.050998066,0.051197152,0.051059761,0.051568613,0.069148204,0.069568234,0.076018776,0.33539693,0.339285954,0.341159385,0.380248875,0.401331211,0.40116093,0.422781771,0.453384287,0.45684384,0.458992991,0.463167891,0.462939768
0.025418348,0.025031825,0.024296922,0.024366722,0.024876195,0.026021438,0.027870769,0.028913509,0.028313507,0.028749378,0.029748935,0.031557164,0.031902302,0.031869105,0.032285409,0.032937635,0.033273633,0.032991267,0.033645214,0.033969838,0.03464826,0.034497637,0.034298883,0.034520092,0.223916304,0.224384383,0.224094777,0.224240654,0.2285024,0.224298882,0.224403314,0.224684455,0.224814459,0.225188794,0.224981339,0.225357141,0.225689648,0.23148756,0.232302029,0.4030889,0.412480233,0.417205193,0.455503692,0.493896147,0.502942405,0.521747103,0.562271365,0.562806347,0.568608886,0.577253535,0.577442921
0.021516813,0.022039526,0.024821976,0.024705327,0.028196663,0.028102723,0.029160733,0.029218447,0.029332877,0.029743411,0.031680929,0.032398743,0.033905266,0.033915055,0.035289219,0.035167709,0.035658925,0.035619828,0.035796788,0.0358253,0.035490649,0.035763019,0.035927274,0.036189092,0.036237528,0.036641842,0.213617804,0.213651584,0.213948941,0.215272547,0.215886853,0.215958008,0.216115556,0.21608858,0.217567754,0.222590198,0.225610776,0.225694339,0.229044137,0.316588574,0.365288159,0.368638534,0.40004927,0.419362667,0.425801938,0.438947399,0.477009879,0.479608465,0.48087856,0.487220806,0.48766345
0.023089337,0.025149785,0.025135188,0.026799585,0.02710081,0.026885896,0.027044079,0.030467063,0.030405909,0.03054074,0.031335917,0.031914081,0.032520048,0.03271226,0.033183589,0.034368178,0.034380465,0.034879692,0.034983356,0.035251028,0.035259478,0.035339693,0.036232213,0.036499793,0.036581254,0.036712674,0.220901652,0.222050361,0.221255445,0.221490627,0.22155346,0.221772025,0.221871754,0.221912424,0.221966633,0.221979043,0.231473473,0.238666608,0.239161775,0.394069353,0.413121758,0.413283525,0.457249445,0.49404741,0.498922438,0.520088296,0.558374522,0.562093587,0.562732885,0.571253185,0.571666481
0.021792464,0.025030285,0.025137396,0.025703549,0.027138386,0.027356198,0.02920158,0.029106737,0.031692756,0.031815137,0.031956075,0.03202698,0.032432179,0.032711757,0.033768014,0.034570095,0.034520353,0.034508286,0.034516036,0.034519046,0.034606361,0.03451324,0.035133114,0.035774194,0.036548939,0.03670958,0.038049299,0.03812461,0.038185086,0.040339463,0.04394976,0.044204133,0.044351214,0.044703707,0.064114308,0.070099269,0.076274065,0.079954441,0.105544309,0.199823921,0.201619435,0.208034662,0.233212723,0.260743112,0.270891064,0.285377593,0.315599735,0.316455169,0.318091802,0.322834917,0.323222074
0.022660859,0.025045624,0.024937281,0.025424706,0.026056586,0.02561932,0.026973603,0.026405247,0.028511488,0.029215671,0.028811414,0.029352727,0.030173559,0.030773731,0.032436934,0.032900099,0.033000595,0.03287745,0.031997104,0.032692711,0.03244414,0.03278551,0.032623093,0.035463886,0.196488011,0.196559386,0.197395049,0.197856435,0.197934778,0.199640936,0.203660304,0.204071539,0.2047266,0.20589814,0.207203153,0.212040109,0.209230243,0.21562752,0.219104125,0.378417362,0.387158711,0.395262005,0.432760952,0.465550401,0.471272191,0.477485213,0.520332844,0.524136414,0.527298747,0.5376387,0.53802753
0.022604184,0.024642314,0.024872664,0.02697574,0.027974225,0.028006154,0.028234863,0.02873369,0.029021301,0.029105177,0.032736894,0.032947827,0.033133485,0.03357702,0.034259529,0.034382894,0.03442978,0.034428708,0.034370794,0.034723985,0.035042016,0.03534367,0.065837926,0.066539911,0.066510139,0.066986175,0.066964227,0.066915768,0.066999513,0.067068596,0.067131778,0.06788153,0.069313726,0.069504682,0.069777635,0.075630188,0.083497657,0.083524887,0.263857322,0.347013044,0.364424388,0.370975371,0.40007053,0.428583812,0.43439429,0.449031032,0.465836976,0.477533008,0.478544512,0.487794468,0.488312437
0.028713737,0.029704139,0.030080022,0.030604932,0.031698935,0.031589664,0.031823844,0.031968969,0.032924703,0.033203012,0.034106609,0.035171151,0.036197662,0.03626077,0.036175125,0.036484506,0.037031651,0.037181152,0.036821343,0.03723221,0.03732676,0.037767273,0.041807067,0.041803546,0.04201347,0.042904708,0.043139233,0.043751345,0.064352491,0.065359076,0.066161153,0.066270726,0.066554255,0.066801928,0.068094658,0.067292455,0.067611078,0.083519732,0.097213605,0.192385306,0.195970203,0.205321372,0.227246296,0.255660185,0.26143694,0.279588276,0.305003435,0.307980559,0.311255886,0.314329776,0.314411847
0.027847192,0.028874632,0.028773625,0.02912111,0.030000687,0.030068831,0.029865415,0.0301505,0.031816858,0.032370005,0.033094819,0.034430053,0.033179243,0.033713507,0.034812545,0.035881285,0.036261441,0.035773167,0.035957847,0.035914316,0.036562968,0.036961307,0.038687981,0.038492377,0.03976704,0.040971015,0.040859188,0.041551224,0.042241964,0.042204201,0.058447934,0.060244459,0.061903729,0.062355528,0.063974191,0.068579262,0.068473343,0.080249877,0.084863612,0.196736931,0.201625546,0.202785346,0.230007281,0.26260537,0.2665545,0.280459158,0.308639823,0.310658156,0.31094743,0.316056616,0.316397229
0.022086105,0.022812382,0.025275819,0.027357221,0.028581348,0.027564815,0.027986027,0.028610332,0.028977356,0.03025685,0.030451617,0.03051074,0.031363189,0.03138877,0.031947437,0.03223663,0.032737165,0.032958991,0.033190599,0.033808504,0.03394766,0.035813799,0.062072119,0.063490755,0.066579118,0.064561301,0.066008929,0.06608989,0.066535008,0.066680551,0.066600083,0.06680468,0.067267803,0.067569604,0.069859107,0.074408996,0.074471094,0.081907117,0.08795633,0.336413182,0.357955074,0.368584776,0.401299923,0.417215535,0.429392935,0.446375344,0.481378128,0.482042159,0.483941409,0.489973567,0.49009214
0.023542055,0.02640156,0.026625411,0.026739566,0.027173155,0.027189566,0.028128779,0.029932545,0.030874105,0.031255303,0.033109101,0.033337864,0.03353079,0.033620049,0.033644206,0.033671582,0.03368806,0.034053106,0.034054467,0.034564003,0.035174676,0.035271822,0.038307662,0.038348016,0.038417673,0.038250964,0.064408376,0.064818027,0.065342539,0.065633453,0.065969627,0.066228399,0.067723141,0.069636818,0.068738994,0.068614107,0.069235951,0.074029095,0.080668952,0.199102244,0.204304752,0.20912092,0.235979577,0.269358732,0.273552921,0.28735164,0.312577114,0.315237635,0.315962816,0.321311928,0.321652282
0.024131799,0.025652499,0.026044517,0.02625816,0.026613911,0.027046394,0.028291846,0.029162648,0.029905645,0.030501021,0.030978345,0.032917399,0.033004102,0.033172391,0.033146329,0.033138903,0.03272464,0.033167851,0.033162327,0.03331846,0.033563256,0.033529602,0.03557642,0.058080825,0.059843351,0.061869032,0.062059544,0.0622089,0.062290647,0.063445996,0.067162259,0.068053162,0.069633244,0.070828949,0.071553252,0.071555458,0.07163921,0.07871449,0.078692274,0.183751514,0.192034978,0.196349474,0.226358849,0.256147099,0.260296534,0.273000441,0.303876153,0.306496625,0.307215938,0.312468472,0.312772494
0.023532418,0.02584841,0.026343062,0.025949862,0.024937339,0.026177674,0.026481143,0.02724229,0.02936393,0.029529672,0.030115889,0.030579649,0.032220872,0.03247451,0.032581787,0.032643093,0.032995544,0.033510085,0.03331749,0.03338997,0.033465655,0.03386503,0.035851231,0.042429444,0.043028195,0.043969248,0.044269873,0.045121788,0.045403861,0.045467934,0.045548987,0.061495044,0.064695969,0.064977842,0.065835542,0.068902321,0.071844986,0.234555219,0.235235817,0.433355976,0.454594341,0.469498579,0.506988966,0.554738801,0.568858295,0.583859601,0.645126871,0.646044187,0.647536569,0.661547236,0.662417493
0.02383766,0.024204211,0.024433121,0.02577987,0.02681443,0.027640509,0.028402766,0.029412944,0.029509855,0.031108503,0.032176198,0.032660497,0.032805245,0.033303636,0.033563622,0.033699284,0.034064019,0.034355586,0.034506632,0.034760739,0.035150419,0.037777178,0.044931617,0.045724052,0.068208424,0.068769504,0.068799568,0.069930852,0.069989157,0.070314972,0.070310591,0.070649555,0.070719203,0.070805903,0.070832314,0.070865181,0.070906201,0.085809561,0.085791511,0.348203652,0.353166402,0.355626458,0.395132054,0.414879481,0.422294255,0.434119701,0.472886222,0.475327696,0.47662936,0.48448014,0.484831337
0.026812141,0.027937207,0.028584341,0.028426118,0.032023138,0.03210932,0.032167312,0.033336928,0.033137183,0.033392398,0.033923494,0.034977491,0.035893624,0.036721502,0.037582358,0.037800659,0.037908121,0.037919746,0.037944492,0.041372477,0.041612605,0.042215771,0.04228537,0.042479015,0.043101864,0.043437317,0.06330275,0.062946997,0.064586092,0.065108813,0.065400653,0.066964462,0.065676583,0.06585366,0.066435595,0.066452721,0.070640671,0.083291024,0.093285447,0.185332994,0.190433449,0.199580707,0.232925255,0.262428905,0.268447988,0.274392802,0.306175689,0.308868693,0.309634704,0.315203203,0.315340822
0.027473418,0.029468352,0.030688052,0.030517381,0.030763123,0.030910702,0.031344895,0.031408548,0.031662017,0.033039913,0.033536694,0.034907667,0.034934674,0.03550162,0.035944638,0.036425283,0.036674262,0.037366054,0.037098282,0.037797868,0.039026972,0.038707724,0.039563811,0.040045829,0.04004089,0.040620441,0.064414475,0.064574433,0.065053147,0.065367144,0.068376649,0.067478557,0.067495175,0.067584641,0.067739346,0.067791822,0.075011745,0.082232017,0.082615082,0.196536493,0.19802029,0.20233408,0.231030796,0.261876044,0.265611119,0.278658679,0.303662104,0.305553287,0.307230322,0.314293228,0.314483225
0.021976219,0.025209869,0.025252232,0.025878914,0.025853436,0.026198948,0.027089646,0.028208769,0.029048477,0.030494628,0.030570772,0.031694214,0.031858433,0.033603405,0.034203117,0.034292773,0.034175854,0.034277909,0.034307985,0.034910495,0.035024805,0.034976354,0.035017163,0.036488284,0.036733562,0.036760554,0.036795379,0.209996586,0.221501549,0.220780319,0.221039295,0.221339333,0.221398929,0.221422877,0.221478775,0.221535227,0.221592405,0.238361123,0.238474469,0.398512911,0.407906551,0.411499361,0.45444608,0.490701661,0.495192948,0.52005635,0.559548278,0.561955951,0.563914414,0.570091418,0.570641322
0.024607018,0.025249311,0.025420828,0.026437469,0.0261686,0.027412084,0.027999429,0.027724687,0.028099206,0.028209436,0.027839268,0.027520345,0.028612052,0.03221377,0.032947498,0.033104508,0.033639361,0.033448139,0.034274607,0.034450478,0.190694126,0.191039769,0.193546462,0.204868314,0.203503818,0.204191163,0.204224029,0.203994994,0.204052883,0.20386937,0.203850907,0.203751387,0.20377644,0.203762036,0.203776846,0.208615192,0.209444491,0.236372823,0.258282272,0.394232062,0.418513608,0.424997632,0.463652442,0.504487541,0.509109788,0.521729209,0.572877572,0.575711957,0.575766142,0.587406386,0.587613177
0.028204979,0.028406205,0.029290619,0.030157291,0.030462868,0.032173424,0.032289125,0.032756029,0.033516798,0.034566544,0.034682414,0.03526201,0.036212233,0.036348104,0.036477628,0.03671346,0.036666768,0.037010851,0.037322737,0.037528032,0.037373937,0.037872016,0.041009603,0.041696005,0.041739346,0.045292687,0.046477491,0.047114835,0.047298133,0.048651613,0.058005113,0.06081448,0.066854223,0.066896729,0.066903769,0.068597509,0.069705456,0.07691295,0.07691724,0.198804194,0.203562527,0.206393967,0.233505728,0.263411234,0.268837372,0.28321262,0.313012353,0.313631903,0.313923266,0.319990954,0.320144936
0.02273628,0.022977195,0.026201167,0.02623371,0.027382822,0.028441213,0.028495339,0.028487253,0.029677901,0.029933766,0.031297934,0.033945986,0.03364136,0.03375275,0.034072377,0.034122598,0.034759558,0.03517802,0.03501126,0.035326136,0.035379947,0.035471541,0.036496887,0.03711036,0.037127359,0.06425642,0.066901112,0.066761541,0.066719697,0.068108463,0.068552791,0.069319037,0.069195135,0.06922877,0.069591684,0.235740413,0.243652631,0.243564013,0.253525328,0.373854808,0.381562793,0.387973779,0.422480227,0.460637052,0.465254305,0.479220613,0.514724871,0.517177723,0.521033031,0.525398504,0.526316948
0.022208923,0.026284716,0.026996181,0.027415146,0.027796858,0.027716728,0.028147242,0.029116635,0.029731734,0.030257253,0.030417084,0.031967299,0.033179421,0.033655239,0.03390265,0.034225048,0.03457678,0.034740309,0.035193081,0.035666399,0.035731649,0.035745168,0.036870008,0.038550907,0.038490506,0.038682792,0.038956124,0.038999466,0.210835095,0.211592855,0.211770093,0.213525391,0.215715777,0.216995755,0.216075391,0.215950176,0.21709954,0.226738094,0.249140126,0.374888074,0.390489334,0.398754241,0.431747189,0.447131421,0.465460341,0.486692841,0.526016158,0.529631755,0.530034216,0.535888709,0.536279732
0.027039114,0.027124509,0.029709802,0.030212958,0.030271089,0.030833712,0.031519334,0.032153193,0.032027391,0.032967809,0.033258299,0.035958682,0.036256586,0.036207519,0.036558742,0.036527991,0.036700031,0.037104802,0.037216675,0.03748392,0.037806348,0.039469266,0.04108448,0.042097241,0.043168387,0.043440341,0.043731743,0.04422821,0.060764306,0.061722302,0.063348095,0.064172486,0.06602044,0.066078325,0.068021507,0.069656029,0.07007915,0.078627815,0.082040368,0.193563003,0.206789656,0.207959072,0.238707551,0.272111273,0.273806305,0.290320366,0.315745269,0.319222778,0.319612943,0.325472292,0.326177877
0.025800448,0.025737617,0.026538083,0.027360336,0.026942293,0.026706653,0.029689492,0.029370362,0.030206803,0.03025547,0.030787765,0.031187877,0.032268139,0.032941974,0.033567594,0.033859674,0.033929842,0.03400121,0.034412538,0.034679528,0.034918918,0.034940805,0.036555837,0.20620879,0.20697479,0.207112711,0.207261678,0.209441111,0.209444703,0.20957808,0.210039096,0.210390275,0.211762343,0.210580653,0.215099287,0.216867462,0.218714618,0.218797943,0.225952124,0.367362262,0.386823369,0.391443319,0.425167228,0.453175016,0.459390614,0.480770377,0.519001226,0.519522965,0.521031985,0.526619159,0.527050052
0.022247793,0.024835741,0.025295141,0.02568166,0.026307037,0.027728794,0.029629761,0.029036815,0.029129459,0.029109382,0.029809365,0.031974395,0.032596106,0.033082508,0.033674234,0.033665126,0.033747859,0.033650316,0.033517699,0.033333122,0.033602471,0.034315545,0.035099063,0.035420711,0.035429732,0.035443272,0.038310832,0.041042932,0.042128498,0.057018259,0.057363102,0.058010586,0.05989359,0.060294466,0.061394537,0.061827334,0.065997975,0.079227406,0.079213211,0.319123466,0.330583818,0.336528088,0.369153772,0.399552263,0.402584372,0.417559469,0.436945015,0.44023675,0.441350252,0.444975846,0.445797882
0.029051154,0.029532269,0.03074047,0.031691203,0.032733807,0.03296822,0.032851123,0.03337591,0.033286161,0.033401089,0.033667346,0.035397369,0.036041791,0.036466547,0.036647705,0.03661038,0.037133857,0.037544583,0.037573155,0.037571316,0.037959432,0.037410497,0.037990324,0.03786387,0.038873456,0.040352955,0.041296873,0.042072059,0.067376575,0.067650465,0.069174228,0.070000922,0.070296156,0.071883511,0.070358586,0.070410669,0.070454698,0.084536497,0.084509199,0.193175812,0.199316377,0.208055197,0.226751482,0.256415626,0.260805106,0.274067715,0.311639326,0.314793347,0.316064158,0.323634447,0.324102448
0.029381121,0.030204216,0.030534382,0.031231112,0.03109251,0.031954058,0.031840528,0.031799369,0.032055499,0.032878459,0.035085541,0.036236947,0.036588673,0.036673487,0.038809029,0.038653077,0.038899335,0.038961525,0.039614221,0.039713913,0.039958083,0.040186422,0.042306699,0.064097447,0.065539519,0.066678891,0.06771951,0.069508987,0.069186824,0.06920127,0.069345669,0.06946673,0.069462604,0.069493967,0.069593642,0.070397644,0.084223937,0.084232317,0.087575465,0.195344118,0.202350886,0.207318664,0.242661548,0.269742863,0.274506658,0.285494231,0.308569036,0.314045111,0.317371427,0.324237796,0.324475349
0.02270832,0.024595407,0.02523652,0.025286157,0.026761438,0.027167512,0.028908407,0.029245899,0.029355862,0.029660208,0.031144151,0.032060552,0.032054574,0.03244009,0.032725989,0.033055402,0.033522279,0.034077459,0.034262925,0.034367759,0.034395304,0.034610581,0.034705022,0.034693932,0.035253087,0.036396092,0.036513043,0.037458364,0.065352291,0.065330603,0.066016339,0.06693198,0.068013346,0.068165172,0.068303615,0.069089434,0.070258251,0.079326831,0.079486414,0.340719248,0.351427551,0.354650571,0.387560863,0.415504674,0.419189905,0.433062875,0.466700255,0.468284876,0.469904623,0.47673507,0.476992636
0.021634607,0.025276212,0.025508924,0.026973193,0.027713888,0.027748287,0.029066928,0.029018996,0.029134345,0.030066048,0.030761834,0.030705645,0.031158524,0.03237428,0.033047504,0.034005018,0.034764648,0.036725576,0.037327869,0.038328288,0.038345774,0.038410373,0.039158664,0.043794661,0.044246455,0.044406655,0.044634055,0.044659417,0.045989427,0.046677205,0.059714834,0.059796017,0.059873385,0.059917822,0.059924562,0.060246344,0.253348634,0.256261468,0.286495721,0.398897482,0.407628665,0.413215591,0.446339346,0.47970789,0.487315834,0.501205229,0.53390314,0.539228109,0.540969486,0.546959271,0.548496508
0.022827186,0.02525409,0.02523865,0.025977592,0.026211841,0.027256971,0.028320059,0.030220772,0.030562307,0.030861818,0.030874416,0.032124344,0.032427398,0.033541726,0.033692555,0.034955494,0.035110866,0.035134272,0.035153578,0.035487529,0.03558816,0.035678579,0.035833129,0.035925789,0.065709219,0.066418362,0.067618375,0.068132843,0.068556179,0.068579635,0.070185361,0.069499043,0.069668041,0.070656644,0.071074603,0.071147246,0.083285622,0.083479919,0.083527786,0.196402208,0.206187955,0.210550287,0.21949833,0.268620553,0.274715222,0.289058333,0.325119762,0.326662047,0.32733983,0.331131964,0.331435505
0.0292534,0.029286254,0.029161746,0.029300775,0.029950103,0.031983897,0.033730064,0.034126952,0.034049587,0.034066502,0.034836341,0.036810639,0.037146823,0.037221999,0.03737584,0.037130866,0.03874559,0.040419437,0.040485072,0.040449334,0.040513957,0.040503996,0.04140438,0.041463714,0.041775307,0.041809949,0.042010217,0.04286857,0.042871366,0.043137135,0.046558591,0.058749101,0.059916084,0.061592658,0.062440302,0.063904386,0.0680127,0.069548805,0.133362217,0.213146106,0.22182892,0.231456183,0.259164866,0.290791258,0.295206426,0.305575049,0.332480455,0.332990444,0.336136316,0.342631949,0.342580223
0.026851727,0.026975546,0.027613606,0.028463552,0.028593382,0.030512994,0.030776391,0.030952079,0.03100433,0.033638858,0.034427279,0.03530737,0.035364169,0.035282008,0.035383944,0.03542622,0.035343152,0.035342713,0.035720539,0.036093893,0.036603118,0.036611614,0.036930964,0.036992007,0.037292969,0.037397823,0.060291335,0.062396956,0.062996981,0.064854901,0.068269275,0.06841001,0.068377136,0.068689948,0.068697731,0.068655975,0.068694849,0.068777139,0.077982101,0.341240889,0.354944198,0.357618326,0.388299429,0.413432362,0.417758991,0.429762105,0.460927872,0.462920544,0.464916993,0.471397303,0.472067887
0.024364373,0.026473636,0.026371556,0.028009933,0.028200419,0.028277864,0.028443381,0.028379649,0.0284694,0.030767111,0.030968835,0.03154453,0.032873532,0.033554954,0.033754449,0.0334316,0.033604117,0.033811533,0.03377022,0.033868722,0.034283663,0.034405567,0.034469157,0.03479076,0.035061888,0.035168405,0.035286195,0.038184043,0.060416877,0.062655107,0.063936644,0.064041795,0.064216831,0.064691314,0.065898738,0.066027048,0.067893666,0.240041494,0.244919293,0.376204049,0.379931906,0.387163974,0.425455092,0.449772187,0.457647904,0.475476968,0.503709386,0.511551743,0.512227924,0.518434317,0.519082175
0.022399168,0.024368286,0.025825843,0.027332395,0.027793726,0.028532093,0.028558012,0.028709097,0.028771341,0.030036762,0.033151222,0.033149253,0.033182328,0.033230938,0.033361974,0.033765156,0.034105957,0.034297181,0.034363686,0.034612763,0.211577273,0.22234695,0.222384243,0.222429232,0.222483436,0.222551078,0.222858255,0.22308927,0.223133072,0.223230859,0.223262304,0.223329377,0.223434704,0.227073501,0.23210252,0.232167133,0.233903036,0.237016424,0.279101154,0.362031358,0.379701022,0.380943095,0.409988025,0.433011814,0.43729022,0.455209432,0.466471232,0.486091081,0.487329156,0.495810876,0.496074672
0.027315628,0.02921322,0.029624942,0.030450071,0.030229818,0.03080291,0.031255823,0.033676856,0.034032056,0.033941673,0.034991766,0.03480245,0.035067996,0.036003614,0.036041749,0.036496948,0.036864939,0.037076332,0.037341971,0.037457964,0.037526015,0.037595886,0.037634854,0.039975182,0.040020933,0.041545637,0.041533342,0.043308352,0.043384234,0.060704391,0.061840147,0.063226847,0.06482842,0.06492142,0.065113767,0.068210638,0.082186012,0.082196745,0.085511499,0.18752754,0.198983423,0.203087055,0.221200359,0.243824087,0.247967098,0.263363491,0.293111352,0.296886293,0.29957325,0.306763375,0.306883808
0.024492328,0.02540503,0.026340228,0.027159938,0.02733622,0.028875898,0.029370745,0.029993029,0.030740618,0.03148158,0.032089712,0.03334959,0.033332395,0.033383538,0.033684531,0.033919245,0.034277804,0.034411467,0.034848615,0.034741569,0.035118327,0.035376059,0.035845742,0.035916617,0.038600837,0.044300964,0.044424594,0.060522229,0.061214037,0.061666429,0.062721499,0.064816498,0.065190756,0.066469178,0.066914142,0.067086489,0.06843463,0.076731616,0.076874605,0.47114132,0.486632407,0.493238938,0.531156901,0.548436656,0.554395035,0.566836238,0.605480082,0.60596049,0.606669878,0.614298287,0.614504946
0.022616292,0.02337172,0.02347254,0.023523968,0.026158272,0.027162672,0.027229926,0.027558443,0.030045598,0.030270409,0.030700088,0.031352736,0.031970066,0.032354562,0.032494077,0.032991377,0.033590115,0.033903807,0.034138459,0.034215912,0.035440467,0.035505495,0.036102972,0.03640285,0.037027649,0.0375925,0.038869038,0.039136231,0.039145809,0.060642342,0.219864594,0.220360826,0.220394231,0.220551793,0.221514364,0.22279925,0.223137536,0.227985337,0.255729879,0.385170393,0.393031932,0.403383503,0.438184083,0.4721948,0.472870987,0.495970848,0.53075854,0.535693484,0.537232429,0.544220984,0.544526941
0.02211456,0.026100844,0.026389572,0.026959877,0.028570277,0.028902416,0.030531316,0.032193958,0.03232002,0.032389841,0.03301761,0.034052716,0.03450349,0.034994352,0.035135998,0.035424206,0.035601614,0.035553212,0.035755136,0.036206539,0.036981454,0.037015721,0.037271916,0.03732824,0.037358313,0.211862905,0.211956028,0.211962192,0.212023525,0.212335756,0.212368665,0.2124948,0.212550067,0.213203257,0.214045256,0.2169719,0.229994815,0.230714956,0.250939914,0.363366679,0.378880639,0.382459786,0.401458128,0.428048757,0.434787404,0.450638576,0.484014572,0.485153883,0.485562799,0.495020572,0.495559453
0.024075903,0.024194788,0.025771029,0.026427287,0.029461491,0.029799752,0.029879526,0.030225667,0.029986045,0.030701734,0.0308765,0.031709899,0.031943754,0.03196435,0.03212828,0.032457663,0.032612673,0.033222368,0.037334885,0.03735565,0.037961763,0.038176755,0.200198757,0.200397687,0.201801004,0.205233753,0.208073177,0.210480865,0.210559515,0.210619216,0.210867276,0.210948213,0.210973434,0.211032444,0.211029286,0.211344089,0.227760886,0.23099217,0.264579289,0.392866326,0.400790553,0.404590446,0.445215684,0.476669287,0.48738533,0.492803999,0.544437971,0.546002124,0.547421,0.555721268,0.556080834
0.021731711,0.022342052,0.022457658,0.026708859,0.027294735,0.027783956,0.028028601,0.029026104,0.029182579,0.030057463,0.0326008,0.032606042,0.033372994,0.034144247,0.034630271,0.034645414,0.034893048,0.035213361,0.035171137,0.03530662,0.035375554,0.035540527,0.035827678,0.035947371,0.038574552,0.205395439,0.213841352,0.213231924,0.213561224,0.213565072,0.213840197,0.214093325,0.214133203,0.214184671,0.214222703,0.214289908,0.21433362,0.231273781,0.235762052,0.3953115,0.405642625,0.406394592,0.450712334,0.487208804,0.491947591,0.506986444,0.552026269,0.554431671,0.555968405,0.565208787,0.565638271
0.022435695,0.023247516,0.023925086,0.026848199,0.026792224,0.027671469,0.029849366,0.030015837,0.030509612,0.030712603,0.031375042,0.033026598,0.033406404,0.033424508,0.034036629,0.034107823,0.034309459,0.03468023,0.034758589,0.034928035,0.035047159,0.034722927,0.035070754,0.035497933,0.036443939,0.20467333,0.204724771,0.208344272,0.211329549,0.212493861,0.212819306,0.212890505,0.212940553,0.212966687,0.213014063,0.216839193,0.220879113,0.224550405,0.242342394,0.387472182,0.397733702,0.403878319,0.449895739,0.461672211,0.485675913,0.501483942,0.550180197,0.551932823,0.552907545,0.560184903,0.560374583
0.022162643,0.024527506,0.02552772,0.025699722,0.026855345,0.027488308,0.028905475,0.02918849,0.030884481,0.030953621,0.031093278,0.031093263,0.031555891,0.031472641,0.032316821,0.032661759,0.033324611,0.033455373,0.033462095,0.033644043,0.034059578,0.034268984,0.03471788,0.036316205,0.03692705,0.037584764,0.043355108,0.043535371,0.043644475,0.064644745,0.065865075,0.066278492,0.066462615,0.066964924,0.067863978,0.06909214,0.06848872,0.077894458,0.077860992,0.355660508,0.364957662,0.368373419,0.401345125,0.428819976,0.431056479,0.443060515,0.478911715,0.480790881,0.482177798,0.48799896,0.488117173
0.024107806,0.02439898,0.024561253,0.025845667,0.027613957,0.027747606,0.030489027,0.031429621,0.032158351,0.032018954,0.032346254,0.032488319,0.032493374,0.032621162,0.033020872,0.033150146,0.033740371,0.033696642,0.033914629,0.034269451,0.034374991,0.035598694,0.035616097,0.035611117,0.035897709,0.03595864,0.036736417,0.037068736,0.039516279,0.046041609,0.047377106,0.047434027,0.047557927,0.063947659,0.064881399,0.064282955,0.064292815,0.074898314,0.07824091,0.203306022,0.208770313,0.213884031,0.241053406,0.269124854,0.280808604,0.288654995,0.317667253,0.319951024,0.320716477,0.327380089,0.3273375
0.027413415,0.027389297,0.029299494,0.030540161,0.03104212,0.031321664,0.031290429,0.031446356,0.032139999,0.032438155,0.033173423,0.034777831,0.034715056,0.035000078,0.035079148,0.035385958,0.035875939,0.036124677,0.036673015,0.03680112,0.04070196,0.043248806,0.044669363,0.044763119,0.044678054,0.046100563,0.065034705,0.066001129,0.066292222,0.066696193,0.06900557,0.067136573,0.067702253,0.067519194,0.06772931,0.067957888,0.06797961,0.11018647,0.110871281,0.219340373,0.227920201,0.23651337,0.263279948,0.281402825,0.294859648,0.306078952,0.335632875,0.337414223,0.340502085,0.343729112,0.344215411
0.021813253,0.02264691,0.023332209,0.027058404,0.027779783,0.027961742,0.028673455,0.029804793,0.030579769,0.030587456,0.030858876,0.031101492,0.03137515,0.031655489,0.031907706,0.032541531,0.032565635,0.032592955,0.032580083,0.034380475,0.036199827,0.037625922,0.037666497,0.03852758,0.038662164,0.217591024,0.217279485,0.217356788,0.217372128,0.217442225,0.217454387,0.217539655,0.217534514,0.217545826,0.217589682,0.2176076,0.217655973,0.225352589,0.263964706,0.396411394,0.405877638,0.410725771,0.4467657,0.48790029,0.493459876,0.513908865,0.553569326,0.554335943,0.557725238,0.565588675,0.566040885
0.022409462,0.025169397,0.025137005,0.026000767,0.026462064,0.028063458,0.028053147,0.028078576,0.029602309,0.029594684,0.030365344,0.03275512,0.032873791,0.032890024,0.033270038,0.033528052,0.033230561,0.033594005,0.033568613,0.033583137,0.033646969,0.038539071,0.03881795,0.039017518,0.039321534,0.039352696,0.039430229,0.0396794,0.039681395,0.042311827,0.042876722,0.060629688,0.063124599,0.063447166,0.063683858,0.064800705,0.235713769,0.236112566,0.27747569,0.397819359,0.40763007,0.411406109,0.452092851,0.484916452,0.492742426,0.503391887,0.546133388,0.548161318,0.548698694,0.554108493,0.554573922
0.022072589,0.022437859,0.025556497,0.026894813,0.027074896,0.027602988,0.028087795,0.029858995,0.030307578,0.031221889,0.032938019,0.032859569,0.03333976,0.033545531,0.033814979,0.033535257,0.034188792,0.034657185,0.034605974,0.034684993,0.035050683,0.035447655,0.035936908,0.035993153,0.036030562,0.036208666,0.20431618,0.204602287,0.204783782,0.205560253,0.205554792,0.20715689,0.2108246,0.210879125,0.211171948,0.211226954,0.215167727,0.222088815,0.225676405,0.391886964,0.401826273,0.40831366,0.443626698,0.486178545,0.487769098,0.508516376,0.551644257,0.552062558,0.556908268,0.565985815,0.566069636
0.022601643,0.025181297,0.024840516,0.025548851,0.025862452,0.02565393,0.025313103,0.025814725,0.028287765,0.028501216,0.028668682,0.029202737,0.03178002,0.031362724,0.03120683,0.031078213,0.032920677,0.033370643,0.03245565,0.031737461,0.03370684,0.035295405,0.035847442,0.035827879,0.036364766,0.037283662,0.038444577,0.052629347,0.053212254,0.054563899,0.054334173,0.054666293,0.055275164,0.064291448,0.374132499,0.374390224,0.380798788,0.38276183,0.395336262,0.497301327,0.504929724,0.50869748,0.548226634,0.569486514,0.572942578,0.584875605,0.607447542,0.609575781,0.611269495,0.616326827,0.617524355
0.024837131,0.025173037,0.026254454,0.026925842,0.027631794,0.027640646,0.028561281,0.02944211,0.029521803,0.030292679,0.030341784,0.031203735,0.031983773,0.033040974,0.03333909,0.03359098,0.033641712,0.03402716,0.034209407,0.034581874,0.034963594,0.035816237,0.036014053,0.037813901,0.037873966,0.038777212,0.038768618,0.039200597,0.039311161,0.060152448,0.060475834,0.062349486,0.062903898,0.065440918,0.065922142,0.067032904,0.069867505,0.242136585,0.243290285,0.375118746,0.394136476,0.397734047,0.422489137,0.471348069,0.47327193,0.487026542,0.525912377,0.529995108,0.531691677,0.535636957,0.536417544
0.029054848,0.028743456,0.028046945,0.028909837,0.029352995,0.029715933,0.030016771,0.030028617,0.03130497,0.031714065,0.034436927,0.034849595,0.035385222,0.035529418,0.034283786,0.036119228,0.03603048,0.036241513,0.035521199,0.036435331,0.040111444,0.040148274,0.04100463,0.041046068,0.040825603,0.040650166,0.042677032,0.060717756,0.062846085,0.063097445,0.063286302,0.068201327,0.064505571,0.064754218,0.064773723,0.065236854,0.065545871,0.077880944,0.080830414,0.189075447,0.193285036,0.198143857,0.229509864,0.259960481,0.263710357,0.27824949,0.304103825,0.30614786,0.307476744,0.312781452,0.312951883
0.020984982,0.022599056,0.025623376,0.027540952,0.02735839,0.027740933,0.028514741,0.03012204,0.031288517,0.031378725,0.031317933,0.032210114,0.03240215,0.033447921,0.033491497,0.033488487,0.034641239,0.034574413,0.0346062,0.035213298,0.035208013,0.035552639,0.071131567,0.070702563,0.071146709,0.071278502,0.07132954,0.071339863,0.07133211,0.071720618,0.071722854,0.07170699,0.071825626,0.075670534,0.080296822,0.080327113,0.088350117,0.0884863,0.122624591,0.209488787,0.215353114,0.222054513,0.252096021,0.282582333,0.290550589,0.304951442,0.317735516,0.336078008,0.337672902,0.343876953,0.344243867
0.023995992,0.025141068,0.025774348,0.027865345,0.0282926,0.029649353,0.030362061,0.030575,0.032330523,0.032703321,0.032687589,0.032779553,0.032958493,0.033940545,0.033777542,0.03394865,0.03411092,0.034579694,0.03441563,0.034779874,0.034760896,0.034701606,0.034711738,0.035196241,0.03722855,0.037453124,0.038682156,0.045204348,0.063933775,0.064616068,0.064647189,0.065613104,0.06591502,0.067100088,0.066066411,0.066111228,0.066220646,0.080056132,0.080112405,0.324568448,0.33420551,0.342966788,0.373586535,0.400862228,0.405012258,0.415703443,0.447287655,0.44970641,0.450943576,0.45685499,0.457313096
0.029915209,0.03032747,0.030698156,0.031455402,0.031750748,0.031418496,0.031792222,0.032573757,0.033749729,0.034571204,0.035040409,0.035351045,0.036335505,0.036705595,0.036981779,0.036897804,0.037106045,0.03736742,0.037671398,0.03925437,0.039283913,0.039268789,0.039874713,0.040160829,0.040190698,0.040389191,0.040431057,0.062391711,0.062994923,0.064731,0.065644649,0.067022253,0.067121309,0.068604064,0.067709324,0.069023536,0.073611839,0.073622821,0.085741806,0.197774408,0.204995415,0.206196036,0.232086296,0.258735943,0.265334681,0.278453511,0.317053375,0.319810238,0.32105592,0.32785999,0.328010544
0.025073103,0.025310519,0.026261588,0.026017662,0.027443371,0.029134563,0.029605314,0.030645872,0.030575704,0.032177362,0.033080716,0.033719834,0.034720558,0.035283247,0.035425407,0.035461822,0.035579662,0.036191835,0.036458122,0.036525216,0.037054598,0.037166151,0.037266128,0.067720848,0.068605058,0.068628203,0.06871664,0.068756698,0.068900116,0.06889657,0.068957697,0.068958944,0.069050192,0.070228628,0.071315479,0.077238449,0.077260379,0.084663936,0.088105138,0.331680638,0.356609455,0.362390288,0.397510172,0.42332254,0.426340392,0.439656506,0.472200284,0.476073723,0.476131611,0.482459809,0.482646069
0.027169103,0.027708951,0.028588635,0.028938925,0.028868331,0.029439515,0.030601896,0.03034097,0.03127287,0.032482012,0.033234932,0.035234643,0.035642731,0.036079343,0.035095746,0.035914482,0.035666199,0.035956192,0.036103659,0.036919663,0.036424386,0.03640772,0.039125419,0.040206803,0.040509329,0.041104089,0.041653906,0.041688534,0.049626351,0.050327199,0.050807409,0.050711522,0.051175202,0.050977022,0.052123442,0.05220333,0.072057176,0.075218219,0.075284283,0.181309166,0.192899024,0.194005442,0.209242519,0.231261125,0.235797494,0.249846743,0.283362414,0.285706494,0.287080467,0.292048073,0.2923746
0.023604628,0.024406889,0.024602294,0.025020148,0.026564689,0.026617593,0.029314771,0.02949005,0.029543463,0.029653881,0.031587559,0.031624735,0.033165442,0.032886485,0.033266016,0.03324146,0.033291484,0.033263692,0.033234352,0.033486807,0.033522349,0.033795539,0.034335481,0.034518988,0.03458857,0.035020622,0.035311082,0.03537362,0.036223713,0.203613833,0.204401968,0.207677858,0.208116968,0.208782308,0.210455882,0.21359913,0.218118789,0.221798945,0.244668784,0.384500316,0.399987483,0.406276464,0.445167809,0.480429502,0.486489989,0.496977485,0.544025466,0.546475239,0.546874788,0.557638893,0.557751091
0.022933808,0.024985792,0.026925742,0.026910858,0.028636106,0.029338208,0.030031399,0.030253277,0.03046203,0.03118525,0.031488306,0.031881355,0.033560135,0.033339053,0.033800304,0.033950769,0.034962481,0.035408897,0.035424015,0.03556643,0.035558867,0.036143311,0.036210477,0.036455392,0.036765136,0.05411334,0.054490976,0.054829111,0.054800807,0.054789877,0.054883399,0.055485682,0.055359951,0.055612321,0.055784879,0.055757067,0.056086377,0.070763189,0.070603297,0.198188438,0.207965947,0.208634129,0.245105095,0.257813657,0.261912962,0.271837632,0.297148911,0.299421648,0.300816545,0.308722916,0.309429276
