0.045057227,0.186548845,0.190577231,0.190725338,0.191004245,0.191180745,0.190938462,0.191802224,0.191560091,0.191593285,0.191343174,0.191639583,0.191309386,0.191851179,0.192176887,0.192518603,0.192638236,0.192949743,0.193159332,0.193191255,0.193355807,0.197263074,0.199158615,0.227363189,0.251550627,0.393058655,0.450505655,0.451616885,0.452100472,0.520794705,0.620976646,0.650601585,0.651889258,0.731294715,0.805144206,0.903396867,0.992600523,1.057492802,1.148970074,1.237638687,1.394514324,1.461388891,1.5583309939999999,1.901450863
0.029920715,0.26964231,0.269817069,0.270179443,0.270377147,0.270448332,0.271676067,0.271711532,0.272152181,0.271993879,0.272478753,0.272368518,0.272369449,0.272705848,0.272838076,0.272741019,0.273042381,0.272928876,0.273122908,0.273316174,0.276661188,0.278830148,0.289270705,0.290741269,0.294556394,0.358285491,0.380441686,0.381850975,0.38715117,0.429770851,0.430047165,0.461602315,0.476469115,0.51764946,0.556769793,0.61085662,0.663583806,0.702248067,0.758835233,0.795589817,0.885275671,0.936489885,0.989868145,1.181781661
0.03128067,0.23583571,0.237357255,0.238009892,0.238985273,0.239961242,0.240240596,0.240209109,0.240311556,0.241109856,0.241284045,0.241019212,0.241191476,0.241559025,0.242054764,0.241587177,0.241892285,0.242563412,0.24277262,0.24262512,0.243531599,0.245360039,0.249972798,0.257773105,0.262580091,0.475026262,0.475590823,0.47911022,0.485239205,0.485366904,0.519698393,0.52916953,0.541924757,0.581855979,0.607093116,0.644306592,0.685010138,0.709131706,0.752440564,0.813805858,0.854972013,0.879745702,0.921033475,1.06341506
0.215298288,0.232364276,0.23351118,0.234498787,0.234365726,0.235127144,0.234533127,0.235255877,0.235773929,0.235815808,0.236347056,0.236400784,0.236730822,0.237595478,0.237364582,0.238639005,0.238563257,0.238889878,0.239249846,0.239544055,0.239906528,0.240867201,0.242553393,0.261229593,0.266345265,0.291898958,0.299528125,0.314441167,0.318179811,0.334573038,0.333474325,0.335096833,0.362476587,0.387735877,0.40976327,0.453774887,0.498599475,0.603643573,0.633444114,0.710990586,0.72907118,0.745493161,0.778728654,0.915739258
0.032733556,0.273374662,0.273773861,0.274070197,0.274611334,0.275013801,0.274859265,0.275541125,0.275324301,0.275449968,0.275662874,0.275785939,0.275406697,0.275917311,0.275960958,0.276151692,0.276129453,0.276363598,0.277509941,0.276494832,0.276615177,0.281146611,0.282380825,0.284545628,0.298404375,0.36623038,0.387081234,0.387423447,0.391281936,0.426628762,0.434378643,0.468333812,0.481769622,0.520634377,0.560166243,0.61864681,0.668443488,0.721964901,0.757941295,0.843459028,0.891353051,0.925464143,0.980030907,1.176221022
0.031693082,0.250898245,0.251814749,0.252153411,0.252291189,0.252327913,0.252433971,0.252566501,0.252714188,0.252778994,0.25283376,0.253024644,0.253090176,0.253206217,0.253340255,0.253384309,0.253485812,0.253595535,0.253695147,0.254093651,0.254146911,0.255630726,0.256424976,0.266669682,0.273501424,0.314352075,0.332088345,0.337792018,0.338107383,0.371482481,0.401555095,0.401798911,0.422323912,0.430059967,0.454881835,0.502128048,0.531820882,0.559191745,0.606826909,0.66575311,0.694823264,0.73919622,0.774220807,0.920053735
0.032186849,0.242164194,0.242755805,0.242576746,0.243442951,0.243395311,0.243626973,0.24373983,0.24419547,0.244562341,0.245342309,0.245094716,0.24525553,0.245557016,0.246985234,0.247005122,0.247559684,0.247738793,0.247705097,0.247760778,0.24810582,0.249963251,0.250200202,0.252110743,0.263905522,0.501455527,0.516059443,0.516324791,0.522888679,0.553406048,0.56818943,0.59437316,0.594831532,0.739188431,0.777913799,0.825839694,0.865164037,0.915131198,0.944266354,1.014801041,1.057000469,1.087267089,1.129222076,1.287721946
0.030685139,0.237536271,0.239018255,0.239241394,0.23936856,0.239906302,0.240087146,0.240602747,0.241022323,0.241296217,0.241416011,0.243500923,0.243563115,0.24374313,0.243833338,0.244022042,0.244129554,0.24423892,0.243895475,0.250126426,0.253898523,0.255246601,0.256129393,0.258286873,0.264684226,0.31948172,0.346978145,0.352607743,0.352904794,0.392142256,0.392716834,0.421464791,0.438805179,0.47675763,0.525582224,0.56161963,0.60768425,0.643142736,0.693560458,0.772865851,0.819034972,0.852008059,0.897926841,1.069015674
0.031754247,0.259468816,0.261617808,0.261751553,0.261821412,0.262005716,0.262118375,0.262306518,0.262339849,0.262437671,0.262515445,0.26264192,0.262772762,0.262833269,0.262971162,0.263023632,0.26315704,0.263289814,0.263362911,0.26356669,0.263633718,0.265485301,0.266383538,0.287979715,0.301096768,0.359280609,0.387351446,0.39027299,0.39333214,0.437268146,0.437502496,0.471974154,0.496673885,0.537299452,0.578971568,0.640626027,0.69635261,0.738300481,0.797266987,0.889621473,0.944027896,0.984228417,1.044404509,1.254799587
0.032466042,0.266117417,0.266116817,0.26624243,0.266320513,0.266461902,0.266503541,0.266564092,0.266671492,0.266805353,0.266911687,0.26690014,0.267017075,0.267045592,0.267228751,0.267332334,0.267430815,0.267507495,0.267547759,0.267649497,0.268710359,0.270845127,0.298338035,0.305264361,0.307792618,0.385102681,0.412815534,0.413106978,0.413224412,0.46214698,0.504505961,0.52951183,0.530924258,0.574295917,0.642251027,0.685784753,0.746385779,0.790459607,0.852714827,0.950282763,1.00959161,1.051658692,1.106952686,1.326064155
0.030709497,0.250466694,0.250794583,0.25090079,0.251031897,0.251186262,0.251267074,0.251348434,0.251470035,0.251548033,0.251666142,0.251824698,0.251907737,0.252039496,0.252180932,0.252303758,0.252363871,0.252565822,0.252682193,0.252808926,0.252848754,0.254368837,0.255757755,0.267822244,0.271686936,0.322104221,0.338870219,0.339149191,0.344528455,0.365532436,0.378100852,0.378589244,0.407653623,0.436295178,0.470221556,0.509880874,0.54476011,0.580451412,0.62327061,0.692175445,0.733633866,0.758322705,0.803469211,0.958976592
0.029785265,0.238481492,0.238893112,0.239810168,0.240519693,0.239622113,0.240183207,0.240070876,0.240500052,0.240144918,0.240397872,0.240516888,0.240561977,0.241016405,0.240972801,0.241382284,0.242915285,0.243508376,0.243540256,0.244225921,0.244440393,0.244931618,0.246942508,0.25011858,0.253563405,0.260999623,0.307316766,0.323641361,0.323949858,0.372930557,0.37669629,0.401888226,0.425187666,0.465227446,0.49628126,0.522521164,0.557664391,0.583978634,0.629143169,0.647167756,0.738863728,0.765994204,0.810102508,0.964478237
0.031541223,0.264639776,0.264557048,0.266761502,0.266840576,0.266794318,0.268554002,0.268538218,0.269138648,0.268887697,0.269046369,0.270808601,0.269336138,0.270444517,0.270474731,0.2704521,0.270348468,0.270757098,0.270673071,0.270924602,0.273147832,0.276061747,0.27638698,0.276487045,0.279910892,0.327006276,0.327535752,0.350304174,0.350623183,0.354737676,0.385889766,0.408380372,0.424309137,0.454314126,0.489797854,0.532493406,0.574027767,0.608346772,0.651720375,0.722552833,0.764585849,0.796168011,0.836598318,0.996125037
0.030150886,0.26219902,0.262387041,0.26279901,0.263282499,0.263795034,0.263858713,0.263717778,0.263859115,0.263682056,0.264340497,0.26402373,0.264564563,0.264965417,0.265273829,0.265159451,0.265121709,0.265642586,0.267145779,0.268271228,0.268605129,0.268982933,0.273046189,0.294766319,0.299429749,0.337777722,0.353140352,0.359322443,0.359656865,0.39473,0.395123709,0.416504597,0.428748338,0.454415289,0.487401291,0.521316889,0.558074954,0.59541212,0.644925088,0.660187358,0.754365102,0.780712998,0.819343888,0.97647663
0.031666655,0.086119125,0.087505734,0.087708338,0.08799064,0.088148747,0.08818616,0.088512825,0.088598914,0.088275114,0.08868059,0.088741865,0.09179557,0.091884349,0.092030315,0.092081966,0.09227071,0.09234885,0.092484362,0.092608883,0.09280333,0.103744886,0.104082181,0.107336123,0.142756392,0.180057176,0.192098873,0.192500223,0.198735748,0.23521225,0.235763022,0.237858859,0.263635505,0.299036669,0.320042571,0.364752253,0.393230146,0.425499488,0.458353368,0.497585443,0.556263377,0.58422438,0.62049666,0.761401674
0.031566082,0.081213526,0.082350424,0.082386681,0.082513931,0.082616459,0.082744616,0.082859405,0.082772935,0.083047605,0.083119967,0.08319056,0.083286357,0.083457941,0.083521816,0.08364465,0.083764781,0.083801369,0.083964121,0.084010095,0.084117649,0.085236574,0.085925035,0.094283058,0.103643774,0.186377416,0.212577469,0.212875068,0.218987629,0.291134626,0.291586736,0.313491686,0.329565199,0.358564223,0.387666882,0.425276981,0.462400988,0.482599822,0.524238854,0.580425194,0.61567164,0.639619443,0.67929421,0.81467736
0.035790667,0.289073898,0.291322281,0.291324418,0.291589438,0.291690593,0.291812394,0.291882577,0.292019477,0.292098089,0.292220547,0.292331028,0.292522199,0.292592931,0.292746448,0.292856227,0.292990826,0.293092366,0.293212346,0.293258903,0.293331217,0.295332801,0.296138628,0.298263172,0.315331714,0.365074246,0.385440936,0.385680114,0.391482176,0.393878631,0.423362313,0.458510994,0.45925248,0.49191768,0.524564378,0.575740988,0.62084017,0.649601372,0.689875902,0.772111254,0.822111046,0.848353713,0.943911357,1.062078651
0.03456632,0.238150023,0.240120024,0.240590145,0.241248878,0.241170354,0.241466869,0.241519498,0.241346954,0.242184708,0.242285292,0.242201815,0.24235405,0.242483022,0.242622378,0.243477234,0.243161553,0.243996103,0.244114549,0.245179447,0.2455763,0.247802948,0.251009165,0.262802823,0.273506996,0.30709065,0.312444561,0.32587526,0.331340319,0.387883599,0.390028867,0.41975366,0.42425914,0.44934717,0.482240862,0.524583907,0.563341939,0.594025126,0.639848949,0.71146974,0.756533911,0.786021273,0.828821871,0.987529782
0.074878338,0.087097532,0.087775356,0.088555851,0.08848615,0.0884738,0.088894212,0.089447059,0.089780457,0.089818143,0.090501485,0.091080743,0.090995354,0.091595077,0.09166873,0.091787298,0.091803274,0.092454405,0.092748723,0.093057143,0.092867421,0.09396083,0.094164674,0.094248319,0.113469059,0.114316268,0.119657131,0.167364596,0.190361647,0.2295234,0.257316586,0.277864767,0.278126984,0.314781411,0.350054808,0.392959501,0.429827222,0.484849636,0.531921902,0.613639408,0.660805076,0.69549737,0.746596441,0.924340892
0.033258484,0.098725741,0.098304015,0.098658262,0.098737162,0.098916659,0.099037225,0.099159697,0.099257796,0.099126534,0.09924377,0.09961287,0.099716505,0.09992961,0.100006009,0.100086235,0.100202113,0.100322122,0.100466154,0.100478272,0.100924671,0.101759439,0.102335708,0.115013449,0.115265521,0.122796466,0.168258849,0.185309229,0.190109923,0.204886605,0.236592207,0.241106978,0.290578503,0.291419555,0.318978575,0.352731191,0.39168606,0.432411774,0.464815302,0.522783878,0.564518197,0.596012104,0.635643632,0.796854355
0.031185962,0.231366548,0.232061128,0.234497295,0.233995145,0.234894165,0.235504976,0.235478109,0.235509953,0.235907377,0.23657963,0.236381296,0.236831317,0.237394776,0.237518488,0.237776762,0.237981063,0.238305505,0.239112999,0.239858082,0.241168241,0.241635348,0.248598964,0.2529256,0.253113764,0.299500841,0.315395976,0.320224152,0.325151371,0.325434493,0.366066913,0.366371277,0.393639731,0.428394646,0.463738379,0.494940746,0.536374576,0.57311241,0.613186427,0.634590508,0.729907274,0.758977158,0.801829806,0.965478796
0.031287306,0.247929966,0.249921868,0.250141579,0.250058943,0.250467262,0.250569943,0.250648735,0.250818713,0.250637192,0.25109097,0.251124502,0.251337881,0.251393922,0.251531796,0.25162548,0.251729485,0.251825509,0.251985009,0.252096159,0.25216113,0.253933238,0.25473145,0.256952988,0.273382943,0.312455247,0.330046353,0.330359629,0.336441994,0.367090631,0.36730026,0.387378316,0.397643493,0.424322289,0.457147071,0.498951194,0.53264025,0.564841899,0.610518279,0.701494117,0.728282602,0.742241459,0.784433834,0.93760709
0.030409635,0.260193966,0.261112328,0.261437064,0.262022345,0.263005079,0.262947359,0.262983178,0.263365787,0.263520784,0.263525938,0.267012976,0.26713638,0.267249611,0.267343886,0.267535574,0.267661436,0.26780881,0.26794945,0.267998602,0.268004446,0.270118042,0.273870873,0.276854545,0.29315501,0.518161553,0.558025908,0.558322943,0.564271468,0.600289044,0.61113691,0.653076571,0.683907498,0.729017064,0.771797587,0.826689922,0.868891148,0.927402173,0.981731392,1.073630725,1.12607931,1.16294525,1.215222231,1.405485524
0.031059166,0.24786097,0.247821836,0.24838039,0.248279125,0.248778551,0.249431019,0.249411589,0.249619778,0.249406151,0.24934385,0.25019555,0.250344326,0.25005668,0.25023357,0.250132435,0.251041466,0.251325291,0.251673295,0.251878574,0.251889943,0.252122539,0.25230051,0.252577794,0.259855017,0.268346575,0.312577177,0.32953569,0.335684871,0.356075966,0.371597054,0.40159686,0.402044289,0.435079424,0.698763866,0.754953177,0.808907502,0.82676667,0.867176854,0.934715233,0.965690014,1.011685975,1.051915947,1.213235004
0.036098863,0.101243688,0.101500133,0.100879476,0.100872943,0.101851694,0.101709872,0.10175439,0.101665162,0.101461676,0.101543918,0.101570136,0.100592526,0.101628493,0.101712551,0.101732967,0.10158765,0.101700151,0.101684339,0.101782721,0.101627839,0.102338187,0.102668155,0.104104923,0.11373808,0.123243865,0.173305303,0.186395125,0.191952618,0.214509765,0.214701957,0.238716648,0.256954823,0.290996073,0.319877553,0.358767029,0.39576684,0.438935499,0.473666138,0.528730813,0.572547152,0.604784684,0.647495186,0.795706671
0.03079679,0.404202081,0.405373916,0.405289885,0.405239199,0.405638545,0.406117167,0.406315098,0.406103104,0.406310889,0.406545177,0.406740112,0.407112803,0.406943371,0.407349648,0.407470502,0.408925538,0.408859341,0.409475282,0.410616404,0.412345222,0.412700217,0.422861801,0.423336183,0.424475693,0.646253121,0.664798988,0.66503254,0.665089244,0.706745112,0.744588046,0.757483856,0.757969787,0.796280006,0.833636737,0.885800888,0.940157838,0.976860081,1.028546408,1.108120351,1.158477542,1.195092939,1.248363528,1.442512528
0.030625903,0.248359405,0.249188636,0.251401054,0.253493114,0.254050414,0.254457967,0.255814418,0.255966748,0.256836809,0.257285839,0.258860277,0.259634547,0.259707499,0.259694716,0.259779981,0.261311136,0.261905992,0.263141699,0.263577649,0.264157818,0.264306238,0.264349953,0.264909013,0.267371742,0.268844143,0.318088704,0.330150483,0.338703685,0.361634338,0.395116967,0.413201467,0.413654042,0.443579244,0.47760433,0.52266738,0.564035912,0.605680376,0.638194134,0.708416112,0.750816366,0.779962757,0.823640964,0.984583031
0.030266684,0.250318486,0.252134665,0.25271179,0.254217678,0.254367696,0.254371323,0.254502417,0.254669784,0.254793198,0.254928263,0.25471389,0.255171862,0.2552922,0.255431692,0.25558094,0.255757307,0.255813505,0.255969627,0.256067199,0.256192247,0.256373805,0.258097322,0.258649,0.259576968,0.284920829,0.335638881,0.351712157,0.351951248,0.35584942,0.375953074,0.40601662,0.422680377,0.455091381,0.491232452,0.516973658,0.55064954,0.597323703,0.646879769,0.70732782,0.754296702,0.787365005,0.827443102,0.98493739
0.030628959,0.249874385,0.251693497,0.251964916,0.252036585,0.252217741,0.25224338,0.252343739,0.252467556,0.25258028,0.252739151,0.252836664,0.25296561,0.253066712,0.253159927,0.25327537,0.253333913,0.253486555,0.25366529,0.253719394,0.253833808,0.255525254,0.256405953,0.267099339,0.271450991,0.317430416,0.335574739,0.335724374,0.342059904,0.373475841,0.374111832,0.393558912,0.406031973,0.432720423,0.465940419,0.515084997,0.559058893,0.586223357,0.618578916,0.635376067,0.68307744,0.718717328,0.809515087,0.978853706
0.031720762,0.255880727,0.256559355,0.256741308,0.256878838,0.256836711,0.257155931,0.257225256,0.257326902,0.257438586,0.257546977,0.257599302,0.257734687,0.25789488,0.257973836,0.258167419,0.258230002,0.258343745,0.258479689,0.258564662,0.258643859,0.260396325,0.261235668,0.271791423,0.27769982,0.470635827,0.489933241,0.490158273,0.496770581,0.522474333,0.523159282,0.548105223,0.565157042,0.595910026,0.638698013,0.682389566,0.712595263,0.747225092,0.793340523,0.81180704,0.91661909,0.94791747,0.993220589,1.162083716
0.030995825,0.253130381,0.254670408,0.254845218,0.254939944,0.254856346,0.255226908,0.255272736,0.255415625,0.255286409,0.255677149,0.255858486,0.255991382,0.256040368,0.256178875,0.256297074,0.256421341,0.256485984,0.256361189,0.256859593,0.256964869,0.267036858,0.267423017,0.268075898,0.270230011,0.272141105,0.325394112,0.344612922,0.344906261,0.365013467,0.401993535,0.410228111,0.410668595,0.448755062,0.483518146,0.530598285,0.56430112,0.598928871,0.640709412,0.675280864,0.756006733,0.791041621,0.829127761,0.994448177
0.031802044,0.108771086,0.119091881,0.118600318,0.118987899,0.119034373,0.119076589,0.119197392,0.11930757,0.119341275,0.11948359,0.119607881,0.119646944,0.119781868,0.119921619,0.120232585,0.120309813,0.120465519,0.120660974,0.120772092,0.120826951,0.122508928,0.123185806,0.12400827,0.12915895,0.172607238,0.194392969,0.198236329,0.200031537,0.245987046,0.246461772,0.253897166,0.280742156,0.316252204,0.348255953,0.39025716,0.43073656,0.460657742,0.504076144,0.584948994,0.602899115,0.645405437,0.687770618,0.842930278
0.035654897,0.086158538,0.087442651,0.087545439,0.087630943,0.087705116,0.087777775,0.087848312,0.087851788,0.087932145,0.088028861,0.088085515,0.088215097,0.088329511,0.08837631,0.088460273,0.088608478,0.088697991,0.088704767,0.088793334,0.08887218,0.090773158,0.090945712,0.096749467,0.10623436,0.150916404,0.164315621,0.16457295,0.169986265,0.194574814,0.197350949,0.197896947,0.215301581,0.251447447,0.283971424,0.328714949,0.347588556,0.369041004,0.403554546,0.421715948,0.507878458,0.526200762,0.55933963,0.697511117
0.031122169,0.031544036,0.093074162,0.097800155,0.098014401,0.09808986,0.098128051,0.098345356,0.098476998,0.0984984,0.098610368,0.098741857,0.09888374,0.098975688,0.099048244,0.099113387,0.099316199,0.099454232,0.099478049,0.099562178,0.099627382,0.099722969,0.101421375,0.110769023,0.119881431,0.123404099,0.136202975,0.166643656,0.18152068,0.184946555,0.213627081,0.23140303,0.239132301,0.279483151,0.307486193,0.342333173,0.376613245,0.405257531,0.452965758,0.507413882,0.536999031,0.578686485,0.61748258,0.762623132
0.030461415,0.250946106,0.252145254,0.252023032,0.25202936,0.252398214,0.252398948,0.252568753,0.252905515,0.256406589,0.256529356,0.256647097,0.256752826,0.256872579,0.256994938,0.257114646,0.257149529,0.257278312,0.257453446,0.257638511,0.257660361,0.259270914,0.260078895,0.262370818,0.278945745,0.320003726,0.337912377,0.33820881,0.343587778,0.361840707,0.376923225,0.377442176,0.407083412,0.438182367,0.469670068,0.508943018,0.552739695,0.594858189,0.62036278,0.648859795,0.719778061,0.759899011,0.804575227,0.956494273
0.030829469,0.277422988,0.277602688,0.277690389,0.277788823,0.277898206,0.278005499,0.278108466,0.278201672,0.278370839,0.278455512,0.278560328,0.278573509,0.278657851,0.278724721,0.278856222,0.27895577,0.279061868,0.279239541,0.279323207,0.279488892,0.281017789,0.281804139,0.292616416,0.300877085,0.349979803,0.366758646,0.367058057,0.371430596,0.40792645,0.408142574,0.426264443,0.440890451,0.471109433,0.5068062,0.550661418,0.58712101,0.623262548,0.669851275,0.740293892,0.786617954,0.812396735,0.855806406,1.021357522
0.030750504,0.237404088,0.237265781,0.237795602,0.238806798,0.238934249,0.239040127,0.239244282,0.240117149,0.240065865,0.240542533,0.240762063,0.241447568,0.243083819,0.243756649,0.243905545,0.244460029,0.245209441,0.247633531,0.247742346,0.249470125,0.250388227,0.250861042,0.252612085,0.260222212,0.31508031,0.333870209,0.334009483,0.339124137,0.370624838,0.40017873,0.41137155,0.412007838,0.450918558,0.479276178,0.524834013,0.568446685,0.600031471,0.647635474,0.677177931,0.750068301,0.793475932,0.837256506,1.006960703
0.030494451,0.091730648,0.096011096,0.096143483,0.096238557,0.096367799,0.098987061,0.230651694,0.232040231,0.232102629,0.232446452,0.232545023,0.232842072,0.233172127,0.233568349,0.233530592,0.233793689,0.233880011,0.234601567,0.234735131,0.23487331,0.239219035,0.245759352,0.247842009,0.255830402,0.308259238,0.308759968,0.326919741,0.327152342,0.33283994,0.365663611,0.390600109,0.399195412,0.436799487,0.468226558,0.508247915,0.549246628,0.579216954,0.621274255,0.691375107,0.73292571,0.76050943,0.802946044,0.9558553
0.03191133,0.079378128,0.079701709,0.080142513,0.079826316,0.08039633,0.080614469,0.081313345,0.081347926,0.081306127,0.081380349,0.081405461,0.081758086,0.082016796,0.081938003,0.082585768,0.08223973,0.082202635,0.082668424,0.083115094,0.084405923,0.085535431,0.085511316,0.102164311,0.113217562,0.149405511,0.1623033,0.162544851,0.164124384,0.179598918,0.207205562,0.219479906,0.220028411,0.25709899,0.283737129,0.311924032,0.345859983,0.376595166,0.418276083,0.464509954,0.505921098,0.535540631,0.56933273,0.706258058
0.032214516,0.251212837,0.252476262,0.252573691,0.25275696,0.252781066,0.252871231,0.253001665,0.253075644,0.253219728,0.253347264,0.25350581,0.253578472,0.253663717,0.253767835,0.253888661,0.253988235,0.254189175,0.254285457,0.254394223,0.255034911,0.256456648,0.257332726,0.267281635,0.271637126,0.315310784,0.33325639,0.333556655,0.339760467,0.372030165,0.372590216,0.392170687,0.401300356,0.426004625,0.459458663,0.505247638,0.534764082,0.566142686,0.613438616,0.677194494,0.723247108,0.75205916,0.791734359,0.960616002
0.029863442,0.111301949,0.114354645,0.114463245,0.114587487,0.114664927,0.114411965,0.114972219,0.115070828,0.115194815,0.115247033,0.115340243,0.115472021,0.115624001,0.115755012,0.115878456,0.115951573,0.116090029,0.116220456,0.116334087,0.116733492,0.118441919,0.119305637,0.142052064,0.146515804,0.213902956,0.236190994,0.241290479,0.247333748,0.287754165,0.321236644,0.336756194,0.337688932,0.381817146,0.428114862,0.468625994,0.524263319,0.57890614,0.634318086,0.657075252,0.77647116,0.814849998,0.866291584,1.071192908
0.030750359,0.239371625,0.239517664,0.240333949,0.240996547,0.241004774,0.241151405,0.241316892,0.241232275,0.241654649,0.241310579,0.242025972,0.242237492,0.242221036,0.248656016,0.250836224,0.250848948,0.251027723,0.251225346,0.251252836,0.251305099,0.252637386,0.253483246,0.264315458,0.268082254,0.309142504,0.309405657,0.327331525,0.32750373,0.327832275,0.361345674,0.383584048,0.394257776,0.42168805,0.453896387,0.494357387,0.528525229,0.561524316,0.604183074,0.670367088,0.700211114,0.736133811,0.7800355,0.929521172
0.0329399,0.243484803,0.24351005,0.244234311,0.244669558,0.245781778,0.246406105,0.246617948,0.246594849,0.246882014,0.246838817,0.24691265,0.247555558,0.247753715,0.250873593,0.251338184,0.252013372,0.252228698,0.252441844,0.253210362,0.252417602,0.256971512,0.260975178,0.266047758,0.290773152,0.361252526,0.362915381,0.386994557,0.387283817,0.394750201,0.440832043,0.477651454,0.49432645,0.542571643,0.587263045,0.648527464,0.688325935,0.743494495,0.807445366,0.912580039,0.971932126,1.015791441,1.074544874,1.287218838
0.030612881,0.098126996,0.252281964,0.25238819,0.252582838,0.252790128,0.253222306,0.253372359,0.253463575,0.253875951,0.253931884,0.253975586,0.254055658,0.254382788,0.254706646,0.256581668,0.257773897,0.257754734,0.258658167,0.259477898,0.259560026,0.260380553,0.26114395,0.265969281,0.27424384,0.327757762,0.347458743,0.347743633,0.351991591,0.388241193,0.390828713,0.433148482,0.480763741,0.481450674,0.518816748,0.549412863,0.580078776,0.611016358,0.65440579,0.724493383,0.766607899,0.794966267,0.83803116,1.002020729
0.084310263,0.099323966,0.099853054,0.101016124,0.101584573,0.101353462,0.101656098,0.10171028,0.10190966,0.102416897,0.102771424,0.102692222,0.103026962,0.102928812,0.103262274,0.103222553,0.103873144,0.105075848,0.104996006,0.105299855,0.105403982,0.105555481,0.106164096,0.119496985,0.127386252,0.168199062,0.181851305,0.182040323,0.18821885,0.219317549,0.219854329,0.243612648,0.255053453,0.289040456,0.310895018,0.351865932,0.396447347,0.424051327,0.458458885,0.533929176,0.55953562,0.593299889,0.638799585,0.791161723
0.031429332,0.258088469,0.258356998,0.259023485,0.259662807,0.262016474,0.262220933,0.262170772,0.262419474,0.26253049,0.262848794,0.262738442,0.262790407,0.263211067,0.263232904,0.263456342,0.263994788,0.267182195,0.270771403,0.271233086,0.271358189,0.27153626,0.271611022,0.272368856,0.275443312,0.292484957,0.353588428,0.381171655,0.38593373,0.428398914,0.4291773,0.461130511,0.474786807,0.514740045,0.573349764,0.611000477,0.66103995,0.699840354,0.748840018,0.834644507,0.882594036,0.91801599,0.965543628,1.149605786
0.030036868,0.09838969,0.098387813,0.098505897,0.098641797,0.098658715,0.098811051,0.098868119,0.098997008,0.099156586,0.099280656,0.099396104,0.099521463,0.099628396,0.099753656,0.099838494,0.099957646,0.100139054,0.100248759,0.10035744,0.229423436,0.229451676,0.239905427,0.247744151,0.250611575,0.302343252,0.307607201,0.321867268,0.327105275,0.365225871,0.367527615,0.368083068,0.408400988,0.444079925,0.477258137,0.518052421,0.563764501,0.594799438,0.637176819,0.707295617,0.750354427,0.778505531,0.820382607,0.97346821
0.031498103,0.098663095,0.09845166,0.098605697,0.098652915,0.098707163,0.098921315,0.09905032,0.099142755,0.099262925,0.099378819,0.09947121,0.099581144,0.100051933,0.100184636,0.100263022,0.10039735,0.100508013,0.1006323,0.260098706,0.259812392,0.260348517,0.263460737,0.274280499,0.282362866,0.34220925,0.359248847,0.359501927,0.364840659,0.404755236,0.405256198,0.428262232,0.441384947,0.481442766,0.509620799,0.560173182,0.601894407,0.64608662,0.677750188,0.74854561,0.79053677,0.82135664,0.86325027,1.021831268
0.090613398,0.102340483,0.103669,0.103813502,0.103960773,0.104004195,0.104126611,0.104253823,0.104421319,0.104545234,0.104639563,0.10473618,0.104856389,0.104942163,0.105087687,0.105187157,0.105228525,0.105439773,0.105563188,0.105664056,0.105778195,0.107246598,0.108708842,0.12263367,0.13226162,0.177275208,0.177883338,0.193898252,0.194194196,0.200007732,0.226529459,0.253948339,0.270679722,0.304989349,0.336696592,0.376904839,0.421485131,0.455099787,0.499052292,0.572138583,0.618355565,0.646625042,0.690033367,0.852289594
0.031804114,0.092373209,0.09299778,0.093443334,0.09404401,0.094203107,0.094066487,0.094069737,0.094640139,0.094650162,0.094605127,0.09495354,0.094908709,0.097760954,0.09784806,0.098059699,0.098113501,0.098256596,0.098368447,0.098463169,0.10010729,0.100447218,0.109157923,0.119401804,0.122717276,0.163787812,0.181169704,0.187664716,0.18787179,0.217718753,0.218249083,0.239023272,0.257305471,0.292566396,0.319824432,0.357308483,0.398656166,0.434194631,0.476018674,0.544566443,0.576831859,0.615547512,0.655288808,0.820135542
0.030980022,0.25854261,0.25939264,0.261450057,0.263689273,0.265182868,0.265896707,0.265609689,0.267985039,0.271596046,0.274716213,0.274071564,0.27435694,0.274496908,0.274496322,0.274424187,0.274868066,0.274828834,0.274682425,0.274850699,0.275542509,0.275279136,0.275550173,0.27617907,0.279633809,0.325319558,0.346083065,0.350288565,0.351987342,0.386276865,0.405443646,0.425807502,0.474682399,0.476033975,0.504491257,0.551566095,0.581749748,0.623834147,0.654262165,0.727985881,0.768439498,0.801558702,0.843925699,1.006904067
0.030748139,0.26159672,0.262943323,0.262679469,0.26320974,0.263350333,0.263965319,0.264287668,0.264374493,0.264304877,0.264399388,0.271119283,0.271251535,0.271394118,0.271418471,0.271604595,0.271722632,0.271856635,0.272073211,0.272181163,0.272407748,0.274846432,0.275477273,0.27917466,0.295727813,0.507488969,0.540573715,0.540837273,0.546401767,0.768854398,0.769254649,0.786839984,0.823247752,0.878135528,0.950507002,1.006755715,1.047716017,1.0879108180000001,1.151863909,1.244219483,1.284456384,1.336406956,1.3905163090000001,1.589061724
0.030811653,0.239292291,0.238725241,0.239427012,0.239572133,0.239534051,0.240677552,0.241128528,0.240301917,0.2413967,0.241237984,0.242475874,0.240956243,0.242706794,0.24171151,0.241497978,0.242820224,0.241600311,0.241898443,0.242294467,0.243929704,0.24486409,0.248821904,0.255243914,0.261400213,0.323325478,0.338089343,0.338298883,0.342730623,0.385382133,0.385541041,0.405167017,0.426147058,0.459862409,0.492999848,0.539018686,0.580935255,0.615932951,0.665234094,0.747519058,0.792276536,0.827596692,0.877658867,1.068876683
0.031572207,0.091825638,0.09313378,0.093971938,0.09404956,0.093952117,0.094455764,0.09452567,0.095004397,0.095035005,0.094816065,0.095597959,0.095498855,0.095986028,0.096049949,0.0969652,0.097073828,0.097211128,0.100138005,0.10027928,0.100420154,0.100159901,0.112952647,0.114944781,0.12294954,0.160117043,0.169687402,0.181904506,0.186394232,0.219280961,0.238505301,0.241027138,0.252444894,0.294490491,0.324776845,0.35459853,0.385472199,0.428533223,0.466082389,0.540428188,0.580988027,0.608828285,0.653927207,0.81895649
0.031351119,0.241533828,0.239834939,0.239764473,0.240615786,0.240709925,0.239942177,0.239912828,0.239699674,0.239781523,0.239722039,0.23961664,0.239590493,0.239522339,0.239478611,0.239380835,0.239334503,0.239209367,0.239222867,0.239055942,0.238976956,0.239835443,0.24076953,0.251218949,0.258560143,0.321369779,0.327938634,0.327975623,0.33507664,0.379305272,0.379591199,0.394493017,0.421701342,0.452044514,0.48791462,0.515842145,0.561537623,0.600445685,0.644066731,0.710723246,0.753315106,0.781520643,0.82827235,0.980728779
0.032301292,0.247403784,0.247592747,0.248153955,0.248484783,0.257286149,0.259473093,0.259375146,0.259490054,0.259777971,0.259897519,0.259989721,0.259857044,0.260268508,0.260397987,0.260496634,0.260583459,0.260654833,0.260783156,0.260893795,0.260914721,0.261408349,0.262618472,0.272453419,0.277147149,0.321880553,0.340672337,0.340967352,0.347008181,0.355038094,0.377876588,0.37834,0.403407942,0.429878573,0.463038278,0.5037186,0.533976078,0.565414217,0.610166351,0.669945938,0.701802354,0.737379465,0.774113784,0.923835822
0.03575976,0.103647755,0.103631895,0.103781564,0.103790401,0.104238482,0.103961675,0.104452804,0.104566167,0.104592693,0.104459782,0.104872084,0.104942585,0.105056918,0.10518824,0.105260193,0.105329389,0.105608537,0.105763202,0.10581923,0.107164523,0.107821862,0.119895131,0.120114468,0.12754289,0.133333775,0.174765577,0.175169121,0.190181082,0.190493012,0.21439409,0.243882611,0.259897265,0.294134412,0.321319882,0.358747748,0.398601266,0.429768986,0.474757385,0.53815899,0.579928027,0.611742536,0.650489753,0.802491809
0.031378796,0.242153634,0.242411809,0.243110738,0.243282985,0.244023428,0.243966277,0.243428824,0.243874197,0.243793678,0.243912318,0.244145124,0.244434845,0.258626685,0.256407564,0.257256686,0.257073681,0.257122616,0.256852494,0.256831838,0.256311048,0.25745352,0.258363053,0.268637278,0.275427667,0.317738025,0.333433055,0.333798187,0.339734772,0.340462068,0.370686552,0.407465868,0.408500734,0.433215346,0.465439316,0.508493111,0.540040922,0.585179983,0.616984666,0.630521201,0.722011633,0.749729769,0.786917625,0.938104999
0.030151225,0.248315766,0.251349452,0.25202608,0.252113366,0.252397472,0.252411504,0.25253977,0.253127918,0.253343579,0.2535221,0.253675173,0.253949077,0.253908766,0.254024077,0.254000928,0.254386332,0.254387024,0.254330343,0.254703138,0.255455146,0.255889997,0.256806566,0.26760137,0.275567433,0.324089952,0.343492653,0.343862497,0.349042464,0.373896435,0.379879745,0.404737795,0.411134964,0.448772286,0.477642303,0.518878283,0.559486497,0.602164277,0.630441586,0.670114072,0.73553743,0.763504059,0.803557073,0.96628597
0.031008366,0.23550161,0.235191031,0.235094732,0.235415433,0.235505837,0.235784613,0.236346214,0.236547754,0.237016263,0.237471475,0.237537477,0.23727848,0.238095263,0.238403756,0.238179732,0.238419414,0.238535628,0.23869614,0.238638481,0.240135417,0.244253463,0.246765711,0.260899943,0.268938874,0.28607394,0.286499075,0.299001499,0.315833552,0.331294529,0.351726723,0.359489626,0.388675447,0.422665619,0.460320911,0.493048665,0.493666522,0.523457752,0.551940057,0.598612913,0.642850965,0.674210852,0.741135321,0.846003117
0.030524811,0.079781371,0.081249004,0.081322477,0.081510535,0.081574382,0.081638893,0.08179825,0.081558251,0.082002742,0.082165937,0.082237378,0.082325473,0.082452333,0.082511561,0.082642358,0.08279635,0.082903213,0.083026579,0.083052279,0.083162019,0.084923224,0.085067045,0.095258519,0.106397791,0.141764913,0.159990295,0.164784172,0.16511414,0.184834215,0.185230384,0.200045511,0.207211519,0.239643692,0.269547833,0.316577657,0.342790783,0.359207891,0.392024845,0.410974415,0.456529759,0.516213573,0.549121431,0.687684411
0.031227016,0.28059309,0.28093519,0.281074099,0.281308104,0.281210524,0.281425865,0.281496478,0.28364289,0.281917707,0.28256489,0.282542104,0.282330444,0.282376305,0.282935208,0.28329599,0.283390752,0.283622975,0.283738457,0.283739521,0.284109244,0.285012068,0.286980084,0.28748104,0.289609552,0.303117419,0.360999085,0.363897894,0.390910316,0.394754044,0.437754738,0.470094156,0.483835471,0.523296063,0.560789397,0.613197855,0.661909586,0.697562966,0.750749581,0.770573851,0.880987165,0.91424686,0.962868367,1.140538881
0.031438041,0.244984045,0.245035848,0.245165222,0.245079289,0.245179829,0.245523762,0.245674038,0.245797803,0.24566259,0.246073834,0.246214153,0.246287177,0.246399575,0.24643684,0.246545124,0.246677239,0.246818623,0.246898796,0.246926325,0.251704205,0.256969695,0.258079603,0.259963636,0.267046196,0.321445714,0.321918632,0.335596633,0.335895865,0.34201247,0.380209161,0.398416276,0.409076902,0.447078404,0.482387447,0.532870833,0.577902867,0.604494102,0.645323143,0.728020297,0.776960748,0.802237873,0.838787475,1.011240906
0.035930123,0.036355903,0.08448079,0.085061536,0.085442283,0.084652701,0.085387693,0.086189486,0.086707906,0.086623549,0.087209799,0.087912411,0.087217685,0.088405954,0.0884107,0.088551853,0.088694546,0.087421432,0.088209189,0.088663812,0.088310111,0.088785718,0.088499862,0.096288416,0.114870262,0.120832949,0.144059386,0.144193115,0.161709274,0.168384427,0.194456806,0.444896588,0.482764551,0.492173258,0.525024177,0.538603979,0.561785031,0.600148767,0.636825131,0.652445583,0.726903143,0.753832147,0.789737795,0.922935447
0.036154026,0.079796497,0.080278391,0.080790348,0.080783533,0.080755075,0.080777649,0.081427445,0.082907392,0.083053405,0.083914467,0.083614732,0.084378219,0.085025906,0.0893298,0.089299189,0.089530425,0.089623648,0.089677824,0.089793032,0.089930102,0.089983447,0.090052261,0.090481564,0.096371906,0.104885173,0.160049376,0.160700242,0.169625547,0.205857657,0.227406308,0.241741268,0.24239259,0.388637801,0.407054968,0.459392605,0.480118928,0.501361886,0.544866676,0.597842895,0.636622228,0.660899003,0.69348291,0.835546786
0.030577886,0.094522253,0.096440511,0.096567562,0.096925297,0.097056102,0.097135166,0.097267025,0.097472669,0.097252511,0.097754412,0.097885022,0.09808624,0.09819161,0.098397174,0.098456659,0.098609388,0.098791047,0.098972464,0.099092122,0.099166431,0.257323075,0.257804301,0.26098944,0.274920894,0.325710017,0.343251306,0.34355961,0.348946264,0.377899253,0.405491844,0.420339739,0.447029164,0.447704073,0.493261993,0.521218832,0.56331921,0.591272206,0.634911991,0.704001123,0.744713727,0.774133341,0.815413874,0.970672638
0.030719994,0.253518315,0.253141907,0.252928489,0.252951207,0.25283324,0.252710955,0.252606196,0.252618971,0.252574402,0.252444791,0.252492004,0.252678878,0.252737469,0.252933092,0.253060434,0.25311387,0.253215854,0.253304055,0.253347892,0.253454284,0.255188469,0.255962746,0.42001751,0.429197279,0.507066366,0.523614191,0.527004718,0.537243207,0.590867604,0.590883379,0.6229425,0.64052463,0.708408366,0.750104979,0.791934085,0.854761867,0.893476784,0.958735051,0.978839633,1.105603787,1.144120341,1.203648553,1.414768646
0.030481377,0.273656377,0.273744212,0.273869908,0.274090543,0.274147354,0.274343294,0.274405347,0.274567035,0.27465246,0.274836716,0.274933853,0.275107094,0.276852381,0.277396571,0.277539814,0.277604866,0.277727942,0.277866243,0.27804969,0.27805845,0.27932207,0.281380165,0.298198844,0.300637274,0.340512387,0.356494897,0.35677775,0.362759239,0.376586,0.397720673,0.432462332,0.43293546,0.463537612,0.497030583,0.539737508,0.578986101,0.627721051,0.657069171,0.731505149,0.761762848,0.801174122,0.847991053,1.006745472
0.031625992,0.222133091,0.223492955,0.223585716,0.223528725,0.223787263,0.223914079,0.223996012,0.224133039,0.223962514,0.224337462,0.224270674,0.224519622,0.224668349,0.2247264,0.224887194,0.2248021,0.225019718,0.225189685,0.225305437,0.225321846,0.226357549,0.227210035,0.238014881,0.245902278,0.283761603,0.284249415,0.301216762,0.301449276,0.340056167,0.361350045,0.370745102,0.387288126,0.392676123,0.42661717,0.472726288,0.5056725,0.547129266,0.579154783,0.638003422,0.684563029,0.712701698,0.747452871,0.902751532
0.031587595,0.24973423,0.252528661,0.252685467,0.25268311,0.252834418,0.252953956,0.253047569,0.253185373,0.253317028,0.25339336,0.25329366,0.253726349,0.253815713,0.253945936,0.254091319,0.254159263,0.254282038,0.255588091,0.256049754,0.256059069,0.256711782,0.25892325,0.260218813,0.275818697,0.317646879,0.337092747,0.33724898,0.342656082,0.344507315,0.373990903,0.374565942,0.402394751,0.430812865,0.46629939,0.511253993,0.53508444,0.575276065,0.623901783,0.658810538,0.733537429,0.759920008,0.799512679,0.965324805
0.036088684,0.094381794,0.09464338,0.095154105,0.098179373,0.095938322,0.099976274,0.100044508,0.100743884,0.100791735,0.100480736,0.100681575,0.100753519,0.100885487,0.10095488,0.1010858,0.101228749,0.101376864,0.101507945,0.101644264,0.101626545,0.102726295,0.104081227,0.106249438,0.125637458,0.140763327,0.174666164,0.186954046,0.192513838,0.219772282,0.238870022,0.265949289,0.267408027,0.307315154,0.336393849,0.357957195,0.396079261,0.440398219,0.472265695,0.530257041,0.57398147,0.606461547,0.649403025,0.809050883
0.029743478,0.250090953,0.249957698,0.250051062,0.250398391,0.250519143,0.250616721,0.250447721,0.25080305,0.250999287,0.251096279,0.251151141,0.251291971,0.251414324,0.251501098,0.251549389,0.251763322,0.251914295,0.251969784,0.252102433,0.25225153,0.252907762,0.263367137,0.265393728,0.271572951,0.316791693,0.334912646,0.335174074,0.340564482,0.357824521,0.368914576,0.395113125,0.433849658,0.434389421,0.46642325,0.507756191,0.544635653,0.578727428,0.62095029,0.692116902,0.733105136,0.759437173,0.803669597,0.960523107
0.031348258,0.2591136,0.265905747,0.26600587,0.266075948,0.266181234,0.266304436,0.266406686,0.266524415,0.266660126,0.266808097,0.266918794,0.267044746,0.267174578,0.267334029,0.26746192,0.267683084,0.267703885,0.267987191,0.268045583,0.268250556,0.269709214,0.270668117,0.281574422,0.284545956,0.338526734,0.36960321,0.369860845,0.375541768,0.413321385,0.413884023,0.434765499,0.45901865,0.509800633,0.54817499,0.582596549,0.628808274,0.672150446,0.706287093,0.783604198,0.831576546,0.862746096,0.908807104,1.080871528
0.03549373,0.08469632,0.085588814,0.086584571,0.085813916,0.086093574,0.086726284,0.086708122,0.090068734,0.090207771,0.090328106,0.09040263,0.090514227,0.090646664,0.090715839,0.090538903,0.091000415,0.091070422,0.090595902,0.091271726,0.091387764,0.091409406,0.091395887,0.092085165,0.131541935,0.157280762,0.174190483,0.174480098,0.251908882,0.509995713,0.511249734,0.521499989,0.523557451,0.547777379,0.563797941,0.612191781,0.639863983,0.676070041,0.704622632,0.78383114,0.797484974,0.8194412,0.859519445,0.994746373
0.030756688,0.25515769,0.25458488,0.254618971,0.256199443,0.256416036,0.256608622,0.256799439,0.257189024,0.258106204,0.258552516,0.258212903,0.258722373,0.258600681,0.258625903,0.258871094,0.258827119,0.258986315,0.258941459,0.259407094,0.268332931,0.268616695,0.272015202,0.284113503,0.446710294,0.521726183,0.551632904,0.557280111,0.558475797,0.594128591,0.660828679,0.667143996,0.723449097,0.725919661,0.773205789,0.840261092,0.899625932,0.947204269,1.010857889,1.142587384,1.166955903,1.206903997,1.266242089,1.472928151
0.030766327,0.091268612,0.091959262,0.09264638,0.092632969,0.097756149,0.097809841,0.097894213,0.098186575,0.098267435,0.098335814,0.098450204,0.098545792,0.098672829,0.098770619,0.098966956,0.099083033,0.099168366,0.099283465,0.099396894,0.09928725,0.100170959,0.258688739,0.259796512,0.269825328,0.277675215,0.3315617,0.347645811,0.353733397,0.388597345,0.389404542,0.411568324,0.42845891,0.460252656,0.493261424,0.538713239,0.577275582,0.608953334,0.646925347,0.690406816,0.759982722,0.788289782,0.829898575,0.984520099
0.030993675,0.097901728,0.249512278,0.249602832,0.249738716,0.250210442,0.250462401,0.250565917,0.250875029,0.250844274,0.251035318,0.251522473,0.251448112,0.252399074,0.25252623,0.253749922,0.254863297,0.254918331,0.255964091,0.256946287,0.256460038,0.25719858,0.257417525,0.263075256,0.271536149,0.326587112,0.345016004,0.345282747,0.350381303,0.39029139,0.390764576,0.397241775,0.42892428,0.467870711,0.499315014,0.545290187,0.59008905,0.6204666,0.667412296,0.738612551,0.781988633,0.812960679,0.856651895,1.018686008
0.030750675,0.254379108,0.25523293,0.255277903,0.255380368,0.255546363,0.255607703,0.255758614,0.255841095,0.255979578,0.255931341,0.256243372,0.256273722,0.256429806,0.256527905,0.256596029,0.256758331,0.256880338,0.256980487,0.257059923,0.257129947,0.258846003,0.259756198,0.268891922,0.276164158,0.470778194,0.488814561,0.495568157,0.49576241,0.52190163,0.543695974,0.560193767,0.560558394,0.594483207,0.620250161,0.664080121,0.703768829,0.732030522,0.77871423,0.847175417,0.888348466,0.916680872,0.959760093,1.115903688
0.03234466,0.263419145,0.259380822,0.262896065,0.26290692,0.262728944,0.262752031,0.262681342,0.262620206,0.2625348,0.262527707,0.262461904,0.262394578,0.26233638,0.262453366,0.262546592,0.26264198,0.262751816,0.262912083,0.263013014,0.263061141,0.263124089,0.263990098,0.286777478,0.297389593,0.35956538,0.383494214,0.385076126,0.394824465,0.44044355,0.44336207,0.477019289,0.493220434,0.538397184,0.580972393,0.637931335,0.695305125,0.735361318,0.795032559,0.886863317,0.942856407,0.980168981,1.03750731,1.244245904
0.030174195,0.21648395,0.219905085,0.21779325,0.218128884,0.218299332,0.219343345,0.219070585,0.218947197,0.219715773,0.220004215,0.220004102,0.220388996,0.2203009,0.221919369,0.221469051,0.221825719,0.22191369,0.222522468,0.2227358,0.223199307,0.224727774,0.226279887,0.226582482,0.230175974,0.282178095,0.32162046,0.327712625,0.328047942,0.390846758,0.400416429,0.418005177,0.438412788,0.470644264,0.498409352,0.545704921,0.589034434,0.639646118,0.671325694,0.745915015,0.790200751,0.82219146,0.866505896,1.023071865
0.03067347,0.094304796,0.096253717,0.096368873,0.096510657,0.096676837,0.096730328,0.096902736,0.097033596,0.097284579,0.097223896,0.097338757,0.097477755,0.097600926,0.097734601,0.097890611,0.097997503,0.09814493,0.098315753,0.098411454,0.098509951,0.233891183,0.234563994,0.246208902,0.254368674,0.30433996,0.321360166,0.321628829,0.327229257,0.347518479,0.351700344,0.382566683,0.395831502,0.421696538,0.456598478,0.49634284,0.536234559,0.562850097,0.606773063,0.672048925,0.71105775,0.73875454,0.777748573,0.926234088
0.031224539,0.244758938,0.245967584,0.246022458,0.246755229,0.246675738,0.247082123,0.247099565,0.247175901,0.247316839,0.247513723,0.247649779,0.247429405,0.247918046,0.248134375,0.248416333,0.248292101,0.248621402,0.249050294,0.249113243,0.249460194,0.250305015,0.250948923,0.253405882,0.253862705,0.262060624,0.483540421,0.484711015,0.510493827,0.514842354,0.561151,0.595344553,0.610214856,0.650303523,0.690363885,0.747323603,0.799771009,0.834984386,0.884921875,0.969790464,1.0223843,1.057847624,1.111858624,1.299240004
0.030161109,0.247353413,0.249533606,0.249635549,0.24975879,0.249914817,0.250040905,0.250166799,0.250309609,0.250453365,0.250421563,0.250698012,0.250781868,0.250767234,0.250879973,0.251192711,0.251276205,0.251497448,0.251564585,0.251684412,0.251811775,0.2535297,0.25435122,0.256478197,0.271393271,0.307510783,0.328035405,0.328097005,0.335926386,0.346791056,0.364730648,0.365155078,0.393102707,0.419614631,0.45436612,0.494986379,0.527972949,0.562139386,0.60479649,0.67091131,0.713044347,0.737289399,0.780906476,0.932096262
0.031400198,0.249698202,0.249267898,0.249770043,0.250037913,0.250016097,0.25028847,0.250471607,0.250697921,0.251113881,0.25118953,0.252158222,0.252834123,0.252770711,0.252931886,0.253158331,0.25468012,0.254786781,0.255276432,0.256070336,0.256577099,0.257208872,0.25712355,0.264376454,0.272522161,0.32311694,0.341586732,0.341824896,0.346615909,0.377607325,0.378238212,0.406544449,0.418905856,0.455487454,0.498170353,0.53001739,0.569778538,0.600100949,0.643570631,0.684750571,0.753551358,0.783370315,0.824481766,0.979162634
0.031199308,0.268370709,0.269662803,0.268984788,0.269035414,0.269050976,0.269683898,0.269738092,0.269814169,0.269955658,0.269884151,0.270245068,0.270178831,0.270764074,0.271231568,0.271403375,0.273588458,0.273699683,0.273832478,0.273919697,0.273971132,0.276680456,0.277447031,0.288604526,0.288927572,0.295756177,0.333311181,0.355269375,0.361326742,0.389714804,0.413874545,0.417610599,0.441624177,0.442373812,0.482561572,0.524771748,0.556248666,0.589131368,0.634693859,0.700934098,0.743228884,0.767413274,0.810527117,0.963136502
0.030622435,0.271229737,0.270348482,0.271621372,0.270775043,0.270682735,0.271265625,0.272273544,0.272567498,0.272661656,0.272647169,0.275355219,0.275448582,0.275495244,0.275778089,0.275922048,0.275914234,0.276020354,0.2762212,0.27630228,0.276476884,0.27648254,0.276894063,0.278270021,0.289622685,0.297493989,0.335036535,0.353499401,0.353725637,0.359411749,0.391451997,0.415878166,0.426159344,0.466979626,0.501451094,0.531600815,0.566702327,0.608657581,0.64001886,0.704107872,0.747982749,0.776000717,0.816470063,0.973078209
0.032066482,0.099169669,0.100445376,0.100651451,0.100784554,0.100866415,0.100992369,0.101089837,0.101105596,0.101222474,0.101298731,0.101503251,0.101600119,0.101657737,0.101772898,0.101937357,0.102031902,0.102095714,0.102233021,0.102306813,0.102405067,0.257863119,0.266685475,0.269048972,0.277035668,0.324844331,0.325780661,0.343365734,0.345961957,0.349103889,0.385299428,0.385656542,0.420810704,0.452348935,0.487358026,0.530304963,0.571662006,0.606440397,0.649215473,0.725857678,0.766825351,0.799079878,0.845726917,1.008919113
0.031740861,0.093603225,0.094631177,0.094496765,0.094901294,0.09501832,0.095204897,0.095278637,0.095423784,0.095475647,0.095614744,0.095753763,0.095895789,0.095903371,0.096024462,0.096179384,0.096342743,0.096419327,0.096354556,0.09678417,0.097782803,0.097899397,0.099427576,0.197140108,0.207947711,0.213209233,0.427733305,0.444364699,0.444672873,0.47735583,0.481621362,0.517419335,0.532701222,0.572493793,0.602154301,0.652953177,0.697654992,0.726978117,0.775275164,0.845733932,0.888324915,0.918002051,0.961460931,1.117835849
0.031665516,0.091923683,0.096312201,0.096435065,0.096559643,0.096650127,0.096783473,0.096610694,0.096976134,0.097171523,0.097301768,0.097403426,0.097464646,0.097571645,0.097645161,0.097767696,0.097936457,0.098048837,0.098152361,0.098255619,0.098324805,0.236759218,0.238117754,0.247028006,0.254903799,0.304591229,0.324027199,0.324161775,0.329837439,0.363076698,0.363244525,0.38762011,0.398857877,0.433538405,0.474981485,0.506015154,0.54605343,0.586867594,0.617889922,0.656016765,0.721705137,0.749573238,0.789040513,0.941452045
0.036008275,0.095325154,0.095169137,0.095327324,0.095613868,0.096056743,0.095794616,0.096431819,0.096141565,0.096293898,0.096376199,0.096233883,0.096294045,0.096355234,0.096526637,0.09644645,0.096626285,0.100828429,0.097830407,0.0979194,0.097962434,0.099513403,0.100040049,0.102042043,0.124531245,0.174452574,0.174556942,0.186366368,0.186601307,0.191757351,0.219310327,0.245826268,0.264827558,0.298451719,0.326442181,0.36198389,0.394008845,0.441857022,0.482997829,0.580333349,0.598772889,0.625705065,0.666800355,0.826043775
0.031410846,0.278853569,0.280721983,0.280746097,0.280835947,0.280603246,0.280672075,0.280456974,0.280547822,0.280492267,0.280457285,0.280332018,0.280055102,0.280593536,0.280323367,0.280479349,0.280571032,0.280699772,0.28084973,0.281015739,0.281163356,0.282884592,0.28321645,0.294041624,0.297800619,0.370393771,0.376808024,0.391431722,0.396696816,0.441105295,0.476653259,0.484295331,0.485091648,0.542258131,0.590680944,0.626359556,0.663679855,0.715794284,0.769932087,0.854431259,0.90150669,0.936554936,0.994465971,1.190836671
0.031247858,0.250937447,0.254106215,0.254278967,0.254378862,0.254184618,0.254274151,0.254650405,0.254810562,0.254915714,0.254958605,0.254807478,0.254875082,0.255430645,0.255522289,0.25552511,0.255595978,0.255754821,0.255809013,0.255993785,0.256639216,0.257926548,0.25882609,0.26953771,0.273086025,0.317831944,0.338279503,0.343885196,0.344043951,0.359798313,0.374784204,0.375315068,0.399990033,0.43019536,0.477028286,0.509262903,0.535666155,0.5681348,0.609992739,0.674066194,0.716421685,0.740705179,0.7852404,0.945025931
0.030000154,0.269081669,0.269576735,0.269753715,0.270031409,0.270299398,0.271060041,0.270657108,0.27133164,0.271751463,0.271484805,0.271732083,0.271789408,0.271704585,0.272191937,0.272323095,0.272223538,0.272487932,0.272385727,0.272596666,0.274931153,0.27652106,0.277464151,0.287929002,0.300075003,0.366199655,0.384625478,0.384911108,0.388626941,0.424703614,0.431194527,0.463975013,0.477359563,0.517979945,0.558013181,0.596241689,0.644990913,0.698754978,0.748823799,0.829200736,0.87968265,0.912754141,0.962020517,1.159316554
0.030724851,0.233693225,0.233811738,0.234960366,0.235165638,0.236306412,0.235976185,0.23669168,0.237007274,0.237491873,0.23762395,0.238272584,0.238293554,0.238521628,0.238728624,0.238798915,0.240630722,0.240876016,0.241203916,0.241320608,0.241597566,0.242809332,0.243607787,0.258660615,0.266078458,0.299933727,0.314266817,0.314890887,0.315228781,0.337118074,0.35334564,0.371193582,0.371723397,0.387855344,0.415688989,0.457439373,0.501700033,0.524210859,0.548597624,0.55647439,0.650302432,0.679730039,0.708273981,0.851659286
0.031880622,0.254795807,0.254879002,0.255308739,0.256445128,0.256121444,0.256309822,0.256525877,0.256932355,0.257570383,0.257920556,0.257954641,0.25824697,0.258559453,0.258656489,0.258704577,0.259073339,0.259106152,0.259224187,0.259538348,0.2698261,0.270636598,0.283654483,0.291035846,0.299649986,0.350814037,0.376992688,0.377198474,0.377520682,0.422386269,0.422580573,0.453336436,0.47636617,0.515556643,0.552462304,0.60416478,0.651750671,0.687221129,0.738682796,0.817685921,0.866218415,0.898421711,0.946128747,1.120099286
0.030855542,0.256332927,0.257148525,0.2571387,0.257539348,0.257660723,0.257752902,0.258569188,0.25885962,0.259248163,0.259201585,0.259424174,0.259623094,0.25938786,0.259459497,0.259717558,0.259894306,0.260065578,0.260304637,0.260115124,0.263777315,0.264383037,0.275944717,0.281048184,0.288280346,0.510547277,0.530772356,0.530993314,0.540474861,0.591765936,0.592264212,0.616562633,0.643138885,0.687245136,0.730186454,0.789328451,0.847216095,0.886737423,0.944787426,1.037201515,1.096269416,1.136619726,1.195011006,1.402852004
0.031178932,0.079809348,0.080757634,0.081610673,0.08144997,0.082047894,0.082662329,0.082640048,0.083076682,0.08291142,0.083148923,0.083299174,0.08440869,0.084515723,0.08408901,0.084594459,0.084983166,0.084839645,0.084997481,0.085270366,0.085489303,0.087650619,0.088580481,0.106982878,0.115978802,0.16484564,0.181863931,0.188797955,0.18912913,0.22124947,0.247192797,0.270611307,0.270895284,0.303475886,0.335806598,0.386059997,0.427364741,0.463537399,0.510286182,0.590281975,0.638630605,0.669730522,0.717463929,0.89520961
0.03142078,0.241321213,0.241964498,0.24253495,0.250338005,0.251149632,0.251281485,0.251353676,0.251503129,0.251678737,0.251633495,0.251907544,0.251990682,0.252113603,0.252140284,0.252269943,0.252463286,0.252543927,0.25247602,0.25247337,0.252611322,0.254569228,0.255463787,0.265899172,0.270389564,0.322864238,0.341796368,0.342016765,0.346636439,0.379197902,0.39721498,0.409417351,0.409957957,0.442023047,0.473533931,0.523435698,0.568391046,0.60347821,0.636286583,0.668402621,0.750620334,0.787751625,0.829179371,0.992426371
0.031186772,0.251677388,0.251986104,0.252115354,0.252115209,0.252377767,0.252504641,0.25260898,0.252684673,0.252804495,0.252754831,0.253111247,0.253230218,0.253156193,0.253467657,0.25362127,0.253687231,0.253787939,0.253963563,0.254073912,0.254116165,0.256105449,0.257108112,0.267234379,0.27284073,0.319523912,0.337947581,0.338203843,0.338446768,0.372204451,0.372745715,0.394090385,0.404519213,0.450165754,0.482297846,0.508306883,0.544869411,0.57828745,0.621254862,0.634861818,0.732549359,0.757523512,0.803224596,0.959198584
0.030700317,0.094437208,0.095109468,0.096042267,0.096262911,0.096181216,0.096492205,0.09636573,0.096761828,0.096444966,0.096778737,0.096886093,0.096638577,0.097219067,0.100247591,0.098190532,0.098254951,0.098357759,0.098681033,0.098686444,0.09909543,0.09897885,0.100693394,0.117246938,0.12567011,0.171169113,0.182232004,0.182559576,0.187953593,0.222708251,0.24378776,0.261305572,0.262036486,0.292026196,0.31771301,0.354761312,0.398808602,0.439779883,0.466253751,0.563817348,0.577976105,0.603453058,0.645724193,0.800998196
