0.070920844,0.128768465,0.141530156,0.141291977,0.147766225,0.147811868,0.147800084,0.147711373,0.147223506,0.147760077,0.154164755,0.154060848,0.154083836,0.15403136,0.154090854,0.153991504,0.191945345,0.192752918,0.192737076,0.192691983,0.192932317,0.194619713,0.215089284,0.264453617,0.274971009,0.318220864,0.515022817,0.521462488,0.836048332,0.939890523,1.118515334,1.19517748,1.441875694,1.5729426229999999,1.603156638,1.6511048050000001,1.67314833,1.7448511500000001,1.7874114049999998,1.832996222,1.8436212969999999,1.9142085610000001,1.9202400370000001,2.395276687
0.027522285,0.137521719,0.137686395,0.137539722,0.140264723,0.140305817,0.14022878,0.140213633,0.151545287,0.151551543,0.151482842,0.151588032,0.151578822,0.151561158,0.151428743,0.151297091,0.170009625,0.169977131,0.169959472,0.169576465,0.17418298,0.177218121,0.221727498,0.265602793,0.319267593,0.532060735,0.570975,0.638560962,0.917791845,1.008825664,1.284109987,1.2826363330000001,1.64641272,1.7831042350000001,1.7998726189999998,1.818982345,1.8214363900000001,1.839140225,1.911054358,1.917235417,1.986966421,2.078425644,2.07907549,2.563435825
0.042354754,0.192389949,0.196774164,0.203350477,0.203265471,0.223444477,0.223421356,0.22329393,0.223462455,0.223228828,0.223373645,0.223278092,0.253399734,0.253387946,0.253413035,0.253459543,0.253350041,0.253522452,0.25348144,0.253583772,0.276681405,0.284917825,0.285163131,0.323264965,0.33603375,0.363361561,0.599245996,0.626720909,0.930800405,1.045348261,1.330452196,1.385703618,1.700461045,1.818011622,1.833680589,1.850922283,1.886343116,1.8876543959999998,1.9537726960000001,1.9627811880000001,2.020780413,2.121469457,2.12295032,2.632037951
0.075549377,0.076723295,0.215017492,0.215167765,0.215401702,0.216481084,0.229080176,0.229074951,0.228894849,0.228701411,0.228842472,0.228836632,0.229310186,0.229069987,0.229009477,0.228835877,0.229484443,0.229513724,0.250457717,0.250460094,0.250477733,0.255544787,0.276753448,0.317540926,0.368505837,0.388533494,0.584128174,0.595238397,0.956951812,1.077881816,1.322117939,1.451177693,1.750820648,1.81009406,1.827838488,1.8734993530000001,1.883777341,1.899495122,1.926331319,1.9859528800000001,2.040735213,2.125119059,2.132121608,2.614973524
0.045573413,0.076491644,0.18510404,0.19100047,0.190794391,0.193183269,0.203383262,0.215455186,0.215286904,0.215285505,0.215300913,0.215337636,0.215441721,0.230048517,0.230154946,0.229991135,0.230117571,0.230008811,0.230103467,0.229872691,0.229959746,0.263374989,0.263928195,0.331549392,0.345307531,0.403243424,0.600497973,0.60047458,0.958903288,1.085431158,1.345408572,1.461997077,1.5145446809999998,1.755683394,1.797108817,1.828140289,1.835767047,1.849953323,1.9327512119999999,1.9750705659999999,2.022092959,2.103092112,2.109380325,2.6014343650000002
0.105657457,0.111527591,0.117814376,0.118246753,0.118286823,0.118292364,0.142396746,0.142481236,0.14187236,0.142530705,0.142289587,0.142381678,0.142323807,0.163734895,0.163573506,0.163654034,0.163494466,0.163531458,0.163454358,0.163632226,0.18482715,0.186435339,0.256142681,0.299986427,0.348816412,0.549893445,0.5707646,0.589015489,0.702736072,1.003335852,1.218173408,1.223727429,1.363268951,1.5775236449999999,1.649852509,1.664697648,1.666533507,1.6866822959999999,1.7609487860000002,1.799980044,1.851070012,1.9086418649999999,1.910355056,2.352633928
0.077680535,0.210743115,0.210650769,0.222593455,0.228991741,0.228732551,0.22888739,0.228830435,0.228950235,0.238665997,0.238476612,0.238732992,0.238667436,0.238714522,0.238661331,0.238604121,0.238497737,0.252241124,0.252242397,0.252196163,0.252310856,0.254540301,0.258089231,0.327293256,0.343232637,0.407682161,0.592815614,0.643565666,1.03101504,1.135305666,1.4240709950000001,1.581640114,1.7591206000000001,1.949009539,1.9588126959999999,1.993838137,2.024640778,2.135312805,2.145732255,2.183042901,2.210610095,2.310862472,2.317831847,2.837296811
0.082767248,0.11240495,0.116170723,0.116357008,0.116208487,0.136467324,0.13652246,0.136580103,0.136266781,0.136601321,0.136547252,0.15575866,0.155773379,0.155747344,0.155719138,0.157298633,0.157205935,0.157278524,0.157200515,0.175157771,0.175349644,0.176800102,0.178535081,0.215828883,0.232919395,0.29898194,0.489472626,0.512200416,0.889842997,0.951566806,1.175895274,1.257228468,1.580423919,1.693365096,1.7074491809999999,1.728694502,1.7426056399999998,1.750356231,1.818252455,1.897129075,1.917618088,2.008225003,2.014481845,2.483338816
0.097526439,0.102727674,0.111233864,0.111322315,0.111083339,0.111030347,0.137849838,0.137630623,0.137849928,0.137915433,0.137861528,0.137903379,0.137640869,0.1575742,0.1575485,0.161855741,0.1619037,0.161815751,0.161832266,0.1631781,0.183653721,0.186900944,0.210300296,0.261286661,0.310021739,0.508005114,0.550744972,0.801515001,0.84063603,0.996670417,1.105144534,1.251696299,1.499733024,1.723468225,1.744760741,1.752653228,1.779674652,1.806437328,1.820757889,1.885924391,1.917343678,2.014693958,2.019192687,2.509791891
0.094838246,0.097782941,0.102187713,0.123580989,0.123568659,0.123649031,0.130200767,0.132337128,0.132189922,0.132219483,0.132204265,0.132303583,0.132212417,0.13229774,0.132364633,0.143725001,0.143740927,0.143711629,0.143759752,0.143649656,0.14573263,0.179500216,0.194445038,0.239511535,0.260324384,0.269890912,0.478410657,0.518221661,0.938103989,1.004341892,1.263594261,1.342535141,1.587268509,1.641037019,1.6857355219999999,1.722116986,1.766354036,1.822764307,1.843006497,1.89872795,1.923788086,2.013883432,2.018688842,2.483609248
0.081298788,0.113777078,0.121856405,0.126538813,0.130434544,0.132279427,0.132439295,0.132375961,0.133271416,0.133421391,0.132739522,0.134792635,0.134742802,0.134736079,0.168026345,0.168084737,0.168235993,0.168005452,0.167933012,0.185671521,0.185673158,0.185766262,0.190909834,0.235699199,0.266566064,0.316523246,0.542387558,0.558966929,0.873932857,1.031859325,1.283040539,1.355247475,1.63227989,1.757980913,1.7625102990000001,1.790540354,1.816576873,1.824774749,1.90929668,1.948490064,1.985625765,2.066541719,2.072486856,2.55532377
0.073173205,0.089901317,0.090078104,0.089993776,0.112913697,0.120570358,0.120570032,0.155377726,0.155358554,0.15513213,0.155351154,0.15543402,0.155140014,0.155147547,0.171974924,0.171968645,0.171980401,0.177777872,0.190820068,0.190799373,0.190851894,0.190887148,0.191291526,0.231886281,0.262811499,0.307286881,0.495667134,0.513110526,0.804376315,0.972521927,1.215747241,1.215584435,1.611680709,1.694919928,1.7182855350000001,1.737016375,1.736964658,1.7614585630000001,1.8314270449999999,1.870945026,1.908897285,1.9862178990000001,1.998222773,2.480834019
0.151024631,0.155641415,0.155458069,0.155642544,0.155718973,0.161799665,0.161592181,0.161587231,0.161595869,0.161720854,0.161722085,0.170112448,0.170316636,0.170329624,0.170378107,0.170269277,0.170233863,0.171790575,0.171785762,0.173520851,0.180653864,0.192195972,0.193257876,0.254404451,0.285598663,0.307495365,0.488705691,0.51146537,0.907700615,0.929427166,1.150820239,1.206112612,1.423071178,1.565123377,1.576463152,1.6088286649999999,1.619694526,1.645180801,1.666961871,1.719848861,1.746857088,1.8344398100000001,1.83341501,2.256585352
0.086461395,0.15238813,0.152392552,0.157195087,0.165962349,0.170273486,0.169797575,0.170128026,0.169900324,0.170113979,0.170410102,0.170337891,0.170266842,0.179999379,0.180207833,0.17974991,0.179823194,0.179307524,0.180054275,0.180124329,0.179674856,0.179744102,0.221662445,0.294893606,0.337620548,0.382478033,0.562673278,0.597181719,0.841995294,0.984396179,1.221614947,1.299495646,1.5571667040000001,1.597283921,1.623753138,1.66413346,1.674139346,1.6865241050000002,1.76247218,1.803704735,1.848962572,1.9191970569999999,1.925958445,2.360450942
0.040951632,0.07505977,0.162229715,0.162489681,0.162427218,0.162332725,0.162352462,0.162358741,0.162230363,0.16306079,0.163294645,0.165148738,0.166835332,0.166703627,0.166755462,0.166561608,0.16678792,0.166770492,0.166793858,0.174100804,0.174114718,0.174834375,0.198487295,0.250964219,0.27321065,0.323107353,0.470491665,0.53402622,0.930161269,1.023065492,1.2646787320000001,1.3781025470000001,1.577431225,1.628871663,1.703762045,1.722980757,1.736176547,1.7905323100000001,1.851093605,1.863805457,1.918384367,2.012143753,2.024371806,2.514217926
0.074661096,0.077917566,0.168066776,0.172091945,0.174789084,0.174789113,0.206859947,0.20700513,0.206918497,0.206846854,0.214558071,0.214779744,0.214720494,0.214771864,0.214783821,0.21471781,0.214705101,0.224127069,0.22412501,0.256561839,0.256617265,0.259284302,0.26174385,0.326603058,0.340780045,0.405941621,0.607959208,0.620350044,1.008759364,1.090385022,1.347199261,1.425777954,1.7313484799999999,1.762931295,1.834361038,1.899245096,1.899459687,1.931172229,1.9577395119999998,2.008850982,2.068340437,2.15353407,2.155717129,2.638318083
0.075299078,0.203806525,0.211583238,0.211582199,0.211355525,0.211731104,0.22373167,0.223818728,0.223770137,0.223660121,0.22347534,0.223807053,0.223656892,0.223594745,0.223603882,0.223527716,0.22350854,0.244852718,0.244843799,0.244858778,0.244846137,0.250330631,0.25056677,0.315907616,0.354608085,0.416305046,0.642034175,0.680802248,1.057672013,1.168241469,1.4738730709999999,1.557023123,1.739337505,2.003426919,2.01765962,2.0818259709999998,2.092226762,2.1957824,2.211201109,2.262180977,2.305643036,2.38720372,2.390022078,2.883777661
0.105202247,0.104891888,0.106630059,0.158731354,0.158738808,0.158662944,0.16493222,0.164783146,0.164462725,0.164870636,0.165103402,0.164857886,0.165236429,0.164947218,0.164903914,0.164951833,0.18782307,0.18792352,0.188745959,0.190647872,0.209059805,0.209042196,0.259382527,0.31156999,0.337900999,0.570351916,0.591837539,0.690116733,0.790505719,1.029960198,1.263563615,1.272123921,1.477104454,1.6864674160000002,1.7075416350000001,1.720329205,1.741321629,1.754199328,1.804483654,1.851947947,1.9038157340000001,1.980798767,1.985658381,2.435215846
0.079380692,0.208849819,0.231877947,0.23188578,0.231985241,0.23193626,0.233170781,0.23331809,0.233328551,0.23335584,0.233273001,0.245376414,0.245352735,0.245471511,0.2454846,0.245426863,0.245709116,0.245485809,0.245400879,0.245555151,0.24534414,0.268039111,0.270861208,0.325686856,0.348214595,0.399298903,0.594756237,0.642752271,0.921911628,1.103718014,1.346900127,1.408257649,1.7028808500000001,1.778284967,1.816955814,1.822878301,1.857299745,1.871865082,1.899623821,1.965844213,2.019087259,2.103035401,2.106426119,2.59211461
0.079507032,0.107636325,0.118340144,0.118193255,0.119976879,0.122693338,0.133669955,0.133782859,0.133674126,0.139202979,0.139206285,0.139139253,0.1389961,0.139265363,0.176492099,0.176541926,0.176770961,0.176508998,0.176453692,0.176483646,0.176567015,0.17938752,0.1965621,0.236075519,0.259270663,0.259038856,0.496289888,0.522792765,0.814241814,0.982888998,1.236762,1.300126857,1.441548368,1.528121261,1.72597458,1.741770441,1.74798682,1.773691143,1.8644311070000001,1.897684653,1.9538723249999999,2.034757235,2.040857108,2.519399017
0.076929299,0.106915285,0.115112258,0.127048757,0.12706563,0.156884128,0.156966056,0.157001279,0.156929393,0.156998856,0.156695229,0.168854086,0.168811992,0.16871939,0.16878016,0.168672598,0.168709131,0.168783851,0.168838903,0.168744118,0.192643161,0.197015858,0.198027743,0.264905214,0.295726088,0.332275216,0.560675059,0.580840712,0.880585854,1.021936826,1.281760941,1.353597331,1.563657079,1.6221202319999999,1.7422324279999999,1.770852368,1.7788780260000001,1.781357955,1.85326737,1.912864523,1.961619719,2.039155952,2.039913338,2.5167170800000003
0.084808123,0.103174681,0.107199455,0.112567985,0.11504334,0.14876693,0.148697528,0.14862553,0.148734214,0.148609933,0.148714463,0.148641599,0.162436715,0.162426155,0.162474084,0.163808296,0.165045382,0.165018287,0.165008831,0.165009523,0.165017867,0.176113734,0.176402385,0.24084662,0.273797895,0.319518884,0.496255151,0.536401301,0.840197501,0.962049308,1.2014753200000001,1.245320006,1.535785865,1.584775692,1.6497934650000001,1.67194784,1.700102812,1.7585842760000001,1.8098925019999998,1.8151989099999999,1.8518661079999998,1.884046194,1.930906413,2.385408016
0.085144931,0.124044036,0.126986119,0.126839171,0.149924945,0.150303679,0.14990914,0.150303684,0.15017876,0.150215537,0.152720726,0.152801162,0.152682588,0.152663192,0.152070921,0.16793342,0.167982099,0.179240841,0.179252343,0.179240706,0.179237054,0.179319243,0.198072013,0.198770133,0.302207785,0.355242422,0.555254123,0.586948691,0.838844669,0.975193305,1.219329766,1.281890313,1.5289654480000001,1.54959122,1.591507265,1.6111923080000001,1.6833646629999999,1.750135726,1.7570115720000001,1.802383646,1.841893154,1.9078760460000002,1.915626197,2.337674372
0.086076768,0.114722605,0.117021768,0.116890543,0.154272191,0.155514782,0.158026702,0.15811149,0.157872878,0.158138241,0.157682467,0.158152326,0.158056105,0.158070152,0.177729345,0.177640675,0.177891181,0.177775629,0.177706177,0.177762016,0.177643432,0.180911525,0.235993558,0.289437807,0.308618525,0.55642086,0.584720862,0.657239111,0.871441641,1.058333596,1.260185109,1.304229381,1.621138003,1.6985561420000002,1.7370756200000002,1.771351203,1.844554102,1.843842633,1.938349579,1.974251926,2.028451264,2.110123193,2.117912794,2.610992327
0.141433362,0.141524636,0.141469579,0.144399668,0.145318396,0.166120902,0.165983412,0.166193109,0.165911192,0.166155474,0.165826926,0.169278511,0.169733658,0.169662567,0.203477318,0.20355718,0.203528417,0.2034978,0.203546546,0.203496186,0.205164118,0.207466448,0.259836658,0.294587106,0.345368974,0.554992989,0.593454664,0.682186894,0.797733701,1.021520805,1.26547126,1.290215642,1.531627595,1.727789662,1.761750625,1.762886043,1.765280725,1.782241483,1.84784463,1.899362076,1.9543990629999999,2.040420926,2.046915509,2.547940556
0.194907838,0.198418795,0.205594977,0.205585346,0.213462228,0.213533587,0.214247893,0.214079146,0.255971393,0.255990287,0.255813544,0.255737397,0.255807807,0.255928611,0.255846628,0.255920509,0.255828352,0.255724106,0.293180174,0.293377788,0.293172156,0.297963878,0.299524137,0.347955613,0.355629827,0.393395052,0.660782803,0.660751373,0.934825312,1.047611609,1.271524172,1.365755697,1.636877081,1.79304963,1.842935797,1.883007415,1.891257479,1.931131562,1.9894183079999999,2.044342496,2.085845871,2.155914395,2.157619211,2.661137282
0.078087905,0.126042237,0.129022823,0.128995589,0.129206945,0.162992423,0.162533044,0.162800735,0.162949346,0.162797237,0.162902313,0.162687534,0.162948359,0.163020357,0.181212854,0.181150229,0.181193736,0.181131466,0.181062787,0.181004191,0.181255408,0.184335337,0.184564279,0.236323778,0.266425441,0.309258727,0.509171168,0.528640047,0.837115674,0.97747307,1.120468977,1.217723902,1.526222797,1.691688841,1.724054633,1.741163286,1.754965361,1.778520653,1.839955384,1.895337668,1.9088638329999998,1.941685973,1.987046759,2.487228964
0.105830226,0.115896573,0.116145965,0.11582177,0.153500824,0.153571704,0.153496959,0.153698302,0.153552558,0.152974248,0.15362106,0.165417188,0.165450662,0.168936318,0.16895954,0.168735379,0.168801536,0.168951253,0.168893483,0.168901282,0.168882017,0.184952721,0.275966194,0.645873802,0.679225299,0.90545848,0.905484595,0.927925264,0.993968651,1.308889435,1.5379835499999999,1.554059568,1.820579896,1.878021137,1.9944240359999998,2.010158808,2.021674183,2.055941217,2.099652433,2.174744839,2.203930272,2.301566454,2.309816579,2.709576731
0.130308231,0.136305408,0.148387969,0.153277186,0.162282309,0.162291582,0.162106135,0.162284448,0.162248136,0.162321297,0.162252752,0.162726282,0.1625952,0.162713151,0.179386717,0.1789511,0.179274016,0.179340874,0.179405435,0.179530877,0.179323423,0.179269395,0.198921019,0.245780613,0.274070098,0.333364596,0.52463971,0.571664084,0.897493703,1.006935571,1.2557381699999999,1.270166476,1.419640419,1.68000324,1.7679107379999999,1.781857297,1.800601227,1.8232994,1.908258659,1.944146339,1.990436067,2.063086622,2.062320613,2.5475320630000002
0.227890931,0.235613237,0.236617394,0.236627576,0.236636577,0.236507382,0.236314919,0.248501608,0.248485919,0.248305643,0.248515948,0.248372808,0.248397877,0.248389999,0.2485093,0.248937254,0.266127078,0.266929681,0.266954333,0.266894765,0.272143162,0.291427302,0.347247716,0.362086777,0.413072095,0.660441412,0.660474919,0.766332736,0.804638872,1.198868965,1.295282215,1.4659609310000001,1.6942926539999998,1.915061973,1.925639212,1.9860735109999998,1.994056226,2.043257841,2.068243489,2.129337826,2.177358119,2.20111808,2.232585657,2.756614982
0.075552703,0.103053288,0.107479032,0.114837737,0.11484399,0.114840508,0.125526774,0.137589885,0.137889414,0.137889137,0.137849995,0.137885146,0.137728967,0.137836534,0.138018288,0.143418984,0.143440682,0.143381323,0.143418873,0.14341568,0.143303283,0.1730172,0.174375158,0.225388868,0.23356339,0.29666633,0.5042444,0.517959251,0.903542236,1.000350304,1.22011193,1.393961432,1.602432662,1.722752742,1.734526657,1.7431361010000002,1.763859571,1.774700615,1.822288656,1.891500512,1.9411808929999999,2.014305282,2.015684409,2.504241153
0.082941379,0.105616358,0.121900732,0.166668866,0.166856003,0.166828315,0.166790132,0.166733703,0.166895637,0.166817325,0.177966852,0.177976255,0.17784206,0.177930279,0.177914449,0.178245568,0.178257348,0.178404366,0.200999431,0.204332455,0.20496631,0.204958319,0.205043732,0.250072399,0.303462042,0.333140403,0.520248979,0.545095661,0.811895687,0.978261149,1.2350501170000001,1.296653622,1.439769828,1.559684026,1.6896793909999999,1.765314705,1.786992404,1.854556408,1.862423055,1.9004961420000002,1.933070428,2.026262762,2.028526784,2.5054794830000002
0.107550488,0.107656387,0.112163387,0.11517605,0.117392653,0.117392655,0.117116186,0.117437949,0.130288855,0.130262155,0.130257732,0.130215846,0.130299377,0.130895799,0.13091876,0.132923286,0.164327451,0.164276679,0.164289205,0.164299311,0.169748648,0.171868719,0.204788172,0.263139333,0.306130697,0.523419716,0.546485787,0.650312322,0.831515108,1.001980458,1.215007688,1.246869993,1.392793005,1.501168441,1.6970354090000002,1.72595231,1.736501149,1.798332619,1.845650511,1.858186501,1.915242347,1.978031315,1.985894224,2.458354608
0.082608725,0.179566958,0.195456172,0.195462501,0.195424006,0.224543698,0.224545414,0.224461441,0.225390817,0.225400371,0.225474989,0.250505864,0.25062199,0.250505576,0.250528089,0.250551626,0.250499984,0.250572032,0.250442238,0.250441501,0.250412961,0.276021293,0.294910807,0.330107102,0.362658634,0.410984284,0.592290032,0.60344879,0.926412579,1.031219294,1.326764223,1.339787257,1.588931762,1.764402178,1.764476739,1.806038257,1.833973284,1.837796422,1.898051347,1.977021723,2.032663342,2.124154375,2.134052535,2.640863783
0.064191983,0.098788445,0.104342551,0.114419688,0.116576847,0.119563944,0.119880343,0.119834047,0.119813563,0.127479784,0.127411058,0.127538327,0.127592349,0.127294594,0.127526374,0.127172599,0.184907837,0.184880679,0.198039816,0.198091196,0.197982181,0.206453684,0.206795807,0.56065911,0.576934495,0.634950022,0.802568763,0.85424312,1.090342805,1.265564924,1.5065650879999999,1.509922969,1.7986249079999999,1.9375221009999999,1.945157874,1.970940933,1.989046787,1.995311882,2.059805097,2.130204868,2.167673879,2.239214534,2.241243013,2.7004723779999997
0.077183781,0.082312423,0.089271044,0.111118074,0.119943356,0.119937854,0.129497511,0.129430192,0.129029582,0.129446959,0.129372049,0.129404628,0.129380334,0.134681019,0.134590619,0.134523859,0.134702547,0.140440487,0.140431462,0.140493937,0.140387695,0.174122563,0.175775849,0.230761873,0.254842043,0.303685833,0.488088775,0.519639921,0.800503791,0.987748354,1.242113797,1.249814432,1.5538485739999999,1.612854389,1.6739972920000001,1.706672798,1.748765006,1.753981918,1.845037367,1.8901252469999998,1.953588999,2.010724157,2.019814528,2.521961915
0.078368391,0.08892783,0.100175619,0.099995336,0.100228596,0.100066036,0.128049731,0.128224616,0.128214581,0.128229565,0.128135457,0.128158814,0.128009035,0.15531568,0.15529716,0.155225967,0.155180101,0.15517426,0.155217294,0.155289703,0.155282567,0.178454648,0.18208328,0.190003121,0.257780058,0.310510045,0.534254018,0.546856644,0.85578162,0.980724705,1.181700544,1.234269941,1.537871733,1.673548354,1.686212996,1.768440471,1.7750396130000001,1.825707272,1.886747824,1.906903592,1.9467392970000001,2.033344645,2.035985196,2.5130418580000002
0.059081978,0.07605784,0.179271352,0.214902847,0.214973144,0.214869467,0.231511318,0.231388585,0.231456378,0.231562304,0.231621677,0.232768864,0.232785594,0.232769688,0.232719202,0.232685768,0.254010653,0.255888721,0.255899848,0.255915353,0.255883757,0.258918556,0.259921098,0.300665597,0.365860643,0.391227742,0.639113255,0.647019331,0.83202227,1.109200728,1.369627835,1.44121459,1.679647286,1.8709428510000001,1.894241413,1.898026855,1.928193195,1.995579108,2.001223794,2.057652887,2.123890335,2.211176646,2.215840966,2.702835664
0.118524834,0.118288847,0.118681321,0.119376956,0.118731285,0.120802198,0.14879287,0.148619379,0.148520118,0.148653862,0.148594016,0.148601454,0.148456434,0.184558325,0.184548681,0.184637486,0.184496823,0.184616192,0.18470966,0.185343783,0.185102214,0.211742428,0.225589038,0.258889202,0.272835209,0.31155147,0.523341515,0.535550417,0.986713204,1.042998342,1.301231775,1.345573132,1.6684095669999999,1.7012989360000002,1.787290616,1.800367571,1.8271956440000001,1.840972252,1.867392742,1.921424366,1.983346283,2.069833453,2.070750481,2.556453018
0.136826528,0.136477142,0.146519043,0.14617697,0.146323011,0.146496371,0.145960089,0.145930755,0.146498441,0.146509224,0.147184827,0.149759785,0.149490504,0.149433448,0.149330939,0.149419046,0.149253616,0.149491718,0.149340829,0.178056196,0.178128085,0.182427026,0.201298105,0.254507484,0.266499904,0.335584538,0.51739361,0.554235819,0.896460475,0.999718774,1.255228129,1.339056681,1.521623494,1.591781822,1.621832967,1.757100101,1.760955971,1.7856152509999998,1.902472032,1.9384241800000002,1.974474765,2.055976704,2.061644511,2.578976398
0.072956695,0.093834058,0.105705375,0.106951727,0.110740412,0.11051527,0.109974792,0.151752641,0.151735219,0.151677262,0.151760557,0.151727347,0.156273785,0.156254977,0.157599929,0.156305256,0.156375681,0.156330886,0.170683326,0.171763379,0.173337235,0.17606838,0.177982709,0.252756918,0.290235583,0.33918557,0.537000977,0.562999395,0.835104712,0.95488061,1.205062669,1.233410533,1.511869601,1.605308151,1.626795977,1.650929336,1.660332551,1.661578114,1.696494039,1.7610339449999999,1.8087804360000002,1.8788257430000002,1.886804317,2.320536751
0.094823859,0.114229438,0.127969939,0.127764071,0.133065224,0.1715783,0.173024401,0.173003727,0.173015714,0.172959007,0.172887145,0.172983998,0.172838473,0.172677331,0.172897567,0.189299804,0.189338093,0.189277009,0.1893053,0.191465691,0.196476912,0.198606858,0.248722008,0.29134379,0.340373998,0.573090645,0.576639284,0.997355217,1.131522024,1.4576516050000001,1.538950107,1.892601978,2.023807911,2.026697279,2.063601145,2.07383607,2.073887063,2.117694851,2.208883582,2.263268311,2.359002133,2.364199679,2.945265538
0.051958909,0.097623397,0.097855293,0.100639227,0.109575838,0.111049261,0.111061249,0.11101545,0.111044598,0.110850767,0.111142746,0.143031376,0.143069576,0.142930092,0.142898308,0.142919602,0.142921073,0.143056941,0.142916928,0.142996257,0.143040906,0.177548011,0.181480295,0.193011771,0.269967138,0.327694636,0.50597023,0.563177155,0.822358402,0.976370414,1.24262494,1.242713362,1.373929405,1.591668518,1.634177739,1.687247013,1.693451031,1.7235308059999999,1.807934413,1.845707591,1.864033408,1.937873731,1.94558242,2.371275459
0.081325673,0.118997629,0.127044398,0.1270586,0.163740478,0.163746403,0.163713715,0.163628043,0.163643242,0.163636305,0.163622619,0.163787707,0.163710483,0.163474836,0.186785019,0.186769686,0.186732041,0.186924446,0.186836258,0.186784893,0.186959081,0.190062612,0.206867776,0.219448547,0.267733574,0.301066735,0.506523367,0.522341186,0.895037707,1.03090019,1.300947296,1.362051568,1.5225743710000001,1.7399193290000001,1.796734264,1.812731417,1.826054426,1.91883257,1.9297090909999999,1.992992384,2.014659387,2.102340146,2.10848273,2.58352894
0.062687735,0.107061792,0.113153229,0.113300936,0.113291067,0.113249528,0.112916159,0.115430701,0.115359893,0.115246566,0.115270251,0.115400429,0.129132395,0.129386791,0.129440074,0.129339095,0.131261812,0.131271741,0.153352868,0.153289612,0.153283173,0.17576129,0.176412594,0.222237817,0.27630299,0.279920372,0.507939658,0.548842184,0.715153911,0.918097179,1.179110299,1.194065476,1.397562956,1.544344632,1.559658937,1.622597942,1.632825203,1.649937601,1.71154126,1.770466675,1.793474324,1.859225041,1.863416438,2.286298841
0.080170043,0.238563212,0.240551905,0.240239922,0.244295201,0.253271158,0.253268652,0.253192799,0.253245349,0.25328734,0.253187078,0.253068311,0.253342046,0.253318166,0.265314433,0.265325273,0.268492813,0.268529579,0.268470952,0.289881658,0.293239879,0.294235609,0.293820159,0.352487872,0.385246734,0.395940023,0.634260679,0.645053434,0.940301747,1.063569398,1.329706826,1.415961526,1.71189002,1.7548509540000001,1.7941513329999998,1.853095099,1.853951925,1.879434569,1.931710721,1.9931331129999998,2.053684985,2.12270885,2.124070728,2.631671876
0.126284002,0.145093572,0.145247596,0.145216403,0.145246183,0.156884656,0.156976738,0.156562363,0.156987859,0.156903154,0.156872633,0.156856344,0.156884102,0.156877112,0.156797728,0.156802578,0.156803634,0.175800442,0.175537702,0.175741989,0.176391685,0.181333984,0.229400911,0.26233091,0.307297018,0.517803741,0.527339455,0.734991615,0.847273703,1.033109197,1.105142868,1.263777492,1.361265737,1.625830522,1.705296811,1.7698320220000001,1.787115645,1.828384742,1.841297291,1.892670747,1.94621559,2.030015263,2.034147232,2.53452001
0.079043301,0.105823517,0.106122316,0.117766272,0.12325634,0.123156544,0.123070356,0.1232285,0.122942467,0.122915238,0.123071975,0.122661307,0.146759319,0.146802333,0.146692928,0.146841309,0.146730462,0.146910962,0.146922827,0.167810092,0.167780958,0.173860168,0.189127475,0.212910908,0.249409781,0.310949253,0.522902869,0.540758957,0.813061648,0.998177505,1.25693212,1.3455345,1.636025011,1.669323881,1.713971849,1.765838316,1.769459845,1.7743288050000001,1.856644405,1.931270024,1.943337836,2.03608601,2.039649949,2.527632975
0.100386308,0.102464467,0.12050685,0.12039482,0.120439782,0.12035359,0.120432243,0.120453811,0.12019312,0.120368765,0.135497391,0.135377816,0.13552458,0.135566635,0.135492991,0.135385486,0.135513343,0.135463905,0.17931946,0.180291007,0.195097433,0.216852673,0.278233425,0.291356089,0.362902517,0.570479124,0.593407204,0.669067194,0.790756296,1.01724757,1.117098291,1.2738678860000001,1.507292718,1.743381525,1.768029238,1.808317261,1.813282515,1.816204852,1.916089041,1.971178104,2.017244334,2.096767913,2.096110881,2.576871964
0.162531249,0.19502541,0.203359196,0.203352333,0.203355233,0.211755827,0.211976913,0.212045429,0.212079376,0.212190691,0.211722536,0.212149767,0.211758421,0.21186886,0.21181809,0.211921991,0.230048242,0.23003908,0.230458785,0.230461128,0.230420892,0.2343377,0.254642895,0.306743598,0.324677068,0.402115213,0.586661889,0.595700081,0.775346538,1.117270784,1.3336715670000001,1.376918808,1.679560263,1.862470168,1.863634437,1.881314959,1.892490606,1.916824934,2.004920843,2.045250965,2.086283768,2.163366396,2.167777307,2.655289651
0.080179147,0.108667544,0.121383847,0.121087837,0.121280589,0.132071688,0.154330921,0.15417237,0.154268186,0.154328514,0.154308205,0.154247733,0.154170304,0.165095063,0.165076189,0.164985717,0.165061958,0.165130242,0.165010063,0.165058087,0.165045723,0.184477522,0.199604506,0.229718041,0.269849918,0.317415348,0.516682325,0.524646075,0.850232589,0.975975751,1.195494131,1.306850327,1.5296240349999999,1.669654795,1.677681884,1.719235498,1.733444483,1.735432725,1.8197885280000001,1.899019531,1.921774855,2.008044182,2.011197248,2.502128113
0.07861209,0.100104861,0.100197,0.116119028,0.133193264,0.133213388,0.156287385,0.156259875,0.156078217,0.156195782,0.156082431,0.156232565,0.156062633,0.172498607,0.172284847,0.172493225,0.172531043,0.172299925,0.172405425,0.172518483,0.172439794,0.19413179,0.197087192,0.251360963,0.262054619,0.336484196,0.533047,0.59844163,0.843615823,1.0413320640000001,1.2814591229999999,1.366973947,1.63347963,1.722577365,1.745467284,1.760380274,1.78503311,1.793852138,1.873685657,1.9270673889999999,1.94916891,2.04471011,2.047658899,2.519714124
0.077658434,0.141275784,0.157391996,0.157497648,0.157512028,0.156900344,0.157341581,0.157390174,0.157430967,0.164827079,0.164863276,0.164782673,0.164733526,0.164755361,0.164590835,0.164648155,0.164700625,0.178402863,0.178343709,0.178473117,0.178290082,0.181167482,0.184280518,0.24490178,0.271885789,0.298407291,0.467450465,0.48301793,0.729013546,0.899538313,1.196699694,1.290710415,1.612653092,1.714167918,1.7287135120000001,1.7336946009999998,1.7623016009999999,1.772751951,1.831121064,1.906347684,1.96252457,2.047975362,2.051350877,2.589120527
0.073856283,0.102475783,0.130828531,0.136892267,0.13699071,0.137002519,0.137209753,0.137150741,0.137186637,0.137192363,0.137156927,0.13697387,0.154681729,0.154953844,0.154681837,0.154904224,0.154806108,0.154571651,0.154751322,0.159476164,0.167441438,0.16758607,0.167449898,0.209730639,0.243203792,0.319867064,0.474326082,0.481664682,0.867131747,0.964853166,1.237728565,1.287134193,1.563638708,1.714933089,1.749276166,1.769157039,1.787069198,1.805126942,1.88665927,1.948148197,1.967226547,2.06492515,2.071537602,2.545056572
0.081696721,0.269081369,0.26922094,0.273113198,0.277131182,0.277204977,0.277006516,0.277279202,0.277105764,0.277087653,0.276979558,0.277010037,0.293074642,0.293053855,0.295514639,0.295932683,0.296130933,0.29593424,0.296055191,0.295915959,0.321865668,0.323481531,0.324128315,0.3609149,0.428023781,0.486143294,0.712364501,0.738899836,1.077402324,1.2011668,1.525725359,1.621611745,1.8503960240000001,2.001066715,2.035818413,2.041602301,2.051218637,2.066619869,2.168365407,2.221624339,2.239578251,2.317060711,2.318174102,2.808134398
0.079797392,0.094781008,0.106359289,0.127338614,0.127311616,0.127376444,0.127476426,0.127352547,0.135919934,0.135754792,0.135527769,0.135767074,0.135843285,0.135875379,0.135806886,0.13594248,0.135720886,0.166436753,0.166413341,0.166405487,0.166373099,0.174156465,0.191893702,0.249230731,0.284966869,0.337847129,0.519987833,0.530959052,0.808977166,1.021268102,1.2604724950000001,1.334746818,1.613390055,1.7596198159999998,1.794777651,1.805040056,1.827161678,1.82827199,1.909354783,1.951452218,2.000196611,2.083134583,2.086666938,2.548744541
0.112248356,0.113514826,0.113123768,0.129007872,0.132903628,0.132739745,0.13231984,0.132787241,0.132800016,0.158099741,0.158053486,0.159232883,0.15925709,0.159111431,0.159293305,0.159026584,0.159064314,0.1590697,0.159194922,0.177371621,0.183283809,0.184283597,0.206495419,0.232530505,0.268501804,0.291801942,0.525244394,0.576514735,0.919692257,0.99763685,1.289895159,1.316830988,1.639131442,1.6534417110000001,1.8209864,1.86831478,1.874324775,1.888274774,1.945296369,2.01230749,2.062488342,2.138571445,2.142220171,2.644014097
0.042962486,0.051090906,0.051021987,0.051821401,0.059753251,0.156438302,0.164151138,0.165805411,0.165996694,0.165827978,0.165323101,0.165630418,0.165712242,0.165902166,0.165521105,0.16563188,0.165318156,0.166722005,0.166619298,0.166486635,0.166763243,0.181791306,0.258596314,0.268985169,0.293339454,0.338309182,0.565232623,0.567458841,0.959617828,1.023217717,1.255116799,1.366487158,1.6238818830000001,1.7024348790000001,1.7153004570000001,1.727571458,1.747217789,1.7705537709999999,1.7951772240000001,1.8617181280000001,1.918814609,2.008814447,2.011038531,2.455773587
0.085264007,0.092253505,0.105132677,0.105010554,0.104896147,0.105241683,0.123606305,0.132344891,0.154175117,0.154100672,0.154237917,0.154103655,0.15404164,0.154023989,0.155804282,0.155829081,0.17477649,0.175072392,0.175043873,0.175006286,0.180138223,0.204530913,0.247224595,0.274757539,0.328838912,0.549650595,0.562835753,0.700774202,0.793743941,1.036465482,1.2305670850000001,1.261828843,1.405218826,1.521839744,1.6653538700000001,1.753419963,1.7572339110000001,1.7618188099999998,1.843210695,1.8913542030000001,1.948903254,2.016941304,2.018906268,2.537738301
0.070245631,0.105395726,0.10820712,0.111034884,0.113435751,0.162068777,0.171291907,0.171457089,0.171315273,0.171429784,0.171326725,0.171712718,0.171567309,0.171401494,0.171688693,0.171472819,0.171573794,0.17149528,0.170959396,0.171550043,0.172266751,0.172286045,0.181690757,0.258521057,0.303609702,0.345038318,0.545781719,0.552664111,0.808169041,0.986331943,1.196585417,1.254939702,1.553673804,1.637684337,1.63760456,1.6554839430000001,1.6576726819999998,1.698170094,1.776491724,1.822444499,1.8535658480000001,1.9387543520000001,1.942920231,2.421866629
0.077425177,0.110715159,0.112372347,0.115432662,0.115711388,0.11557019,0.129582664,0.129633268,0.129686762,0.129390941,0.129606485,0.14140864,0.141379987,0.141368153,0.16979738,0.169748803,0.169741972,0.16968578,0.169781981,0.169720308,0.169695797,0.189067351,0.191261078,0.242719324,0.274087638,0.324016065,0.536969615,0.565094917,0.877658446,0.998383368,1.196119176,1.254034769,1.5643669660000001,1.715426471,1.7332979979999998,1.777875013,1.794087762,1.803767434,1.872614046,1.9260503249999998,1.980170979,1.998508405,2.030679363,2.534100556
0.075332747,0.104900063,0.105820469,0.106968293,0.11197822,0.124917759,0.125250399,0.125131931,0.125111739,0.125233358,0.139160166,0.139066456,0.138915201,0.138903144,0.139219482,0.139034925,0.139310674,0.139225337,0.139046913,0.194862831,0.194734462,0.194913961,0.196356766,0.294035138,0.307320102,0.379403193,0.579843633,0.588045439,0.870229959,1.052651904,1.273075247,1.395259836,1.6812036639999999,1.713808009,1.765621913,1.765488547,1.838023745,1.84401677,1.953321876,2.002486282,2.020740694,2.103467859,2.11323313,2.603406627
0.077334495,0.094799181,0.094775236,0.094596836,0.10125521,0.10656746,0.109881586,0.125406064,0.124681954,0.156505576,0.156699068,0.15645901,0.156534174,0.156543175,0.156384832,0.156453788,0.175960625,0.176893221,0.176996197,0.176839551,0.176850029,0.176921401,0.180044114,0.204182827,0.229533386,0.306999815,0.5232686,0.528212008,0.883647471,0.985704131,1.1714017939999999,1.197223078,1.5500336319999999,1.732247642,1.764389141,1.784752661,1.790165935,1.8204608580000001,1.839441566,1.906552322,1.9603426879999999,2.025997183,2.041986215,2.532765794
0.074169669,0.195195007,0.195707871,0.19594995,0.198953677,0.198964349,0.199066827,0.199109496,0.199070959,0.211940751,0.211956223,0.211906445,0.213969907,0.213987482,0.21395726,0.213941546,0.213953477,0.213900033,0.236962466,0.239674351,0.239761191,0.239804735,0.240968988,0.305506394,0.343825453,0.390325657,0.58721193,0.600502396,1.051299423,1.137836281,1.403435062,1.472921999,1.632478316,1.944477103,1.944833752,1.990116965,1.9919995350000002,2.026740946,2.107352312,2.148248555,2.196253984,2.26333305,2.274108777,2.7490324729999998
0.079003892,0.118864395,0.131558914,0.131737616,0.13180291,0.133862882,0.136134119,0.136070921,0.155256937,0.16795818,0.168000389,0.168003059,0.16788379,0.167936104,0.167771235,0.167993832,0.167803146,0.167804635,0.191740772,0.191707163,0.191600423,0.193113552,0.194104723,0.265833293,0.455687612,0.485057064,0.675844532,0.70766281,0.955300988,1.098480164,1.295334804,1.350553615,1.603546947,1.684202105,1.696255811,1.707272699,1.72796234,1.7370294689999999,1.784357102,1.8426210520000001,1.893366859,1.9094413829999999,1.935411915,2.380275071
0.175130565,0.182602875,0.183320572,0.182893933,0.194476891,0.194382141,0.194437611,0.194270356,0.194417412,0.210793562,0.211036408,0.210922153,0.211010218,0.210793123,0.210874056,0.210996556,0.210926922,0.210440071,0.210749093,0.233655049,0.24246435,0.24447238,0.299303079,0.334990478,0.389720673,0.62196402,0.631505775,0.734521191,0.780198108,1.096494012,1.292525463,1.33374415,1.614275446,1.750615346,1.768215401,1.769222551,1.783406337,1.820923093,1.869210989,1.9359165090000001,1.992461471,2.077210146,2.079438996,2.5756993550000002
0.074418539,0.079896005,0.20903215,0.208899108,0.208884088,0.208919718,0.239782764,0.243841473,0.246093978,0.246077568,0.260100898,0.260181075,0.26003602,0.260155116,0.260099885,0.260087328,0.260324702,0.260123639,0.260089401,0.260082888,0.280479591,0.281296374,0.281975383,0.351461714,0.36913647,0.420179874,0.604128843,0.616281232,0.943770254,1.092350745,1.3153345,1.399443512,1.694808744,1.7388277109999999,1.803367455,1.8677542310000002,1.878627863,1.882443552,1.9179684240000001,1.995515112,2.054030471,2.124105243,2.129369306,2.613757083
0.06583428,0.097790558,0.097781855,0.111664301,0.112941961,0.127980014,0.127985191,0.145748548,0.147926511,0.147764664,0.151901554,0.154121084,0.156964573,0.163052774,0.162938894,0.16329233,0.163022133,0.162988812,0.163127569,0.163129439,0.163063627,0.17934818,0.180611596,0.248942233,0.286536619,0.342750295,0.560703799,0.592543339,0.818970043,1.023089559,1.29631127,1.33386612,1.488301796,1.725073286,1.7536437249999999,1.815153226,1.828972628,1.877229683,1.9272175580000002,1.935158116,1.98676866,2.072617256,2.078942931,2.534648549
0.111517406,0.12112661,0.121275092,0.122888092,0.142911184,0.143862977,0.143921334,0.143887759,0.146649535,0.146315954,0.146628322,0.146653026,0.158216459,0.160543495,0.160483856,0.160747993,0.16059701,0.160526076,0.160590183,0.160490518,0.160510716,0.160499347,0.179131662,0.230202982,0.261139938,0.329929149,0.497207887,0.497230634,0.877289175,0.997507209,1.256319019,1.355895584,1.68083121,1.7035559820000001,1.749227114,1.761943763,1.785231451,1.7893928209999999,1.863623518,1.880932027,1.9375762060000001,2.03262135,2.038954238,2.520542294
0.081416815,0.081940977,0.117033867,0.136588239,0.136650835,0.157273661,0.15780909,0.157420317,0.157741136,0.157772788,0.157761409,0.157660449,0.157915649,0.157827099,0.157883533,0.157847904,0.17576623,0.175704922,0.175664323,0.175731645,0.175756169,0.178383309,0.178960092,0.229797652,0.27996101,0.320759707,0.507528775,0.522201961,0.861121016,0.954530145,1.255591034,1.289535929,1.436411788,1.667134031,1.685812001,1.748605268,1.76463874,1.805897532,1.886372155,1.928882422,1.9734869229999998,2.029035346,2.046230621,2.517376746
0.078062618,0.082683457,0.099640376,0.099631516,0.099659244,0.099510462,0.100427003,0.117578354,0.117492958,0.117287561,0.130051908,0.130453759,0.130396206,0.130199754,0.130442817,0.130382614,0.13026189,0.138874378,0.138857022,0.13845351,0.138823377,0.167000805,0.173905385,0.223681411,0.258543223,0.304052537,0.519026223,0.519151414,0.853594499,1.00798624,1.25752526,1.352597268,1.62168398,1.706377422,1.712113647,1.7202325360000001,1.755539729,1.764774222,1.830468798,1.8767278630000002,1.927732966,2.006628397,2.011056838,2.488920773
0.073125553,0.098777239,0.129149936,0.130372558,0.132288285,0.132971441,0.132581897,0.133138465,0.132581254,0.13310969,0.132974781,0.143231735,0.143119783,0.14306025,0.143111596,0.143088592,0.143203381,0.145227818,0.145225564,0.145251524,0.145218541,0.170065465,0.182659933,0.216163114,0.253673191,0.297257131,0.516212466,0.529031937,0.869836637,0.997886089,1.287763952,1.39368222,1.629483649,1.754717647,1.774358317,1.801315368,1.805190739,1.808446481,1.876112277,1.959838137,1.9788902940000002,2.01217542,2.049445783,2.55970617
0.198015492,0.204894311,0.209856051,0.209674642,0.209785973,0.209763938,0.20968545,0.209544218,0.221561577,0.223422575,0.224334723,0.224359005,0.224312189,0.224322076,0.224305639,0.22428047,0.224377259,0.224236261,0.224250724,0.242069068,0.242095652,0.242050677,0.246829222,0.297311561,0.301744704,0.370157703,0.584600682,0.60033569,0.932635197,1.050933052,1.319419811,1.393070069,1.696630289,1.7515345359999999,1.7971665890000001,1.8224412060000001,1.856488974,1.937468248,1.93763096,1.991527155,2.022923485,2.118257957,2.124764052,2.637413527
0.073950063,0.096351833,0.124420706,0.12460742,0.124597492,0.124588307,0.158584937,0.158531762,0.158814347,0.158747693,0.158828531,0.158915394,0.158835835,0.159030039,0.15857576,0.176763979,0.176945366,0.176830039,0.176687058,0.176877494,0.177204781,0.177388099,0.193467365,0.244799132,0.268030322,0.320805784,0.506403363,0.539727763,0.866562584,0.992309045,1.230208225,1.298182357,1.605093063,1.718630447,1.7185182079999999,1.7241387929999998,1.761272527,1.772478353,1.846237221,1.895437518,1.94262013,2.022351428,2.028519705,2.527456985
0.085936698,0.170356539,0.170996022,0.170915661,0.171091756,0.170912321,0.188497585,0.200931511,0.200789791,0.201054385,0.200999335,0.201105478,0.20076993,0.200954131,0.234063128,0.234133013,0.234119259,0.234000903,0.234114638,0.234056087,0.233988952,0.237395239,0.239937999,0.318781577,0.33900716,0.396221072,0.577053735,0.577786083,0.872247088,1.049588525,1.300278723,1.3547286139999999,1.5094068379999999,1.582119466,1.7748919600000002,1.802884391,1.821968238,1.827531675,1.906484804,1.982901017,2.010501062,2.075340327,2.075948882,2.580526319
0.06173012,0.075738767,0.167804122,0.168217705,0.168363556,0.168353338,0.168107869,0.168111629,0.168180659,0.178898086,0.178983334,0.178767509,0.178907116,0.178734315,0.17891954,0.179207429,0.178907044,0.178886769,0.179064319,0.203806686,0.205106011,0.210487368,0.236752858,0.271255623,0.301527183,0.3726273,0.571452219,0.573204179,0.955229577,1.1000474630000001,1.378353656,1.5120551340000001,1.816268306,1.8820106509999999,1.927553483,1.933027536,1.989525629,1.990431753,2.073470804,2.130167327,2.189794125,2.286623204,2.2902309020000002,2.8840754520000003
0.076745875,0.201140818,0.221711667,0.2214903,0.222602513,0.222596827,0.222606917,0.222642022,0.235941627,0.236132569,0.236106978,0.235937522,0.236068807,0.23601023,0.235964926,0.23584219,0.244841396,0.244707358,0.247267207,0.247318171,0.247248543,0.261127604,0.271228862,0.331182716,0.330973407,0.398969721,0.581679454,0.584488487,0.845169053,1.065139222,1.292726585,1.362731275,1.603415879,1.7429603999999999,1.795689686,1.805778162,1.808860493,1.836113663,1.893129238,1.964527657,2.00922708,2.078440075,2.085376691,2.5901908000000002
0.176170754,0.184055115,0.18419228,0.201732036,0.201735447,0.2014909,0.201487174,0.201709838,0.201702579,0.22119783,0.223294791,0.223238029,0.223204746,0.223263224,0.261226943,0.261323046,0.261255103,0.261164448,0.261184745,0.261185096,0.263139274,0.264505447,0.321203033,0.353250925,0.408573856,0.612785202,0.613301786,0.656830388,0.755406749,1.080949859,1.172834106,1.33726388,1.535287296,1.628732558,1.8214250330000001,1.826070157,1.843878012,1.871475952,1.9590769529999998,1.998508889,2.049807165,2.070551485,2.109691036,2.597574689
0.060519813,0.112426674,0.111937657,0.113077556,0.113068741,0.113034425,0.113115503,0.113809648,0.114023934,0.113885499,0.136020978,0.135883994,0.135745906,0.135909969,0.135491116,0.135682874,0.135679949,0.145843986,0.158473491,0.17634463,0.179617971,0.18074094,0.236440524,0.265870348,0.341218127,0.556229677,0.559801802,0.733092218,0.822114634,0.991426862,1.239852247,1.262647386,1.482651873,1.5375960910000002,1.57833397,1.615782869,1.698746369,1.7015050870000001,1.789263984,1.8248322,1.872083839,1.955252079,1.956772959,2.366808165
0.096946436,0.109099632,0.113080393,0.113825995,0.11395188,0.150723326,0.150594744,0.150727777,0.150668905,0.154022294,0.164307402,0.164327895,0.164354353,0.164898795,0.16445268,0.164146873,0.164254148,0.164240797,0.164224915,0.164167235,0.167558559,0.172350109,0.173520986,0.181733916,0.24290684,0.315377747,0.49482439,0.51864216,0.898569854,0.923360569,1.194902242,1.237970408,1.558134288,1.690902877,1.713470703,1.743974729,1.750468143,1.777940071,1.867352587,1.8780383760000001,1.91011773,1.927266093,1.996423856,2.487287137
0.076469746,0.156396175,0.156496449,0.156499294,0.156537205,0.155553991,0.156040265,0.164390709,0.166202207,0.166478383,0.166292474,0.166381922,0.166123527,0.166315166,0.166469357,0.1661235,0.166597315,0.166446415,0.166361996,0.166540887,0.166097119,0.180592779,0.181436453,0.267332096,0.31542972,0.348499751,0.546074322,0.559016702,0.713484677,1.042715731,1.220203484,1.288791641,1.564320398,1.788051678,1.821009554,1.823920836,1.848636382,1.922555632,1.945259028,1.9901377230000001,2.043938842,2.129899337,2.130693425,2.6669754169999997
0.1166043,0.116176615,0.115943465,0.116421275,0.116419436,0.129128118,0.129294552,0.12908156,0.129035924,0.141868954,0.170189787,0.170221861,0.17044417,0.171596112,0.171431866,0.171725113,0.171627393,0.171684692,0.171731998,0.188150624,0.189423427,0.189718144,0.254053986,0.296000236,0.332321157,0.555609,0.591289693,0.682437266,0.799158334,1.036465961,1.27148309,1.2785978120000001,1.4848603790000001,1.606953126,1.665223697,1.670790152,1.709221149,1.7185830530000001,1.7781425770000001,1.860417539,1.881845695,1.968687306,1.972002899,2.438050831
0.052441004,0.13518806,0.135324374,0.135168748,0.135222646,0.135168734,0.135217284,0.157451719,0.157578206,0.157533945,0.157474873,0.157450404,0.15754895,0.157500794,0.157475557,0.160782592,0.160799467,0.174538313,0.17451533,0.174524705,0.18518493,0.191648652,0.19158288,0.227284992,0.26375144,0.322907211,0.547187995,0.54722985,0.917185605,1.00413792,1.20745261,1.261270603,1.44691718,1.6936547210000001,1.719347978,1.7236764789999999,1.809445528,1.837247088,1.949360325,1.9999999339999999,2.011625735,2.090892292,2.100735603,2.578372819
0.073308565,0.168669027,0.171701604,0.172744656,0.191363749,0.191284591,0.191298021,0.190837404,0.190853638,0.190997081,0.191268744,0.19126558,0.191226166,0.191223486,0.221046173,0.221066672,0.220947782,0.221179599,0.220944605,0.221181286,0.221305032,0.245641954,0.250669524,0.273480734,0.344801812,0.386411626,0.586935836,0.625829386,0.898436075,1.042004296,1.202481833,1.2843063639999999,1.4527225129999999,1.6635866529999999,1.721756607,1.772312841,1.7731613529999999,1.803985709,1.8681261070000001,1.9252329449999999,1.9714313959999998,1.993018991,2.021906101,2.552488329
0.078734751,0.126307236,0.126793633,0.127496495,0.148366319,0.152609417,0.152742071,0.152797963,0.152650169,0.152467716,0.152453928,0.152593891,0.164279099,0.164122345,0.164341541,0.164406109,0.164109362,0.164111928,0.164475388,0.164711322,0.164696996,0.178228887,0.205124197,0.239957738,0.271398483,0.313728611,0.496059839,0.503501076,0.802948991,0.99475166,1.259029753,1.341110323,1.610829352,1.647632346,1.7180702650000002,1.7492783969999999,1.757878779,1.774584075,1.866329744,1.9095082730000001,1.967299441,2.053941619,2.055271957,2.53724756
0.077112228,0.092628739,0.092609723,0.101473654,0.10127429,0.101156606,0.101410961,0.105451403,0.105403362,0.125160727,0.125108067,0.125038497,0.159517092,0.15966173,0.159506498,0.159738555,0.159605892,0.159816644,0.159688369,0.15956195,0.171078699,0.171054699,0.175343601,0.221521877,0.252552613,0.301257388,0.504435434,0.531252883,0.828731059,0.961384304,1.227727518,1.329977433,1.742090051,1.7605180599999999,1.7796912150000002,1.7873655400000001,1.807525426,1.835199722,1.873175545,1.9340762809999998,1.964640591,2.060010555,2.069977671,2.51908853
0.095031632,0.107297957,0.107292086,0.109722919,0.120954503,0.121060035,0.122122543,0.122044828,0.139236637,0.143861841,0.143856745,0.143854453,0.143803293,0.176188201,0.177968027,0.17791951,0.177800293,0.177668171,0.177889744,0.177689993,0.177750802,0.177981321,0.181946593,0.204575122,0.243880899,0.322218445,0.516619848,0.516586219,0.815242689,1.008684606,1.245439375,1.296392833,1.452826261,1.705165831,1.7253002039999998,1.770173848,1.7759660369999999,1.785730312,1.870283505,1.92413568,1.967565099,2.029480167,2.032123521,2.5343981319999997
0.049648708,0.071216316,0.114347453,0.180223347,0.180221786,0.180161133,0.18022265,0.179410801,0.18016192,0.180124543,0.180127081,0.180125284,0.180127991,0.196086813,0.196025145,0.19608957,0.19597681,0.195992195,0.196102108,0.196102909,0.195988447,0.196000438,0.240116528,0.421212453,0.442838719,0.448096536,0.708435331,0.71370607,1.038701911,1.1547961039999999,1.371415657,1.509981556,1.731470826,1.8629718149999999,1.900464014,1.915951503,1.920373101,1.930477887,1.960660533,2.013539588,2.074147348,2.160525906,2.161268434,2.638148858
0.079984001,0.100264914,0.102859077,0.109315007,0.133644738,0.133654281,0.133467589,0.13336942,0.133609367,0.133574027,0.154306821,0.154133003,0.154194806,0.154107294,0.154190579,0.154024901,0.154056444,0.154060027,0.154068244,0.187953063,0.197143561,0.197469515,0.198671662,0.250870544,0.279983539,0.326415295,0.529218237,0.566400566,0.832500456,1.025420917,1.267552501,1.282888717,1.574758004,1.626744609,1.7469006139999999,1.786786266,1.794227609,1.82099792,1.88297646,1.9329513729999999,1.977689714,2.062144266,2.067359055,2.5472297900000003
0.074365636,0.074882678,0.19669994,0.196660225,0.196795459,0.20644095,0.206490323,0.206413269,0.206408688,0.206487451,0.206424857,0.206297691,0.206301048,0.20969116,0.209596401,0.209367917,0.227083398,0.227123478,0.227360972,0.227048227,0.227032612,0.230441732,0.232938742,0.287112854,0.320334463,0.381931421,0.591980498,0.611818888,1.012275376,1.080176218,1.340253057,1.455142777,1.6519908380000001,1.797865567,1.805653344,1.843455553,1.843955416,1.860140803,1.8929835019999999,1.956263302,2.007873896,2.090727726,2.096512759,2.584715181
0.079820373,0.116311251,0.116275539,0.120831502,0.127176563,0.127175705,0.126893035,0.12714641,0.126893752,0.127685276,0.146694807,0.146914152,0.147061732,0.147009156,0.14685252,0.146844097,0.146923755,0.14681287,0.146841342,0.147003628,0.164897577,0.170715871,0.178752131,0.213295085,0.21832183,0.310114129,0.50874284,0.512585848,0.839227387,0.973951958,1.249849057,1.33270713,1.594451216,1.693010154,1.724511085,1.753970902,1.757928035,1.8142907190000002,1.8727861319999999,1.8892508719999999,1.9194864360000001,1.9491731350000001,1.995909664,2.522064384
0.043845055,0.043982138,0.064759961,0.074990738,0.166308984,0.166277087,0.173762227,0.174091697,0.173954902,0.174097417,0.178110708,0.178149935,0.178099995,0.17801385,0.179000941,0.178979124,0.178946957,0.223226538,0.223144635,0.223292314,0.227053719,0.227956727,0.288786966,0.291708921,0.31570026,0.362563564,0.546713432,0.584966279,0.961084476,0.972868897,1.216192491,1.359923471,1.451970991,1.646143417,1.663533412,1.704870994,1.7258928180000002,1.737260657,1.8006082920000002,1.867582519,1.884070719,1.913804558,1.959288162,2.414585896
0.041270634,0.147669614,0.147594798,0.147769415,0.147666203,0.147759961,0.156505555,0.160083129,0.159829298,0.160096122,0.159910454,0.160036492,0.159973835,0.159973117,0.160033753,0.159991332,0.160145771,0.163161113,0.173366548,0.173185597,0.1733624,0.178037784,0.239736467,0.246499139,0.274842251,0.313751349,0.487931561,0.496988832,0.958160265,0.964260593,1.199415431,1.225113785,1.424618131,1.590301763,1.617768571,1.6386560700000001,1.667252916,1.671189585,1.748199168,1.7908205499999998,1.833559596,1.896949954,1.8985728179999999,2.315087287
0.108959951,0.109114066,0.108840297,0.111218594,0.142213983,0.142485176,0.142073623,0.142345308,0.142301689,0.142413436,0.144759115,0.15431187,0.154264442,0.154610375,0.154211359,0.154434648,0.15427585,0.154257443,0.154399586,0.154262151,0.154360737,0.171956144,0.174260932,0.231653839,0.254845483,0.30616507,0.528669215,0.534804213,0.89004805,1.001493852,1.227566938,1.32114934,1.632453678,1.724107115,1.724400079,1.739053684,1.785531347,1.790607433,1.861306247,1.903587141,1.955414642,2.042605591,2.043802843,2.541700258
0.076675515,0.216812328,0.217328677,0.217215039,0.217342495,0.216848779,0.21728347,0.217076326,0.21733819,0.217355703,0.226666014,0.227445586,0.227265054,0.227476511,0.22734784,0.227347308,0.227506486,0.22736546,0.227524742,0.245286977,0.245300512,0.249343588,0.249741941,0.300618386,0.353467652,0.388945125,0.608509108,0.621596626,1.074126209,1.167381743,1.472984466,1.532759352,1.9216304659999999,1.9475856999999999,1.947704067,1.992734277,2.035055296,2.037853491,2.105758455,2.158288631,2.190499813,2.284492305,2.285337072,2.7758145560000003
0.082614306,0.175191734,0.182820257,0.202962897,0.202828212,0.202904716,0.202910848,0.213883085,0.214204495,0.21407308,0.214145438,0.214022044,0.213950452,0.2140926,0.214109497,0.21414624,0.249099762,0.248781106,0.250633273,0.250631139,0.250608153,0.25067159,0.256152221,0.333768906,0.352276045,0.387913344,0.611432376,0.615395562,0.908065603,1.099163438,1.360782938,1.490887705,1.7499615130000001,1.8317604859999999,1.87444462,1.901990551,1.9126314,1.9166697780000002,1.984818379,1.992463839,2.05967383,2.164534936,2.171650924,2.682834542
0.117097074,0.120034336,0.12757319,0.163509567,0.163906257,0.162516895,0.162328653,0.162701547,0.162907221,0.163298009,0.162114593,0.161949344,0.173811342,0.173878452,0.173823937,0.177948241,0.177969642,0.177959014,0.17792346,0.178016828,0.203353717,0.20592419,0.271764348,0.308361375,0.365195159,0.580159879,0.617116802,0.754141041,0.883208323,1.078816856,1.312877369,1.365545521,1.700354383,1.755036668,1.8672528929999999,1.867517081,1.893623148,1.904031555,1.982756583,2.021216088,2.071237688,2.145055637,2.161830992,2.625601229
0.030066295,0.134589854,0.137080282,0.136960946,0.14483377,0.14465431,0.144637042,0.144721539,0.144786191,0.144386927,0.144725415,0.144814739,0.144883585,0.144720199,0.168895115,0.168955316,0.168950057,0.168945473,0.168944564,0.168923545,0.187215345,0.189498315,0.2469446,0.283932674,0.335281935,0.528258765,0.561824467,0.83953787,0.889270923,1.071523786,1.262070324,1.332239522,1.607911828,1.668627591,1.771545928,1.778181044,1.836563957,1.838124807,1.892210349,1.942033049,1.999637188,2.070615724,2.093146106,2.578269297
0.097492657,0.119893956,0.125282761,0.125429062,0.125162514,0.140983213,0.141222617,0.141258426,0.141220225,0.145323216,0.145310815,0.152579104,0.152539229,0.152562824,0.152495737,0.173900088,0.173846541,0.173920958,0.173962055,0.17396042,0.17386891,0.194144179,0.195394439,0.241221671,0.275615905,0.290948393,0.521419487,0.573722062,0.94142304,1.011516165,1.281652653,1.352348057,1.6468269690000001,1.68868467,1.76272303,1.803199528,1.808972803,1.847140219,1.869692486,1.954732399,1.972509203,2.000435018,2.056718616,2.55832921
0.073931756,0.075073939,0.107313495,0.127570497,0.12774734,0.127760617,0.153153442,0.153246193,0.153343952,0.153176247,0.153241964,0.152898881,0.164111047,0.163992371,0.16406643,0.164030652,0.172796905,0.172805636,0.172719396,0.172821539,1.187258892,1.187299378,1.192977823,1.230937997,1.265296918,1.305190528,1.504565501,1.519118011,1.8058551280000001,1.946918712,2.215246172,2.224854922,2.538357156,2.595420631,2.704006969,2.726821973,2.746487929,2.749115842,2.820446154,2.894126805,2.930512915,3.000252539,3.001828283,3.491789311
