0.069655773,0.072617265,0.073139202,0.0750577,0.07539387,0.074944963,0.075141391,0.076004523,0.079016199,0.079666918,0.080681114,0.081477141,0.082143796,0.081943352,0.083614578,0.084582553,0.083955813,0.084502779,0.085543676,0.08828946,0.087507179,0.087761986,0.095572447,0.096113868,0.101069951,0.16423934,0.16535768,0.172670806,0.203587203,0.61470579,0.848427192,0.855188351,0.869724398,0.881145689,0.883563997,0.932375026,0.982455774,0.983554624,0.98812432,0.993063393,1.005101215,1.007595358,1.011910797,1.269049678
0.031970252,0.056214249,0.056513989,0.057118721,0.057436406,0.057544567,0.057564789,0.057528568,0.057741981,0.059418826,0.059408431,0.059354164,0.05994629,0.059513916,0.059390117,0.059783812,0.059798905,0.05999929,0.060502084,0.064551039,0.066169604,0.067444828,0.071092069,0.140406497,0.141896788,0.144492113,0.181514624,0.186113232,0.195301825,0.792078737,0.986761565,0.989651099,1.012664666,1.015221719,1.076793932,1.081160853,1.11119155,1.113351414,1.119964514,1.121185771,1.139462063,1.14130306,1.142551519,1.357311368
0.040553772,0.055389254,0.060837102,0.060967127,0.062778846,0.064308942,0.06564047,0.065541071,0.065559568,0.066639225,0.066962375,0.067320005,0.067490695,0.067894323,0.06975723,0.069850046,0.069851271,0.070226643,0.071849002,0.073831165,0.074352579,0.092122471,0.093814874,0.132473954,0.133384269,0.13890799,0.179750174,0.181740775,0.188889255,0.885805201,1.111512048,1.119882266,1.1482530149999999,1.151013302,1.2089003,1.216690799,1.260327571,1.265399906,1.268178015,1.278432717,1.293035244,1.294833645,1.298009427,1.543583245
0.034594653,0.156639397,0.157690602,0.158870577,0.160165487,0.160096611,0.160462524,0.160655895,0.161424394,0.161039211,0.161768255,0.163972125,0.162174988,0.162856999,0.16432396,0.164048288,0.166223893,0.167851485,0.167629964,0.167929452,0.170121299,0.172849391,0.177369844,0.184590662,0.188794058,0.195012343,0.241964704,0.24404026,0.250143102,0.586979555,0.770807821,0.791881532,0.804041345,0.805157429,0.848777471,0.859630562,0.872229156,0.906027229,0.91421506,0.932384916,0.944627953,0.946713541,0.953001867,1.161735813
0.163346579,0.163671482,0.164208975,0.164179523,0.165542598,0.16633572,0.165786085,0.166560115,0.166238561,0.166381645,0.167088851,0.167858619,0.167646536,0.168667541,0.168403487,0.168964959,0.169812889,0.171111916,0.17052087,0.170384558,0.193057091,0.19567959,0.195635658,0.196837764,0.209659495,0.278678171,0.282601807,0.29194126,0.306056445,0.683231139,0.905663776,0.915352786,0.934311081,0.939394226,0.944172207,1.015374952,1.067721213,1.068321877,1.067728269,1.08911048,1.099661162,1.100842229,1.104145097,1.400960871
0.033614501,0.035273553,0.065561035,0.066503137,0.068813207,0.069929488,0.143152655,0.144762256,0.145127992,0.145340784,0.145599942,0.146280707,0.146368889,0.146993728,0.148829439,0.148878066,0.149392962,0.149735432,0.150665514,0.164168359,0.16458623,0.186434034,0.190899526,0.194355693,0.195163321,0.224018715,0.344765931,0.351370231,0.351731656,0.809662774,1.071044454,1.091577113,1.109813741,1.111626904,1.174447814,1.188068818,1.225474628,1.245319306,1.245126102,1.254385338,1.271639465,1.271866747,1.2715749729999999,1.541818643
0.03375117,0.033826107,0.039466909,0.066383415,0.066706879,0.067324983,0.068243656,0.068097572,0.06855435,0.068706795,0.068591678,0.069072046,0.07026407,0.071080519,0.071355159,0.071470668,0.07182827,0.07234586,0.072526024,0.072760073,0.076495105,0.084488239,0.085290795,0.088703938,0.089770117,0.151440911,0.151787217,0.16573447,0.385942794,0.580934897,0.791776415,0.820207432,0.832801902,0.850102985,0.900944929,0.911777637,0.95623232,0.956603574,0.960845752,0.973540461,0.9897511,0.989553264,0.991965085,1.250922347
0.068700623,0.069212705,0.069236049,0.069946573,0.069829264,0.070592474,0.070202297,0.071442502,0.071953771,0.071997161,0.072955811,0.073593903,0.074118548,0.076172875,0.076638376,0.077123783,0.078399742,0.079847454,0.080081218,0.081082049,0.081158707,0.082107956,0.085874613,0.090144934,0.093627212,0.157485766,0.159507516,0.166135048,0.182833626,0.790574103,1.082576579,1.094664885,1.124816593,1.130721331,1.133325551,1.21401697,1.275996485,1.282365657,1.287771755,1.3060537669999999,1.3186205069999999,1.324575356,1.324726409,1.6221855509999998
0.029798205,0.162946968,0.164937697,0.164920634,0.165243131,0.164957642,0.16586804,0.166245578,0.16715399,0.167293295,0.168083411,0.168657151,0.168535846,0.169183553,0.168768195,0.170193622,0.170593076,0.170255946,0.170885974,0.171954992,0.172890863,0.172668551,0.173534394,0.17927009,0.183279566,0.383082312,0.391090735,0.392541417,0.526217243,0.718743346,0.855915638,0.908947917,0.92350811,0.92415418,0.949663073,0.955584366,0.993466328,0.998242244,1.01081368,1.020382487,1.033625118,1.035601179,1.037545534,1.259080076
0.035523692,0.04471825,0.055763855,0.057388075,0.058758598,0.058888921,0.05907644,0.060447252,0.060508746,0.06073283,0.060969747,0.062908986,0.063279171,0.063639727,0.063498442,0.064067439,0.064071884,0.064369226,0.064587235,0.064759066,0.065374462,0.140966479,0.143168866,0.144352939,0.152377265,0.156984888,0.248889544,0.251763161,0.259619886,0.66479238,0.892201529,0.913261654,0.917155124,0.924509378,0.986914778,1.002709963,1.039623171,1.045242028,1.052576183,1.061889334,1.074252946,1.075565519,1.076934349,1.358829362
0.033974576,0.034696435,0.162578226,0.165361082,0.166349857,0.166794832,0.16765945,0.168192193,0.168523667,0.168680286,0.168608006,0.168879851,0.16927061,0.171670889,0.173228874,0.173581748,0.173456913,0.173590544,0.178369314,0.179148602,0.180044739,0.497235868,0.500825821,0.502065329,0.503885255,0.511022063,0.586962166,0.588242969,0.595711847,1.103659779,1.283745289,1.294060748,1.304050803,1.3071938,1.356570981,1.369388837,1.401567813,1.401778725,1.414198216,1.421542,1.430445787,1.431669464,1.4327654220000001,1.650593965
0.026659566,0.165150847,0.165198904,0.165217775,0.16728012,0.168442006,0.168773051,0.170380826,0.171110082,0.171366632,0.175253755,0.176719412,0.17870712,0.17959404,0.187338861,0.187437531,0.189527311,0.194043876,0.194435237,0.194727479,0.203760968,0.205225773,0.207959101,0.208604032,0.222469837,0.290040206,0.29017734,0.296886543,0.439685982,0.708375216,0.940296107,0.952748546,0.968839299,0.97330116,0.995232778,1.00649143,1.052100709,1.05285142,1.08915584,1.103649938,1.11237526,1.118809397,1.119666229,1.387877195
0.159371122,0.1651646,0.165625293,0.166287151,0.166581173,0.168263026,0.168359641,0.168473229,0.168412234,0.168343804,0.168961244,0.169223193,0.16902467,0.169107346,0.169406968,0.169208706,0.170141123,0.169458986,0.1702473,0.17085316,0.171966998,0.178685859,0.179579494,0.179528052,0.1930916,0.382740992,0.38473382,0.392659229,0.415383053,0.769576327,1.015295326,1.019553759,1.022798405,1.029421879,1.039354495,1.08916643,1.164105872,1.165811752,1.1671294429999999,1.169589241,1.1858657240000001,1.186861539,1.191768246,1.4451667559999999
0.034469258,0.035701376,0.161274015,0.161212795,0.161082085,0.161044397,0.161695542,0.161743631,0.162091903,0.165377884,0.166282625,0.166436085,0.167131938,0.167273246,0.167724774,0.168070771,0.169606299,0.170169157,0.172749117,0.173095845,0.175719231,0.191600576,0.199174353,0.202432997,0.203753327,0.210137898,0.279323084,0.279439096,0.289608573,0.726079034,0.970115072,0.982732606,1.008455247,1.014354374,1.0721731270000001,1.093515814,1.129379246,1.133574535,1.140125138,1.151894926,1.163273736,1.169021059,1.169409121,1.435167794
0.036667499,0.037173462,0.036818467,0.037349736,0.162398331,0.162618946,0.16284604,0.166430112,0.166181737,0.166864824,0.168466384,0.16993993,0.170959212,0.170916446,0.171265443,0.171271594,0.171410496,0.171668047,0.174599815,0.176787925,0.178184531,0.195783784,0.20325027,0.205749416,0.229181594,0.533848704,0.647338609,0.647639341,0.665099028,1.224720008,1.497666598,1.498526543,1.529317116,1.5318373250000001,1.597306841,1.6184949309999999,1.656775724,1.663909343,1.671329503,1.6833952060000001,1.6977536149999999,1.699059529,1.699892952,1.977055443
0.145978506,0.148448799,0.150767399,0.150621021,0.150983065,0.151080068,0.151612053,0.152488668,0.152560034,0.153331207,0.153467581,0.165888586,0.166366168,0.166568586,0.186029064,0.186106561,0.191007434,0.191719863,0.192896779,0.192909262,0.223122972,0.228982562,0.244744174,0.250206821,0.262063203,0.406231366,0.414579517,0.423502803,0.675937726,0.934419676,1.165067461,1.196527436,1.21727564,1.216457131,1.263067785,1.270361045,1.319925749,1.323454441,1.342197991,1.355442843,1.360789502,1.360399331,1.36392869,1.624804051
0.034862634,0.034796458,0.034495788,0.055897916,0.05667318,0.056931393,0.057517347,0.057606908,0.05735294,0.05855462,0.058742546,0.058965917,0.059972819,0.060441482,0.060264138,0.060843298,0.060822206,0.061585471,0.063313138,0.064629006,0.065715562,0.066586725,0.066277189,0.06953185,0.070596491,0.071191869,0.163729734,0.164806695,0.165624665,0.683596806,0.902982566,0.913531569,0.9270542,0.935211953,0.988146415,0.999843613,1.03738142,1.040308992,1.048369245,1.054839293,1.069360891,1.0711160259999999,1.072730864,1.3064901309999999
0.055576878,0.056915222,0.057949427,0.058044114,0.058545287,0.059964866,0.061154001,0.061567639,0.062043502,0.062514503,0.0624372,0.062743253,0.064685985,0.064645545,0.064803753,0.064800215,0.065168297,0.06533862,0.066261806,0.069891109,0.07876148,0.080316754,0.080498168,0.081585405,0.082970055,0.171793798,0.172958578,0.175104943,0.229711213,0.616611652,1.085470249,1.0982890730000001,1.098858685,1.100885484,1.116070074,1.25020537,1.341320047,1.346228546,1.356289981,1.3883595610000001,1.396360048,1.402579357,1.4033719279999999,1.8190372190000001
0.033432445,0.056114434,0.055800367,0.05670648,0.056837676,0.0571761,0.058082341,0.058873128,0.058673964,0.059632717,0.060048681,0.060574459,0.062025376,0.06223364,0.062345829,0.062317722,0.06259522,0.063090733,0.063631197,0.064800936,0.065159321,0.071378464,0.073932618,0.0760962,0.07896912,0.08171853,0.143062673,0.143952829,0.14941037,0.793382598,0.984672545,0.98703099,0.989245519,0.997892774,1.046974362,1.051884225,1.084059642,1.104590701,1.10689472,1.124554507,1.132479064,1.13231085,1.133577803,1.435174202
0.145789552,0.146511154,0.146121102,0.146287909,0.147346655,0.147290331,0.147697392,0.147853355,0.148971971,0.149853697,0.150668083,0.150969755,0.151053461,0.151295348,0.151116946,0.151825542,0.152679926,0.15285465,0.164493359,0.166552935,0.199555879,0.201617532,0.207067377,0.214819194,0.228376878,0.347637806,0.349582626,0.365636218,0.397480976,0.849417897,1.066763965,1.088552891,1.091177796,1.110946698,1.110227027,1.1739519409999999,1.223970712,1.233216523,1.234914624,1.251436902,1.260994886,1.261997878,1.262876622,1.5356901760000001
0.035261689,0.064994544,0.065119245,0.065149883,0.065392548,0.066434926,0.066961325,0.067968889,0.068293262,0.068495451,0.069329921,0.070038883,0.069713683,0.130523276,0.13084826,0.13122944,0.133759871,0.134756047,0.13516066,0.135302617,0.137514817,0.158237301,0.159454611,0.171507656,0.174687042,0.17608642,0.284816899,0.285350202,0.303050407,0.99941373,1.33183998,1.348029597,1.356498752,1.3573193639999999,1.422771414,1.428302033,1.467100324,1.475002289,1.481057871,1.498399329,1.510270884,1.5099522699999999,1.511337658,1.773416017
0.029552851,0.144230476,0.14451987,0.144484833,0.144832151,0.145020812,0.145508887,0.145393634,0.14603333,0.146239916,0.146865948,0.148082391,0.148507594,0.149206365,0.14990675,0.149791513,0.151192904,0.151253055,0.155180608,0.15647315,0.157725292,0.159984932,0.160979109,0.164128952,0.171207849,0.249005163,0.249097162,0.252986733,0.499486084,0.836963834,1.097589396,1.115849241,1.133726083,1.140223607,1.153904591,1.195123742,1.201967107,1.212588033,1.25483845,1.265691697,1.276259931,1.281374719,1.280710159,1.559392812
0.056429049,0.05872689,0.059137322,0.059996889,0.05976273,0.06111551,0.060373841,0.065207872,0.065200387,0.065722744,0.066944092,0.067926839,0.068313674,0.069956165,0.070654177,0.071262412,0.071314388,0.071361261,0.077071633,0.077960814,0.093202884,0.09755927,0.099085243,0.107786251,0.11257905,0.225537683,0.227194254,0.239862137,0.397554027,0.971241944,1.289137807,1.290479537,1.309679996,1.312649446,1.319860818,1.375974409,1.381099371,1.446188701,1.450817654,1.466739384,1.476541408,1.478028203,1.478430596,1.8078410900000002
0.142854387,0.143774969,0.143788841,0.144151249,0.144295653,0.14416656,0.144024448,0.145537765,0.147572937,0.147798883,0.1483441,0.148658719,0.148503612,0.150542529,0.151114358,0.151359197,0.151222348,0.151530114,0.152334311,0.15158978,0.152332354,0.157820057,0.159658301,0.16081052,0.161659441,0.238005708,0.242879168,0.251210102,0.265602891,0.761323426,1.009399845,1.013261768,1.025030425,1.03402873,1.036495681,1.091321369,1.137567512,1.144283062,1.151978598,1.16482164,1.173544561,1.176236706,1.177586192,1.423018216
0.027007173,0.161252742,0.161178773,0.161776053,0.161657757,0.164477484,0.164612112,0.165625436,0.165532922,0.166216624,0.167745016,0.167005958,0.168120908,0.16843924,0.168940194,0.169355939,0.169671641,0.170627528,0.171462597,0.171952988,0.189965322,0.193065233,0.19466168,0.195124513,0.200645052,0.275116283,0.27542532,0.278441744,0.441075203,0.65481707,0.876771453,0.887597518,0.90191992,0.900739702,0.931905337,0.939358787,0.976784965,0.980932212,1.000189505,1.008477117,1.011901334,1.015847297,1.021130151,1.245748459
0.057001361,0.058163173,0.059536465,0.060542616,0.060778209,0.060465759,0.061760383,0.061419573,0.06182137,0.062169124,0.062698971,0.062638308,0.063969722,0.065680284,0.06707495,0.067806778,0.068049365,0.068258088,0.069086922,0.068717976,0.068978097,0.075543302,0.075793492,0.079962555,0.086343547,0.135365616,0.135955452,0.14074428,0.157222828,0.458239398,0.651568609,0.663615964,0.671233378,0.673647,0.680446077,0.728059613,0.767475247,0.773319571,0.776791303,0.788564296,0.796097101,0.798086942,0.80055613,1.012425744
0.034472128,0.036436525,0.051575194,0.056849631,0.059461777,0.060411706,0.06098845,0.061717673,0.062408528,0.062469411,0.063528214,0.063740486,0.06427766,0.064581197,0.06511031,0.065028174,0.065313494,0.065639384,0.068450293,0.072309448,0.073655161,0.073576657,0.074132135,0.080287198,0.084267803,0.085122477,0.203204632,0.207481966,0.383592957,0.99457226,1.188337158,1.1974794260000001,1.213974348,1.236000585,1.27986001,1.291478462,1.325029568,1.326585914,1.336352443,1.342382033,1.355382711,1.358728814,1.359318516,1.587486872
0.162823558,0.163399605,0.163329526,0.163784498,0.163523013,0.16391329,0.165706126,0.166954771,0.16653973,0.167273382,0.167264075,0.168733078,0.168184241,0.16881339,0.169583148,0.168876746,0.169081658,0.169555196,0.171312906,0.172085694,0.17849496,0.191534466,0.192789296,0.194880639,0.198216254,0.264121238,0.266231942,0.267902896,0.407310586,0.692542759,0.918468958,0.926659309,0.940602671,0.941672568,0.974027345,1.003524437,1.011837807,1.013026378,1.047632167,1.059446604,1.066081432,1.071982256,1.07464567,1.303862048
0.032729931,0.058919584,0.059901364,0.060872654,0.061060427,0.061452835,0.061671147,0.062209538,0.062498077,0.062933507,0.063177307,0.063981554,0.064040317,0.0639824,0.064792297,0.06443839,0.065208646,0.06534424,0.066757926,0.068910021,0.069046047,0.076312918,0.07821861,0.081818337,0.082740335,0.082910318,0.226319402,0.227914969,0.234367996,0.657212756,1.067830184,1.0860894700000001,1.112010438,1.126756124,1.198059943,1.211810485,1.2611708529999999,1.261905608,1.269130087,1.286638748,1.304176175,1.3073311539999999,1.309451975,1.70915102
0.059591111,0.060939784,0.061099402,0.061438007,0.062256897,0.062656756,0.062710676,0.063856154,0.063694223,0.063903833,0.063970691,0.064114338,0.064013546,0.064413964,0.067678347,0.070119731,0.074005932,0.075879861,0.076488273,0.077009776,0.076342059,0.077022488,0.079013609,0.081687389,0.082031961,0.125689243,0.136303376,0.139576297,0.144158944,0.694825326,0.938670201,0.949179547,0.95666803,0.960632778,0.966985966,1.043866146,1.095460195,1.099796278,1.106480075,1.116512514,1.12717419,1.129395617,1.136567287,1.392640469
0.036462941,0.160180126,0.161024457,0.161327651,0.162878896,0.162340903,0.162815273,0.163245672,0.164425697,0.163571721,0.163771009,0.163911501,0.164161039,0.164533408,0.165012482,0.165843912,0.165688943,0.166329916,0.166199622,0.167416493,0.166872417,0.182899472,0.184630946,0.187162798,0.190817643,0.195780863,0.485383833,0.491933876,0.517947541,1.693601275,2.145535649,2.186031902,2.2297717280000002,2.231855279,2.343105537,2.37185249,2.430011954,2.440399163,2.453773167,2.4703254,2.491684915,2.497601412,2.4968052050000002,2.9690926600000003
0.033473919,0.060143512,0.061647679,0.062388309,0.064243607,0.06723833,0.068780216,0.069874776,0.069927182,0.070771852,0.073809149,0.073849863,0.074845989,0.076061261,0.075574515,0.075871525,0.07608836,0.076608243,0.077043712,0.077739978,0.089908518,0.09553216,0.096411177,0.100488101,0.102723355,0.103224841,0.167967295,0.170385759,0.18228963,0.568030605,0.791103437,0.800562103,0.815759373,0.82569683,0.865261268,0.882533432,0.907616321,0.927488615,0.930342296,0.94636789,0.955286959,0.954979139,0.958744212,1.218937122
0.030645608,0.160687993,0.1603008,0.161387547,0.163225108,0.162585209,0.162798813,0.163823878,0.164378676,0.16551161,0.166052474,0.16643239,0.167650686,0.166821696,0.168199886,0.168873126,0.168600176,0.168342439,0.169320581,0.171456465,0.173786294,0.192899256,0.19317895,0.194578226,0.195158241,0.260931722,0.266309109,0.274170739,0.388101225,0.63847605,0.852748508,0.873889316,0.891718822,0.893524686,0.906203022,0.938429127,0.944549797,0.955832615,0.985302101,0.995343305,1.007196772,1.012097614,1.014560777,1.244744019
0.035049732,0.040352307,0.054117304,0.055236329,0.061569426,0.062294081,0.06230721,0.062801026,0.063169292,0.063553846,0.063616196,0.063699594,0.063994843,0.064752957,0.064951325,0.065825194,0.066105685,0.065822965,0.06657853,0.067101788,0.066879076,0.071311917,0.07156157,0.077468431,0.081682428,0.082513221,0.135625462,0.139659186,0.141484415,0.436244487,0.617729827,0.629302571,0.637492381,0.639050882,0.69193902,0.694874512,0.729165851,0.730747679,0.736457637,0.742063075,0.752630983,0.755787421,0.756786941,0.956644141
0.161485817,0.16372822,0.165057787,0.165422778,0.16504558,0.165606111,0.166197683,0.168476126,0.168304627,0.168616822,0.169708472,0.170085854,0.170496539,0.170661947,0.170838205,0.171680712,0.171512994,0.171726618,0.171904337,0.17249275,0.188240532,0.193585452,0.201884301,0.20562255,0.208380169,0.446169726,0.449051829,0.460346116,0.509517167,1.008925337,1.308009338,1.31193527,1.324109015,1.331153369,1.342946068,1.41346648,1.480108626,1.489323307,1.49364227,1.5062741819999999,1.51987797,1.521959677,1.525543517,1.8482808
0.033705022,0.060756438,0.061623993,0.061537258,0.062761522,0.064587072,0.066080514,0.067173313,0.069179686,0.070216559,0.144628073,0.14466976,0.146754253,0.147008688,0.147207431,0.148122641,0.148019004,0.148885539,0.149144985,0.150657472,0.151829466,0.151867416,0.153437092,0.154584225,0.157915945,0.170666462,0.257665165,0.257974497,0.258868077,0.722850954,0.974517775,0.994903774,0.998796675,1.003665105,1.004415089,1.066669347,1.117243755,1.118717111,1.130078691,1.14535748,1.153995543,1.155448974,1.155890276,1.4346537750000001
0.056553177,0.057088261,0.056990826,0.057367854,0.057923405,0.057540389,0.057535,0.057800261,0.057858414,0.059456961,0.059741764,0.06004418,0.060578851,0.061247019,0.06145077,0.061550261,0.062244747,0.063018201,0.063418122,0.063598339,0.145317376,0.152282996,0.152854308,0.157017023,0.158127761,0.206803582,0.210843337,0.221125796,0.241361012,0.666828986,0.87751573,0.894990222,0.909750718,0.913468373,0.915829285,0.98427632,1.02658838,1.028819044,1.035130895,1.042300395,1.054694762,1.056319572,1.056879295,1.292129807
0.032537357,0.033830105,0.162663432,0.163663165,0.163889329,0.165325248,0.165142825,0.164942956,0.16564311,0.165882416,0.165511161,0.167090958,0.168136272,0.168489666,0.169483775,0.169765693,0.168888308,0.16963938,0.169561517,0.169496986,0.170018529,0.170903553,0.171375152,0.172076516,0.172768561,0.180543101,0.237281485,0.238131934,0.241804889,0.526755164,0.713268075,0.721860711,0.732048925,0.73311314,0.732889928,0.775223092,0.818849662,0.821768341,0.828360887,0.838260134,0.843597895,0.84617623,0.848676284,1.053379647
0.04179071,0.051061013,0.073605792,0.075762166,0.077668758,0.080402849,0.080742537,0.081267173,0.082678539,0.083384831,0.083740447,0.085200428,0.085487239,0.085420549,0.08593199,0.08704802,0.088375415,0.092595426,0.093768884,0.094751941,0.095687332,0.121504491,0.121818406,0.127472618,0.132049823,0.13616441,0.195988741,0.201909497,0.209969704,0.604328254,0.83097638,0.838544284,0.848270173,0.856412786,0.920479641,0.930821995,0.963255052,0.963393624,0.972730128,0.988032165,0.998741223,0.99875328,0.998727343,1.248577838
0.033658492,0.036133904,0.036097088,0.03604997,0.036874587,0.043137635,0.060568475,0.062064377,0.062541882,0.062698446,0.062943825,0.064124158,0.064145777,0.064424224,0.06484066,0.065294432,0.065715766,0.066253208,0.067093289,0.067394885,0.067747491,0.071547682,0.079678092,0.089467547,0.094157961,0.133020563,0.196049232,0.20295415,0.211723027,1.042276697,1.34478999,1.354030367,1.376281245,1.383683029,1.454833642,1.47296957,1.5247661240000001,1.5269917419999999,1.535690821,1.549729546,1.57057091,1.572140952,1.57263165,1.8991799459999998
0.033131122,0.034569244,0.034746741,0.037249384,0.066555797,0.068311985,0.068676003,0.069128456,0.069918666,0.070363203,0.070387603,0.070821764,0.07089776,0.0713016,0.071386676,0.071905565,0.074885567,0.081366205,0.082429448,0.082780426,0.084958287,0.091282732,0.0924944,0.092787003,0.101479158,0.186481276,0.19020101,0.198986316,0.474038455,0.722094742,0.974097186,0.987246631,1.010827169,1.026640659,1.062736777,1.078513887,1.116075904,1.11697584,1.1200044120000001,1.12853955,1.142805511,1.15007929,1.150022397,1.383513674
0.0630213,0.06351083,0.064162298,0.064120061,0.064405029,0.064493263,0.064787767,0.066032148,0.066506369,0.066272794,0.067814402,0.067419742,0.066794552,0.067853637,0.069413688,0.069809465,0.072343267,0.074604869,0.075827017,0.075456805,0.078615388,0.081069384,0.139860262,0.141281734,0.153040828,0.236851518,0.247240475,0.258459611,0.380754694,0.677657007,0.872119383,0.883557452,0.888659613,0.896151464,0.902275937,0.935288485,0.947864974,0.98102156,0.987968176,0.999343733,1.003003853,1.009626105,1.010410925,1.216782464
0.065239734,0.065247496,0.066520982,0.066766677,0.146442874,0.147575937,0.148613496,0.147608428,0.14839511,0.148141437,0.1493841,0.149994933,0.150447155,0.151220376,0.151216725,0.151008814,0.151066481,0.151440014,0.152666716,0.154753232,0.155302126,0.158717975,0.160564458,0.163135415,0.168145879,0.30098025,0.304850036,0.314153645,0.360973162,0.708984871,0.907685529,0.916048164,0.920891999,0.935299834,0.939891078,0.984787574,1.032334846,1.033439523,1.035672305,1.048845469,1.058343554,1.060021717,1.060219393,1.288606342
0.062686441,0.063443926,0.064265853,0.064337945,0.064652305,0.065067616,0.066399106,0.065416755,0.066035327,0.07065621,0.071502512,0.072642025,0.072608057,0.0738106,0.073880542,0.074415423,0.078074347,0.079305624,0.080010435,0.080439921,0.097514503,0.100196768,0.10541909,0.105929326,0.132094531,0.202209135,0.205463045,0.210307798,0.258145233,0.664651551,0.915705066,0.932412502,0.941990685,0.950691635,0.956619506,1.029074287,1.070706669,1.077115945,1.087534092,1.098939456,1.103395949,1.108416602,1.108511328,1.372892752
0.162536049,0.162481744,0.162644512,0.163461341,0.163198296,0.163167501,0.164564921,0.164253628,0.164516055,0.16483723,0.165025089,0.16576577,0.166098173,0.166505353,0.166216646,0.166273774,0.168746268,0.168880347,0.17141755,0.172828057,0.186469182,0.188541511,0.194412192,0.195759843,0.195862317,0.424456527,0.42522022,0.447346244,0.494364787,1.104836254,1.3262038839999999,1.329875623,1.349567405,1.35442896,1.373957686,1.4062986149999999,1.422559568,1.456043278,1.459945074,1.470743384,1.481836039,1.484491516,1.4846036040000001,1.716795303
0.034928042,0.034139118,0.036382706,0.036313255,0.036328834,0.037663461,0.042000313,0.056791456,0.057402672,0.058453986,0.058516544,0.058663619,0.144090383,0.144394425,0.145247685,0.147613754,0.148846089,0.148720455,0.149957458,0.150055571,0.151482952,0.176694482,0.192093256,0.19496551,0.200168541,0.218640278,0.345155624,0.350628371,0.361936023,0.823125869,1.08361447,1.092616241,1.11534479,1.119490721,1.184136489,1.202441171,1.245715061,1.249344797,1.255187515,1.269249795,1.273639571,1.275935561,1.278291822,1.548160776
0.035899362,0.035875251,0.140908365,0.142047087,0.143077018,0.143358185,0.144686693,0.145855554,0.146160658,0.146606439,0.146568273,0.160746882,0.161188471,0.161948487,0.163913836,0.165292802,0.16535313,0.16660875,0.16701956,0.169588441,0.170662423,0.493200386,0.494202671,0.515701243,0.51838488,0.538800589,0.704269637,0.705704638,0.723689454,1.205762305,1.469477232,1.4782752559999999,1.496528978,1.500635914,1.5681821889999998,1.579647348,1.62429271,1.6243102299999999,1.6438722380000002,1.6555237680000001,1.663405443,1.664158149,1.665285355,1.9336145519999999
0.035492325,0.035786614,0.062288209,0.063118639,0.063897515,0.06428292,0.065340298,0.065019486,0.066284934,0.066199013,0.066598507,0.066759957,0.067325281,0.066926987,0.067516722,0.067591454,0.067972423,0.068102285,0.067743467,0.067754873,0.070169949,0.073999723,0.078546445,0.083879412,0.084552999,0.085327942,0.168432804,0.171167299,0.172547408,0.76554974,1.114752047,1.138371513,1.147562939,1.153876028,1.191358071,1.213049989,1.244745478,1.2450498269999999,1.254930402,1.2747113620000001,1.281937957,1.287918522,1.288889235,1.6798635929999999
0.160088726,0.160385556,0.161342371,0.161485766,0.163944815,0.164788691,0.16627149,0.167133034,0.168788293,0.168583387,0.172585006,0.174115639,0.175696841,0.178354755,0.179459929,0.180001943,0.179875071,0.180073575,0.180411072,0.182517592,0.198188243,0.203019813,0.202936906,0.207558269,0.224620866,0.329776673,0.332732834,0.349808221,0.719036958,0.959831632,1.0503277,1.253746328,1.262643961,1.265068199,1.271264887,1.339697717,1.406172884,1.40630003,1.411471484,1.425950008,1.443213887,1.443263953,1.445578554,1.755523001
0.031343164,0.033539562,0.161137004,0.161136959,0.162845231,0.164680204,0.165883156,0.166656757,0.166792076,0.166190412,0.168068149,0.168331047,0.169225151,0.169477314,0.170084405,0.170633307,0.170546109,0.171660817,0.172428748,0.17301707,0.172564289,0.186207757,0.186152947,0.186359442,0.189644934,0.199645331,0.246686274,0.250735274,0.252863217,0.600862165,0.802667383,0.812993378,0.813858033,0.822600601,0.865595813,0.879951207,0.914633456,0.921120401,0.926984343,0.939646621,0.948372637,0.94985811,0.950409319,1.162655046
0.057755199,0.05793252,0.058021107,0.060072437,0.060989798,0.061579237,0.0623502,0.062155478,0.062882798,0.063057747,0.064310414,0.065006389,0.06505919,0.065245599,0.066131892,0.065871189,0.066274008,0.066463533,0.066277468,0.067676018,0.068701638,0.075156637,0.146119001,0.148904362,0.151243201,0.198925093,0.200722282,0.20736393,0.218260045,1.307935943,1.823310843,1.867558737,1.905133222,1.907746307,1.936509512,2.060125762,2.171871758,2.180567259,2.200458516,2.234228685,2.251421195,2.250754892,2.255761057,2.825801788
0.068772698,0.069056209,0.069574929,0.069644214,0.069361902,0.070572218,0.070343789,0.071093739,0.070979453,0.071759152,0.071350219,0.071792359,0.072609517,0.072957118,0.074929048,0.07525125,0.075408285,0.075742798,0.075905395,0.077508873,0.088170975,0.099024625,0.099231961,0.106035584,0.107278559,0.195802072,0.200054336,0.20628936,0.299301091,0.631900767,0.872831772,0.893239524,0.897778748,0.904744264,0.910473548,0.958597624,0.959372417,1.005347894,1.011577609,1.028605163,1.031427718,1.032698554,1.036019221,1.307356475
0.063023893,0.063099526,0.063072345,0.063458112,0.06399702,0.064193679,0.065256353,0.064030882,0.064858553,0.066959821,0.067081644,0.067267413,0.067858301,0.068652785,0.068197352,0.068134371,0.070640477,0.073172807,0.073586598,0.074825485,0.138072972,0.140886218,0.145714192,0.14941902,0.151348154,0.201841676,0.212958587,0.217110796,0.420814863,1.000883254,1.212301703,1.223138107,1.223090942,1.23152249,1.235239322,1.272431002,1.282824403,1.319819597,1.320797363,1.335486168,1.342328658,1.341842077,1.3434763140000001,1.5483526159999998
0.033692812,0.154292399,0.159466013,0.160249068,0.16065743,0.165590921,0.165936043,0.166299767,0.166146277,0.166214393,0.167321784,0.167480602,0.167530638,0.168225568,0.167734319,0.169057592,0.168703305,0.169989473,0.170602401,0.17069262,0.170767735,0.1776446,0.179553346,0.192910167,0.195420228,0.19925033,0.264683636,0.269509509,0.275347644,0.682576276,0.91434668,0.935188633,0.948521617,0.948276573,1.018765184,1.028407308,1.065196415,1.07630632,1.078548685,1.092472242,1.103681421,1.1080473259999999,1.1132139030000001,1.3834482590000001
0.159002633,0.160222834,0.161186215,0.161451542,0.161782053,0.162661596,0.162890327,0.163039235,0.163313439,0.163501945,0.164206071,0.164188653,0.164865918,0.164638129,0.165713588,0.166691129,0.167684876,0.167311023,0.169586418,0.170353131,0.189276014,0.191122016,0.191813596,0.19904144,0.207523025,0.278009518,0.279077984,0.285270449,0.423495323,0.743938607,1.006559269,1.019982432,1.042501548,1.04680719,1.065139031,1.111442861,1.116385249,1.120324907,1.161467243,1.175758813,1.187213841,1.1918333620000001,1.192175719,1.464379327
0.033412122,0.036173053,0.035970183,0.036094534,0.036193439,0.03681317,0.052374538,0.054751448,0.056037354,0.056269684,0.056843537,0.057014116,0.057439896,0.057581279,0.058158103,0.057651365,0.058909869,0.059326856,0.059426008,0.059586871,0.060704954,0.065200471,0.06525087,0.066372343,0.068552909,0.150277903,0.305121384,0.307940919,0.319437862,0.634462106,0.82034467,0.840720884,0.841168393,0.854318699,0.912064853,0.922504862,0.952934238,0.957600656,0.958782447,0.965313504,0.977437591,0.979445629,0.982033587,1.206664254
0.063012321,0.064583237,0.064534018,0.064813748,0.06498077,0.066068763,0.067251479,0.068253845,0.068327842,0.068169145,0.068376117,0.06847135,0.068784616,0.069984828,0.070250648,0.070406108,0.070272918,0.0705021,0.072119613,0.073111248,0.077909894,0.079918737,0.080460981,0.080377378,0.089659851,0.137693689,0.145108324,0.148679939,0.36447782,0.805170442,1.063210721,1.083429597,1.100417351,1.106408621,1.13845238,1.1429025529999999,1.185278568,1.19097959,1.20852898,1.238943945,1.247205141,1.246811312,1.249327816,1.5366340840000001
0.070340874,0.070395148,0.070364509,0.073326985,0.070843724,0.071352455,0.071525017,0.071873402,0.072570594,0.07280497,0.073832701,0.073747435,0.073793119,0.077910201,0.086424255,0.088166389,0.094211241,0.094978493,0.095141833,0.096720605,0.096712607,0.098801639,0.099845412,0.100660327,0.112832709,0.188424943,0.189112974,0.199566501,0.31280473,0.650875827,0.926688013,0.950532581,0.957818758,0.96622373,0.974975461,1.021447867,1.027445001,1.083910801,1.0887690700000001,1.100258941,1.113997943,1.116442881,1.116550955,1.391437971
0.041221512,0.041966265,0.065468864,0.065533102,0.067331867,0.06792723,0.068126412,0.068070683,0.068178432,0.068379375,0.068682956,0.069368894,0.069879034,0.072412171,0.07243482,0.072796138,0.074209171,0.074945217,0.074998831,0.076515223,0.077364501,0.08192203,0.082805046,0.090686474,0.095033518,0.099108441,0.209635239,0.218288093,0.229350443,0.953728151,1.2882470050000001,1.296346492,1.314271198,1.3187648269999999,1.403086288,1.4075217389999999,1.462208715,1.462506616,1.480919759,1.497251356,1.510264001,1.512241912,1.512718895,1.826085103
0.02815354,0.064291429,0.064267059,0.141764361,0.141747252,0.142054489,0.142407264,0.14240275,0.143181637,0.143046216,0.143036258,0.144821628,0.145344183,0.147396995,0.148399557,0.148052731,0.148430629,0.148872917,0.148932034,0.150135249,0.152987122,0.157231525,0.168330112,0.170665486,0.188854114,0.305350274,0.309904131,0.321743312,0.545007626,0.892303,1.139576853,1.186943935,1.219985835,1.225147494,1.256581435,1.277558088,1.323217635,1.327063658,1.3596890959999999,1.377444364,1.388820958,1.388594813,1.396682737,1.719518103
0.034325136,0.034566305,0.159213697,0.158908115,0.159076009,0.159702245,0.160135287,0.16035956,0.160515647,0.162424625,0.163420451,0.163411729,0.163962763,0.165274892,0.165229296,0.166248319,0.167598948,0.168810604,0.169374291,0.169667795,0.169974017,0.186636611,0.188094997,0.189218195,0.190074398,0.196460236,0.298060297,0.300778582,0.318811472,0.76187201,0.989358994,1.005183528,1.019612809,1.025398462,1.072421822,1.094831659,1.124720705,1.134481101,1.145885191,1.1559449800000001,1.166782936,1.1679998440000001,1.168156223,1.414703781
0.161422057,0.161535109,0.162245539,0.162797956,0.163624764,0.163775904,0.16418093,0.166367456,0.166365314,0.166654848,0.167738901,0.167602449,0.168146455,0.168190436,0.168165875,0.169298704,0.170158724,0.169478463,0.171318159,0.172606316,0.188297675,0.189628867,0.195518009,0.196408647,0.201441998,0.272986365,0.276056822,0.28172329,0.309821022,0.675889394,0.907276675,0.920063052,0.929143208,0.934123867,0.937998971,0.994405521,1.048330169,1.049464418,1.052362282,1.071588784,1.079295952,1.080909401,1.081151693,1.344240617
0.034320395,0.056658644,0.058955797,0.059237641,0.061225968,0.061269498,0.062058081,0.061650083,0.061599837,0.062465419,0.062532408,0.062704413,0.062585024,0.062939999,0.063585103,0.064506677,0.065029242,0.06508192,0.065001906,0.066439442,0.073363976,0.076230075,0.076736959,0.078008597,0.081133532,0.082239401,0.13523836,0.135599612,0.145242704,0.474734766,0.790239087,0.803251407,0.811718739,0.811935714,0.818119595,0.869024699,0.944979986,0.945238178,0.9498169,0.979531846,1.006592228,1.010397938,1.013476358,1.395988335
0.032274074,0.033260242,0.156548928,0.158590953,0.158810545,0.161162053,0.161701951,0.161935776,0.162414292,0.163732536,0.163061427,0.163319525,0.163800605,0.16434206,0.164436346,0.164642114,0.164882649,0.165626662,0.1661015,0.166404656,0.167333543,0.18865138,0.192010963,0.195768633,0.201146734,0.203038627,0.271275209,0.274785028,0.284914831,0.714816853,0.943708314,0.964054451,0.97318123,0.990328774,1.049363857,1.05998396,1.098565856,1.0988939580000001,1.102655756,1.118913416,1.135021254,1.135511012,1.140139963,1.413848929
0.030543391,0.057513749,0.058052144,0.060445078,0.060481256,0.061228593,0.061697082,0.061984717,0.062358408,0.062405362,0.062845321,0.145109923,0.145791452,0.145870557,0.14664939,0.14688994,0.150079058,0.149880064,0.152377217,0.152138461,0.152678436,0.155238338,0.164965684,0.174808349,0.178737924,0.277395473,0.284271225,0.291305287,0.623779748,1.056482428,1.426393517,1.468884645,1.492018762,1.5087362899999999,1.5688937950000001,1.587839062,1.623070123,1.6263261340000001,1.634437776,1.664179232,1.676968241,1.679096347,1.679967553,1.961392341
0.036226384,0.036832971,0.161567796,0.161466241,0.162568786,0.162776372,0.16272982,0.163617942,0.164585549,0.16502185,0.166198749,0.167187359,0.16886428,0.169651658,0.169884414,0.169870938,0.170629256,0.170896793,0.1707283,0.171872763,0.174393888,0.186359564,0.188050867,0.19275978,0.193840624,0.19416262,0.260647495,0.261157993,0.266870694,0.611827556,0.821376318,0.829207568,0.838977641,0.841475699,0.905260388,0.906962257,0.957071699,0.95777221,0.958844025,0.973742962,0.981410831,0.982473709,0.982515858,1.216438576
0.03415475,0.062871037,0.064668616,0.064723777,0.064870605,0.065114693,0.06527409,0.066032933,0.066297829,0.067105544,0.067529512,0.067608045,0.06806512,0.070440467,0.070833493,0.074002589,0.075196004,0.076202295,0.075893423,0.076135571,0.087299411,0.098933766,0.108366028,0.117418899,0.126901403,0.186391467,0.190704581,0.195717001,0.376955054,0.579493143,0.776100176,0.784696416,0.804319634,0.81923105,0.867727957,0.872955575,0.910605276,0.91739243,0.919003862,0.926593788,0.942913191,0.947747897,0.948887815,1.197167367
0.034184316,0.15992967,0.160817243,0.161477516,0.161701426,0.162453287,0.162373663,0.162683989,0.162813085,0.164010338,0.16413059,0.164954642,0.164891138,0.165477218,0.165333457,0.166826158,0.167162245,0.168646912,0.169373725,0.169042311,0.173444839,0.181237368,0.185070279,0.188236924,0.191049321,0.194402186,0.242966681,0.24415188,0.248372581,0.615484267,0.796628756,0.807441173,0.832771203,0.837378924,0.916162857,0.932583566,0.978062291,0.980187942,1.019111418,1.034598686,1.057967994,1.057179794,1.059738539,1.317055827
0.058189159,0.060193726,0.060166834,0.06118822,0.061601568,0.061710468,0.061976782,0.06188073,0.062368785,0.065033449,0.065517204,0.066979298,0.067361741,0.069312955,0.070458055,0.131151425,0.131861736,0.133011745,0.132505445,0.132879645,0.134827511,0.137034917,0.137504481,0.14032735,0.145064325,0.271386851,0.273835889,0.292472051,0.334124778,0.854491259,1.158624088,1.193685139,1.200908428,1.203418407,1.208853182,1.297041614,1.356245087,1.3628043189999999,1.363576242,1.38666549,1.387919883,1.394957944,1.3963859570000001,1.719585528
0.034252591,0.059150128,0.061488297,0.061772793,0.063123691,0.063772927,0.064685152,0.064841146,0.065545004,0.066677069,0.067512782,0.06760955,0.068695641,0.069564762,0.072136561,0.072055795,0.071951952,0.07215534,0.071874558,0.07239834,0.073249935,0.075816439,0.079536462,0.080705494,0.081050201,0.094396308,0.185398053,0.186121921,0.202274829,1.050738443,1.319713827,1.356188311,1.373616323,1.3729123699999999,1.453301242,1.4612294399999999,1.4918751000000001,1.501887751,1.508818789,1.5254042700000001,1.533120542,1.53646233,1.537034606,1.788300291
0.033065389,0.156863587,0.158762008,0.159182039,0.159961153,0.160292642,0.160440251,0.160901625,0.16164552,0.16147211,0.161928598,0.162771413,0.163660739,0.164343905,0.165122735,0.166093845,0.168219053,0.16847182,0.168860414,0.169564583,0.169863413,0.17263264,0.176693933,0.191272903,0.19270398,0.202317802,0.272161863,0.276339921,0.287801005,0.728382525,0.962297358,0.972736888,1.003330357,1.002581103,1.055852293,1.068988755,1.111426623,1.113060801,1.118667094,1.136400008,1.142505389,1.146214145,1.146742599,1.40102824
0.032489651,0.159364733,0.15945934,0.16085355,0.161456254,0.162179788,0.163027696,0.162761773,0.164856964,0.165089619,0.166922215,0.167043351,0.16816189,0.169297252,0.169528006,0.169552296,0.171830807,0.172432497,0.172705987,0.173495499,0.173741179,0.188572159,0.189402144,0.191110408,0.193193829,0.198773874,0.260852922,0.264381325,0.26994999,0.642370554,0.848712071,0.858275078,0.872090456,0.875188099,0.916051959,0.933451809,0.957862636,0.989854601,0.990113199,1.005775905,1.016728443,1.017094098,1.018548539,1.272051396
0.03262331,0.05788584,0.061633711,0.062201102,0.062007555,0.061889962,0.06223173,0.062370656,0.06234132,0.063017822,0.062926711,0.063176334,0.063425988,0.063645661,0.065382181,0.065694554,0.065751344,0.06712362,0.069218229,0.069816946,0.071405163,0.072438707,0.079931824,0.138955871,0.138973675,0.142734575,0.206803148,0.208883818,0.214837699,0.850406226,1.091505553,1.103111126,1.109380173,1.111933303,1.114836991,1.175621587,1.212795677,1.214426668,1.222521596,1.233667724,1.243509577,1.242881921,1.243920842,1.468686739
0.184942194,0.185351092,0.186715421,0.187361784,0.188326317,0.188349038,0.188797349,0.189575499,0.189843104,0.191172852,0.190454358,0.19071798,0.191818668,0.192415839,0.192749467,0.193365648,0.196384286,0.197962385,0.199917796,0.200016556,0.381211073,0.382977082,0.384026728,0.385869687,0.410646345,0.529111953,0.530338639,0.542927887,0.74821519,1.135191676,1.403657992,1.409843418,1.430241405,1.432062073,1.464557624,1.499197374,1.510927041,1.511570552,1.5535179970000002,1.566059732,1.579648465,1.5841787539999999,1.5858247749999999,1.87579535
0.040884161,0.04561659,0.060351294,0.06365322,0.063948991,0.064256161,0.064530935,0.06598659,0.068306774,0.069114224,0.069211884,0.073438217,0.073774533,0.073903796,0.074949776,0.075370886,0.081391336,0.083629181,0.084654811,0.088415888,0.090105582,0.092129622,0.092637685,0.097874608,0.099832229,0.117530243,0.188151759,0.189097416,0.197215231,0.636363257,0.903249632,0.922837067,0.952211253,0.9575949,1.020224535,1.027994637,1.073934267,1.081618367,1.090963057,1.101865913,1.116585742,1.118408725,1.119602671,1.396388967
0.059486875,0.059681197,0.061401463,0.06197649,0.06263668,0.062911272,0.062880784,0.064815244,0.064489251,0.064990247,0.064970976,0.065504901,0.065520982,0.06557368,0.065801607,0.066914284,0.067207976,0.068486417,0.069063228,0.070624409,0.077985458,0.07802344,0.081478829,0.082366345,0.088440664,0.140102917,0.141556358,0.150840087,0.423920843,0.732503473,0.971802277,0.98343144,0.995454934,0.995120597,1.000727586,1.04922629,1.059283138,1.102799471,1.105639893,1.125185233,1.131326309,1.133532947,1.133935109,1.3953935290000001
0.032602575,0.03266042,0.03401093,0.036194377,0.036495175,0.036870445,0.04330897,0.054025577,0.054873613,0.054813447,0.055069049,0.05492819,0.056333877,0.057065917,0.057720673,0.0586121,0.05873262,0.059952506,0.143792313,0.14786923,0.15154187,0.166483239,0.176339824,0.177807106,0.178973416,0.204126254,0.343650296,0.345263075,0.359578465,1.111430626,1.3744005129999999,1.382329961,1.39888112,1.410550051,1.484878475,1.497295281,1.543828962,1.546427096,1.547900509,1.560291683,1.5728635359999998,1.577128831,1.578514221,1.8607079309999999
0.058029926,0.058617459,0.058910477,0.059055796,0.059295473,0.059756799,0.059837776,0.061144433,0.061539681,0.062372886,0.063722391,0.064363188,0.06480875,0.064906722,0.064901,0.066675774,0.067335971,0.067679977,0.067768885,0.068297529,0.07021091,0.071222247,0.13523158,0.1408147,0.142881395,0.184170275,0.188076989,0.194862823,0.203501351,1.254507361,1.73977592,1.773569339,1.812007322,1.819585276,1.826743554,1.9417612260000001,2.038740954,2.049849638,2.054509193,2.084342107,2.101039147,2.103410833,2.106718558,2.58244402
0.027068751,0.031075642,0.159648286,0.159862973,0.160597473,0.161253591,0.161149419,0.161670341,0.163391215,0.163118034,0.16293811,0.163237826,0.164060457,0.164191467,0.164251471,0.164488124,0.166779129,0.168084672,0.169931197,0.170320364,0.175677411,0.177944263,0.186528592,0.19113187,0.193649956,0.271013663,0.272217649,0.280001852,0.463335075,0.673832168,0.867709126,0.877006464,0.896420353,0.901160978,0.952525349,0.963395694,0.994988065,0.996043845,1.006024075,1.017147376,1.027239521,1.027526194,1.030256924,1.259912208
0.033968795,0.042134403,0.059504978,0.060011534,0.060810659,0.060885832,0.061641891,0.06172339,0.06227888,0.06221564,0.06189403,0.062145728,0.063063225,0.063604099,0.06399711,0.065248799,0.065353763,0.066140923,0.067890422,0.067879556,0.06778613,0.152171883,0.152548202,0.154587546,0.156469355,0.161289211,0.216459952,0.217529494,0.224741985,0.936684631,1.144940355,1.147599564,1.163746772,1.166161631,1.217738451,1.231767353,1.261023501,1.271329938,1.274220191,1.280369122,1.2932261170000001,1.2974798619999999,1.298413699,1.513899315
0.028812063,0.160444669,0.160837932,0.160871327,0.162508946,0.162359194,0.16226231,0.16517594,0.165780665,0.166506446,0.166629819,0.167479104,0.167423058,0.16810219,0.16836178,0.170243687,0.169562492,0.170997277,0.171833511,0.171794962,0.18614765,0.189485764,0.191140734,0.192531517,0.208266213,0.29555359,0.304947865,0.314338066,0.595767728,0.930752497,1.179023947,1.232793104,1.263677636,1.265481939,1.324405313,1.338610087,1.364473477,1.371119492,1.404836352,1.418580672,1.430186385,1.434459887,1.437375163,1.740818559
0.033728384,0.035615082,0.056911821,0.057081363,0.057129176,0.057519807,0.057578793,0.058338998,0.058302616,0.058495369,0.060388554,0.060850201,0.06244497,0.062970619,0.063427121,0.06333092,0.063779575,0.063594947,0.063653171,0.063490658,0.065211924,0.066508725,0.07051925,0.071614383,0.080465762,0.087019678,0.136086402,0.141201387,0.143777387,0.461104605,0.648333085,0.660274117,0.676821938,0.677596292,0.722884257,0.739034597,0.767174113,0.776087315,0.780629681,0.79392835,0.797727322,0.800053555,0.805631257,1.027973386
0.033423301,0.034811114,0.046933057,0.058401855,0.059730616,0.060408738,0.060530891,0.060734047,0.062034734,0.062069551,0.062010394,0.062027453,0.062074754,0.062990869,0.063243508,0.063762003,0.064703908,0.065193803,0.06738516,0.067732702,0.068745785,0.154107195,0.15519361,0.155355153,0.156801989,0.157227311,0.213412494,0.217201528,0.222827293,0.598302244,0.860578952,0.860938171,0.868562283,0.871501326,0.929989715,0.93608301,0.964786084,0.966912119,0.973664173,0.982067007,0.990631931,0.992268606,0.992550939,1.192938141
0.158801882,0.159544256,0.160099859,0.160031357,0.160509904,0.162491752,0.163008616,0.163295977,0.163420529,0.163919877,0.165959108,0.165005718,0.165693761,0.166395207,0.166544206,0.167044001,0.167236801,0.167494878,0.168410034,0.170177846,0.171523837,0.172304071,0.191716665,0.194040474,0.194466017,0.364155118,0.364409309,0.367414804,0.380955309,0.896442595,1.125476368,1.125752307,1.14609946,1.157712772,1.15978045,1.217807695,1.267546597,1.277782854,1.284927723,1.2922452039999999,1.306880897,1.309147431,1.310146493,1.5801433120000001
0.027590464,0.160315517,0.160734465,0.163936321,0.164925058,0.164902996,0.16567302,0.165491261,0.166155174,0.165999277,0.166056943,0.166026236,0.166538603,0.167551703,0.167475161,0.167819075,0.168462578,0.169111337,0.169676069,0.171702445,0.179222417,0.17986667,0.193431138,0.197785499,0.203557757,0.266820954,0.267235083,0.272296352,0.565379094,0.893926282,1.160518625,1.186955899,1.194487632,1.200823132,1.232996488,1.2764643740000001,1.280832139,1.28492081,1.33283215,1.344936754,1.356586259,1.3589010510000001,1.36253983,1.6583372029999999
0.042500042,0.042163595,0.042211077,0.042368478,0.044505073,0.045276893,0.045946789,0.04631186,0.047092079,0.048372527,0.049812452,0.056394432,0.060949345,0.062072411,0.062246463,0.069373889,0.073924088,0.074805023,0.075238326,0.076806643,0.078231151,0.091679036,0.094180861,0.105061881,0.11448675,0.121320843,0.233996282,0.237477285,0.24237861,0.854981728,1.171464104,1.190684557,1.215428062,1.219798358,1.2824773170000001,1.302678576,1.355708003,1.35856342,1.366966478,1.377037416,1.390928536,1.392346676,1.3971887729999999,1.683270567
0.059656382,0.062482314,0.061949025,0.062239565,0.062586263,0.062743994,0.063263033,0.063143189,0.06348088,0.064625069,0.064810476,0.064918031,0.065205497,0.065463665,0.065944694,0.066865736,0.066670882,0.066852526,0.071569411,0.075939046,0.077115847,0.079668921,0.081164044,0.081302558,0.08200557,0.253097829,0.253804175,0.271292463,0.479834021,1.010502183,1.328797697,1.350659305,1.370391264,1.373827981,1.37842505,1.435047973,1.448804511,1.516578456,1.525362893,1.538269664,1.558334495,1.56058069,1.56315731,1.842674186
0.027005539,0.056025663,0.059509293,0.059539527,0.060434233,0.060931842,0.060750348,0.062029036,0.06396271,0.064130664,0.066047521,0.065787757,0.065947274,0.067254939,0.067760555,0.067900997,0.067876524,0.073254644,0.074113784,0.074424082,0.076565321,0.077807432,0.081569265,0.082102561,0.090620673,0.137277031,0.139476964,0.146111426,0.277039099,0.460241292,0.620002805,0.636562362,0.675145408,0.676709625,0.706094342,0.726825478,0.758078894,0.7584636,0.779172658,0.788228081,0.796510091,0.801211678,0.80146475,1.012601182
0.059108722,0.060311936,0.060422308,0.061053668,0.061728748,0.061727325,0.06220305,0.06234928,0.063148659,0.063630177,0.063486098,0.063613365,0.064042242,0.064657052,0.065225791,0.066214359,0.067153866,0.067175972,0.068361026,0.070117173,0.148956548,0.156955007,0.157159249,0.159438531,0.160951027,0.459664905,0.464770893,0.478212766,0.522321458,1.002786957,1.218265954,1.236643059,1.250262579,1.251843156,1.260330367,1.324812487,1.379392368,1.3800430590000001,1.389963985,1.403421505,1.412052395,1.417771054,1.417836561,1.693665457
0.060520995,0.061976114,0.062303059,0.062279408,0.062907011,0.063302245,0.063129748,0.063496922,0.063194781,0.063856186,0.063732112,0.065033487,0.066241296,0.066348109,0.066844698,0.068848319,0.068614695,0.069129429,0.073298367,0.076338095,0.136809212,0.136886849,0.14137835,0.141841122,0.146565091,0.565727668,0.567710853,0.583306059,0.660483858,0.940836291,1.150777573,1.163437543,1.166365664,1.170942718,1.176131616,1.210860425,1.224530112,1.259752806,1.268399814,1.278245869,1.289255906,1.290696026,1.291446506,1.5311412020000001
0.032737261,0.139016086,0.139711933,0.142412049,0.142545013,0.142786737,0.14292318,0.143676074,0.144386915,0.144699659,0.146422017,0.146805324,0.147217816,0.147053321,0.147789518,0.148661545,0.149117354,0.149848682,0.151250796,0.152785039,0.154256789,0.163502355,0.165355774,0.179621517,0.180877389,0.186910738,0.310403123,0.312354721,0.33108018,0.865797705,1.14546109,1.1690361280000001,1.181731429,1.187787183,1.262826198,1.263042352,1.296678634,1.3233193540000001,1.333490629,1.3405841139999999,1.359359328,1.3599354830000001,1.365143823,1.655130346
0.162935682,0.163310798,0.163536391,0.165301935,0.165156305,0.166131017,0.166597069,0.166332221,0.168013075,0.168814522,0.1685673,0.170572135,0.171063812,0.171920013,0.173130149,0.172841056,0.173962698,0.175200251,0.174825554,0.176345661,0.186727069,0.191314932,0.193900569,0.194847248,0.196704319,0.259231342,0.260069803,0.263928666,0.326491361,0.618044084,0.842752636,0.854330185,0.861753543,0.864632603,0.880474442,0.913852191,0.920233343,0.958483193,0.965590946,0.979140158,0.984726698,0.985918561,0.989110091,1.215382542
0.027719734,0.159551938,0.160047647,0.160912012,0.162045733,0.164967071,0.165623053,0.166289636,0.166990843,0.166789688,0.167703384,0.1682342,0.168037551,0.168355025,0.169391277,0.170272343,0.170645092,0.170795392,0.170990986,0.173268409,0.186043381,0.187426749,0.190679814,0.19129389,0.205600708,0.278260028,0.280613156,0.295256537,0.580306084,0.962945783,1.224956792,1.233716372,1.251869069,1.253497607,1.281311208,1.317667803,1.333447706,1.335673258,1.373737997,1.3844637610000001,1.399512786,1.4038220639999999,1.404037895,1.664980358
0.034439259,0.034105193,0.034064072,0.034782381,0.075252676,0.075871683,0.075995767,0.076733428,0.077929553,0.078049243,0.079050309,0.079749795,0.079786026,0.081286938,0.083083619,0.091061512,0.092436202,0.093604042,0.0986872,0.100620992,0.117458578,0.126738263,0.130803122,0.131019275,0.150276391,0.281841741,0.284298068,0.298583087,0.662241534,0.991733003,1.280634367,1.303198005,1.329304844,1.343521736,1.4175949509999999,1.43357368,1.483260306,1.493066305,1.496409421,1.514387468,1.537589128,1.538776914,1.5395443869999998,1.897117116
0.033770933,0.16232002,0.16340932,0.163256164,0.163467515,0.16395931,0.164191943,0.16444657,0.16445519,0.165160091,0.165551441,0.165571577,0.165199731,0.165112128,0.165652751,0.167017294,0.167338226,0.167818599,0.168278929,0.168963621,0.180427975,0.187586703,0.191906651,0.196063613,0.198091942,0.202827891,0.453911277,0.454325086,0.466120237,1.205306305,1.507530858,1.51925201,1.527121761,1.5273003200000002,1.594436259,1.611404973,1.655856716,1.657035375,1.6767751419999999,1.688113629,1.700150241,1.7023426929999999,1.70368442,2.000175216
0.027170739,0.188253936,0.189817175,0.189861886,0.190834111,0.190995211,0.191923106,0.193119674,0.194236782,0.19428129,0.194430753,0.194352579,0.194478979,0.196955721,0.197136211,0.197417608,0.19808478,0.199306517,0.199786956,0.200408214,0.2284409,0.231434856,0.234638687,0.234698713,0.254912684,0.363167361,0.364288288,0.37334622,0.605776332,0.970157708,1.249612261,1.26864563,1.277531096,1.290292804,1.318413258,1.3578478440000001,1.367807429,1.37163363,1.413759609,1.431758056,1.439041993,1.440354804,1.44112881,1.723964229
0.035775339,0.035804482,0.156302824,0.15621688,0.157341217,0.157482035,0.157565023,0.157772358,0.159246992,0.159144637,0.159555222,0.160342298,0.160281223,0.160889425,0.161264365,0.161598402,0.161843734,0.162776613,0.166111633,0.167600147,0.169445661,0.181838327,0.187753213,0.18865552,0.190930145,0.196431847,0.244725045,0.244801798,0.249022744,0.772143315,1.03417146,1.060329372,1.106917642,1.109948083,1.20247595,1.244404541,1.300698562,1.3112772879999999,1.3309857379999999,1.348233471,1.365490838,1.367741838,1.3697776720000001,1.692216335
0.033953821,0.037173686,0.03717013,0.037113441,0.037390739,0.037369235,0.038327621,0.058567127,0.059109918,0.059975879,0.0617717,0.061740597,0.142397444,0.143617739,0.143732732,0.143968375,0.144276326,0.14519419,0.148879575,0.149375971,0.149709524,0.150730986,0.153512689,0.154608333,0.156270493,0.169828225,0.234288935,0.234961635,0.247144057,0.711019671,0.971593286,0.982663637,1.002159061,1.006557759,1.071189526,1.08585128,1.130822443,1.131609442,1.142618196,1.152173912,1.16277422,1.163169078,1.163253587,1.436861645
0.033057254,0.064083192,0.06431226,0.065144507,0.064954886,0.066178903,0.066953016,0.068128755,0.068159778,0.068400772,0.069051215,0.143023624,0.144538778,0.14619352,0.149014426,0.149111105,0.149167997,0.150190198,0.150752508,0.150082331,0.151051922,0.15671428,0.156886135,0.167000494,0.168623691,0.195253561,0.27892835,0.27979618,0.289022892,0.782820627,1.059399822,1.081077812,1.087861419,1.097639209,1.10697641,1.17179207,1.21892724,1.231258005,1.236617325,1.245326933,1.254344916,1.2541402640000001,1.259656847,1.534647198
0.039244104,0.05867862,0.056322099,0.05669838,0.060207822,0.062155697,0.061577006,0.061069084,0.062648583,0.065517193,0.063565229,0.065439137,0.067948922,0.065079794,0.066272276,0.066674633,0.066931517,0.067636665,0.070723809,0.070367354,0.070723801,0.069633471,0.069764747,0.070774719,0.071873499,0.078977346,0.136911257,0.145140205,0.144561206,0.632102639,0.843460952,0.866126989,0.865457942,0.863379353,0.87404358,0.918783491,0.963442023,0.965165622,0.971615188,0.982469646,0.983881827,0.992256552,0.994152301,1.218186935
