0.087558315,0.092705395,0.107431158,0.122231084,0.131495729,0.131498982,0.131170274,0.130828701,0.154707065,0.155429113,0.155281415,0.155015609,0.155164428,0.154582056,0.154316475,0.154869142,0.163944652,0.164355186,0.164079523,0.164248461,0.170413883,0.182589388,0.23487894,0.25688065,0.30715158,0.496768441,0.526901496,0.767161135,0.946553154,1.182643583,1.208152079,1.518923746,1.640268842,1.669709323,1.688786812,1.700123369,1.704366856,1.7823770909999999,1.820632174,1.8727586569999999,1.9500070630000002,1.954371863,2.407815138
0.171684594,0.172350218,0.172133802,0.1761972,0.191019824,0.190911482,0.193362098,0.207700879,0.20897783,0.209005229,0.208671255,0.225543808,0.225651257,0.225539508,0.225610814,0.225375125,0.225673727,0.226645177,0.226656368,0.22668259,0.246436241,0.247957901,0.299128218,0.315214579,0.373820721,0.557882891,0.587608136,0.606779407,0.790376732,0.98400164,1.203239241,1.241953128,1.508164305,1.703625274,1.711269078,1.740127841,1.740035883,1.7525869520000001,1.779523446,1.831945783,1.885856282,1.979742187,1.9813609639999998,2.442267469
0.123878577,0.13154413,0.143346575,0.143438334,0.143963941,0.145585176,0.145592895,0.14549169,0.14554315,0.155979788,0.155915516,0.155882563,0.155846128,0.155853053,0.155805259,0.155726388,0.155177282,0.155752719,0.1556971,0.165703646,0.165639385,0.173380562,0.223329901,0.256990786,0.269262651,0.482147486,0.51813676,0.720238872,0.752592802,0.914509802,1.153124609,1.15817397,1.420043841,1.567605748,1.59338331,1.593298587,1.64683364,1.650860386,1.7116033499999999,1.758973914,1.812620752,1.8902505010000001,1.8985967270000002,2.382307821
0.07795278,0.086646395,0.100359569,0.100358441,0.111219274,0.1111818,0.116782071,0.117361733,0.126607024,0.126459093,0.12657877,0.126675356,0.126217964,0.12675825,0.127964661,0.153135108,0.153069902,0.153097699,0.153004743,0.153011783,0.15781837,0.158802906,0.172848419,0.205454492,0.230156352,0.270041172,0.432574043,0.477444751,0.821421174,0.868273562,1.133149607,1.26820877,1.45507726,1.5864508480000001,1.5873365590000001,1.5921989989999998,1.623861671,1.6272436460000002,1.6763547989999998,1.739947217,1.789985389,1.8518219930000002,1.857546079,2.310992973
0.084617275,0.085720122,0.108537474,0.119368913,0.132557276,0.132551222,0.13251537,0.132376082,0.132417946,0.132560478,0.132764994,0.14337361,0.143316151,0.143370522,0.143195588,0.143324317,0.143177095,0.143217578,0.143189027,0.143160742,0.143351205,0.175973721,0.17821889,0.219753182,0.251809995,0.288030579,0.456793148,0.489046835,0.763146741,0.911531654,1.127930966,1.230746488,1.498748124,1.541450313,1.589782689,1.623917826,1.6499682770000001,1.68044196,1.7092301650000001,1.75544651,1.802475513,1.86767335,1.889637459,2.353243532
0.066613206,0.069432605,0.097476084,0.123662732,0.127683953,0.127727692,0.127642962,0.127703089,0.12757521,0.127642682,0.127653419,0.127834694,0.1277396,0.127589141,0.137698398,0.137583901,0.137599756,0.137700865,0.137747948,0.137745232,0.137717656,0.173876535,0.176132789,0.226308977,0.258026887,0.313843539,0.497384473,0.513677836,0.813721228,0.963951244,1.19638389,1.266954375,1.604287564,1.656944396,1.704806858,1.7446806179999998,1.7455638900000001,1.7578707759999999,1.831623978,1.8367775050000001,1.8881591279999999,1.986978285,1.999242863,2.443039284
0.042317541,0.049654716,0.08653418,0.103831666,0.130897307,0.140537326,0.140458638,0.140133478,0.140430678,0.140125661,0.166845188,0.166838386,0.167007417,0.166992506,0.167019453,0.167051368,0.169936093,0.16990875,0.186413163,0.189057584,0.190123829,0.191609939,0.238569416,0.255706605,0.324544598,0.507573305,0.516384581,0.620147203,0.766455247,0.982496318,1.101573746,1.231169764,1.429769252,1.6628503220000002,1.678761755,1.722113054,1.737871051,1.7744808380000001,1.7915247239999998,1.847561536,1.896658194,1.969020854,1.9736354459999998,2.442375197
0.086735788,0.109951925,0.110144453,0.110334733,0.109926977,0.109972152,0.137783498,0.143153234,0.144449608,0.144340593,0.144333829,0.144271807,0.14446226,0.144094349,0.144192549,0.144445372,0.144260301,0.144265465,0.162358744,0.162801089,0.162846421,0.162835751,0.188327948,0.235934771,0.268972825,0.315275319,0.489947739,0.496388265,0.774636121,0.933052662,1.176375365,1.220151639,1.5475971290000001,1.628783093,1.6586359910000001,1.680972278,1.700836081,1.74463687,1.764396303,1.801526098,1.832245326,1.9137755379999999,1.915072428,2.3776245129999998
0.074528547,0.099135584,0.118919718,0.139113708,0.13898674,0.139097719,0.139122901,0.165803598,0.166160434,0.166016755,0.166063594,0.16599122,0.165986796,0.165891048,0.185898196,0.185768105,0.185824997,0.185982,0.185996696,0.185944453,0.185850193,0.191219754,0.191485186,0.235155497,0.266641809,0.313700293,0.499861285,0.537158606,0.795433293,0.948084667,1.192833623,1.282092429,1.56865759,1.62159746,1.649522466,1.66795852,1.670615653,1.674666546,1.703126835,1.7577569039999998,1.8138606689999999,1.839554814,1.88710972,2.373691964
0.094250778,0.095686501,0.103224481,0.103269372,0.10328809,0.102632521,0.103359542,0.1175381,0.117595196,0.117547399,0.118292182,0.118269801,0.151312734,0.151371348,0.151352604,0.151389849,0.151244002,0.151298208,0.151212036,0.151239035,0.175446373,0.186201445,0.235125593,0.261838568,0.30666705,0.459248766,0.510856104,0.561584105,0.606111147,0.940841862,1.165959605,1.169283772,1.4550866089999999,1.5722550979999999,1.5874181630000002,1.63569046,1.663174885,1.665732737,1.7080934349999999,1.796650315,1.8383692950000001,1.919275954,1.922531545,2.399649227
0.397371559,0.402588496,0.410204557,0.410153749,0.410194385,0.422083073,0.421893795,0.423955829,0.423834376,0.423639534,0.424109704,0.440506466,0.440444458,0.440441146,0.440391883,0.44044427,0.440620746,0.440331199,0.44039149,0.440332254,0.440317987,0.442102094,0.503335283,0.51622915,0.571147642,0.752578166,0.763588826,0.829323789,1.011810178,1.220924122,1.391507967,1.443598102,1.709938159,1.834032997,1.879391441,1.88588692,1.907082682,1.922277475,1.973191275,2.054733427,2.076246917,2.165857759,2.170917578,2.610511324
0.283778173,0.291674716,0.292441988,0.303902594,0.303926671,0.303865163,0.304008348,0.304121953,0.304111593,0.303344126,0.30406734,0.305775646,0.305804619,0.305582405,0.305626102,0.305996831,0.305660251,0.305779681,0.305876897,0.305680561,0.341295013,0.341806261,0.384483717,0.42090172,0.442921342,0.641926487,0.644279808,0.817599133,0.83648197,1.109156824,1.3611950369999999,1.373400302,1.600173473,1.8065376880000001,1.821547306,1.8230342130000001,1.863954957,1.870306104,1.920356116,1.97027842,2.018110816,2.044481738,2.080668126,2.578428009
0.079699106,0.170508202,0.192601235,0.19824523,0.198354778,0.198270047,0.19827736,0.198226154,0.198275781,0.198198376,0.19824138,0.215133829,0.215111707,0.21514779,0.215217298,0.215175835,0.215002252,0.246609926,0.246625135,0.246620312,0.249259237,0.250228791,0.302496654,0.324174076,0.358753546,0.554078589,0.555928058,0.763298197,0.977609559,1.201585565,1.233332234,1.517571517,1.603384508,1.629929395,1.629896455,1.670724227,1.6869322,1.757895837,1.809780543,1.830493074,1.927704872,1.932482947,2.377489359
0.079189683,0.114624938,0.114253896,0.114407914,0.114278947,0.12726788,0.127964304,0.127969279,0.128037079,0.127826774,0.127869855,0.127838507,0.127794835,0.145836873,0.14595,0.145827345,0.145987828,0.145682453,0.146019609,0.145824189,0.162439467,0.164211954,0.167424943,0.210937086,0.256854802,0.283714604,0.465364459,0.483039325,0.734495482,0.906712096,1.141473642,1.226943085,1.489126263,1.5219624189999998,1.574162828,1.610804839,1.621754173,1.6252686330000001,1.7012587030000001,1.740443388,1.798003908,1.8649171390000001,1.887300234,2.337423094
0.06596748,0.129021715,0.133146429,0.151390703,0.15138324,0.158611798,0.158401194,0.158309286,0.158233813,0.158059258,0.158547667,0.163279482,0.163316888,0.164169797,0.164451267,0.164481525,0.164180838,0.16429126,0.164208924,0.164456157,0.164393704,0.174680744,0.175483255,0.230835502,0.25616656,0.301571095,0.471879607,0.498051879,0.787940329,0.905676257,1.085060557,1.117481275,1.335133417,1.468085781,1.534035574,1.590287746,1.5998427689999999,1.617231578,1.721178076,1.761730879,1.769128797,1.85431715,1.859090393,2.302855823
0.075651816,0.174621583,0.177995317,0.193683655,0.205775839,0.209989402,0.217319257,0.21706854,0.217353373,0.21729835,0.217275041,0.217210767,0.21719075,0.217323246,0.217191056,0.237238589,0.236972552,0.23854934,0.238517735,0.238512889,0.240896971,0.241229264,0.257671216,0.328305454,0.340463568,0.38155234,0.563555573,0.577696713,0.811363335,1.020318515,1.240939615,1.288422355,1.555573476,1.666453407,1.667133617,1.7173212100000002,1.722801448,1.722393688,1.764227875,1.83656062,1.888583116,1.965731517,1.967114154,2.412466198
0.088203488,0.104597187,0.13578648,0.151127073,0.15070122,0.150689476,0.14998783,0.150135398,0.150070441,0.150174016,0.150201054,0.150634236,0.150488144,0.150071065,0.164969704,0.165145367,0.164993946,0.164968433,0.164985177,0.165057961,0.165158072,0.176394435,0.180312759,0.245948142,0.272082099,0.315617354,0.481534566,0.51252482,0.749753787,0.901417915,1.1362355690000001,1.221596842,1.491912973,1.574207463,1.594003225,1.597767745,1.6177495259999999,1.648112215,1.71035572,1.760911944,1.8092649760000001,1.881889031,1.883815018,2.3383391
0.105660818,0.110874861,0.110806941,0.110861877,0.110748134,0.110827048,0.110864462,0.11089097,0.118446352,0.11846654,0.118431073,0.11846836,0.118422142,0.119717652,0.119728432,0.119626976,0.119646964,0.138045114,0.13804578,0.137980996,0.143172358,0.156039294,0.191252446,0.197968443,0.209150336,0.231039471,0.40995357,0.424312772,0.810399795,0.846448304,1.111173304,1.224053282,1.459119894,1.5288377579999999,1.5460131129999999,1.550809722,1.580341873,1.590380457,1.648413754,1.709940099,1.72958118,1.816931242,1.828986983,2.293480657
0.092285698,0.105012747,0.122000588,0.122974301,0.136445386,0.136301707,0.137148073,0.136785814,0.136877937,0.137029941,0.136299361,0.13724405,0.13695519,0.136943135,0.137587422,0.137751379,0.13760382,0.13747173,0.166863663,0.166791736,0.166892727,0.166960712,0.171303336,0.247239806,0.262819362,0.304174377,0.476688439,0.510493262,0.792716272,0.911334073,1.148886075,1.200174586,1.351852742,1.4279350929999999,1.627008473,1.647875585,1.650097675,1.669631237,1.7458081600000002,1.78047698,1.824254164,1.890961169,1.896840485,2.365547088
0.063618101,0.101242203,0.104824294,0.105293319,0.111846204,0.111618817,0.116261437,0.116307546,0.116248296,0.116277638,0.116324971,0.117207582,0.142837848,0.142605259,0.14262842,0.142556373,0.15947227,0.159508805,0.159380007,0.159440264,0.159385978,0.174217138,0.177057309,0.204788353,0.221306494,0.30762343,0.440312073,0.488780021,0.700152935,0.870952737,1.102308669,1.162610634,1.294045505,1.4996525379999999,1.5182546719999999,1.572869711,1.584028314,1.58451035,1.658654603,1.7185161839999998,1.7335738379999999,1.813561368,1.8203056,2.27267678
0.1180016,0.119355779,0.122515185,0.133901842,0.134016419,0.13368036,0.13390441,0.133988155,0.134002663,0.133898451,0.133866826,0.151908637,0.151832211,0.151694558,0.151911304,0.151741626,0.151753288,0.151806342,0.151748499,0.151707593,0.175908779,0.176485645,0.224099724,0.255106203,0.309064699,0.498435974,0.533658129,0.578928869,0.789718814,0.931336049,1.135396957,1.1852379100000001,1.405916557,1.487431202,1.6189285610000002,1.6782880919999998,1.683609472,1.690720733,1.769667533,1.805087047,1.853174889,1.9159316579999999,1.918480518,2.383448765
0.077907012,0.078029832,0.226379968,0.226379699,0.226546977,0.226586312,0.234159575,0.234066947,0.234001769,0.233786701,0.233997049,0.234082113,0.233977232,0.23398129,0.234754542,0.234692565,0.234675369,0.234571576,0.234722962,0.234561444,0.23464245,0.269993695,0.271026107,0.317167571,0.340135393,0.379273707,0.58056741,0.611097863,0.836802973,1.020618091,1.151310023,1.2409717040000001,1.335878707,1.572116196,1.696695417,1.709957273,1.716298946,1.750540014,1.841555337,1.874955645,1.893806472,1.966842631,1.969013763,2.431282167
0.082734617,0.117956765,0.122619543,0.122429303,0.122920182,0.122857616,0.146188143,0.146062256,0.146165813,0.14629776,0.146031026,0.146042535,0.14606925,0.145987084,0.146023552,0.161126451,0.161060522,0.161046038,0.161159705,0.16104694,0.161223585,0.166929467,0.170704385,0.234113032,0.248571187,0.284571057,0.475815076,0.485809173,0.759319507,0.915552405,1.1491308,1.235303671,1.49848847,1.540750057,1.561096689,1.624902657,1.6299790280000002,1.641765229,1.7132845730000001,1.7544932119999999,1.795396722,1.869754803,1.8715959629999999,2.372859638
0.078031198,0.108669316,0.126043641,0.125990654,0.125846619,0.125838064,0.12594492,0.125662732,0.126798195,0.141930141,0.141990398,0.141967788,0.14171489,0.142878,0.142846671,0.142924688,0.153891888,0.153695834,0.153736546,0.153449696,0.153881033,0.153739469,0.185184939,0.236666124,0.262931172,0.298742736,0.491336495,0.50902572,0.84655759,0.924938927,1.1753107090000001,1.294381662,1.38747219,1.549520051,1.584795716,1.650646047,1.673895483,1.689494295,1.774605825,1.823436002,1.876135887,1.963865111,1.965342597,2.417903989
0.114869906,0.130510622,0.130512223,0.130559808,0.130763434,0.130656376,0.130324335,0.130662139,0.130359366,0.143068914,0.143154716,0.143145368,0.14307548,0.144372999,0.144321298,0.144304695,0.14432207,0.14430264,0.166987418,0.166942773,0.170112737,0.172596445,0.237729424,0.282538093,0.329354395,0.507282411,0.542517336,0.73271933,0.798167361,0.958624322,1.003273581,1.2008911,1.228296147,1.508433202,1.637758037,1.6815575809999999,1.686950859,1.700016755,1.784968572,1.8463960529999999,1.89836223,1.920484662,1.962120485,2.419657151
0.274532213,0.276427259,0.278420189,0.278578347,0.279643589,0.279854107,0.280286811,0.279759244,0.287427315,0.290756975,0.290746385,0.295544615,0.295654307,0.295550285,0.317263906,0.317387271,0.317287471,0.317500188,0.317430013,0.317243298,0.317404596,0.321296237,0.340735334,0.370131385,0.383005748,0.454898137,0.614240884,0.617776111,0.955804411,1.082634482,1.3235415019999999,1.427259209,1.682422087,1.7094971490000002,1.7518804719999999,1.75477825,1.802151185,1.811487909,1.858856601,1.91688159,1.968333584,2.042198768,2.047477038,2.494626942
0.125350644,0.12495236,0.126134142,0.125820297,0.13242236,0.147157056,0.148305751,0.148203582,0.148222063,0.148290388,0.163915445,0.16388867,0.163888352,0.163800882,0.16381436,0.163777094,0.163863263,0.163762493,0.163720827,0.163699073,0.17658038,0.185724791,0.224434458,0.231979968,0.308052698,0.481166872,0.481262332,0.623639575,0.717975977,0.941720323,1.008640375,1.174893563,1.287835922,1.514279358,1.59488973,1.61456117,1.639254953,1.6418126979999998,1.759886533,1.815133278,1.825897594,1.913653578,1.915610874,2.379802904
0.071785057,0.076121043,0.146264232,0.146258477,0.146074943,0.146275061,0.146346203,0.146206175,0.146171174,0.14618469,0.146204415,0.14615985,0.155829518,0.15684866,0.156463755,0.156877304,0.158820069,0.165080486,0.16516822,0.16512578,0.165034926,0.165141139,0.18941384,0.253075491,0.276801939,0.298290925,0.485722716,0.503010585,0.758013548,0.906733664,1.132282925,1.198016274,1.469633624,1.544416885,1.586641337,1.616592722,1.6261470249999999,1.632802983,1.652861001,1.7311107159999999,1.797223483,1.88585205,1.888086293,2.362871439
0.092053831,0.128079954,0.131169155,0.131422967,0.131162802,0.131536213,0.131493212,0.139089929,0.138947925,0.138927636,0.13893695,0.138993639,0.138917986,0.138960263,0.159511249,0.159718349,0.159663,0.15967371,0.159710662,0.159716491,0.15964576,0.179255644,0.180812195,0.229311789,0.255783488,0.294121854,0.4735695,0.473593553,0.802125966,0.914981119,1.148663109,1.19858207,1.494575169,1.576734758,1.601839821,1.608050125,1.642582768,1.647681082,1.70077684,1.7626751120000002,1.821073706,1.8944503560000001,1.894092574,2.375760305
0.096269181,0.137467658,0.137495123,0.13730313,0.137549217,0.144650452,0.156560031,0.156566078,0.156503127,0.156531274,0.158086916,0.158049574,0.158075288,0.157976403,0.18449114,0.184601023,0.186152492,0.186062725,0.186040555,0.186044531,0.185949044,0.187676062,0.188557616,0.247415218,0.271482541,0.319762589,0.5060537,0.530444523,0.812415796,0.95940832,1.157128209,1.174043219,1.406211242,1.618963763,1.648966126,1.650448022,1.686809428,1.790381779,1.838415855,1.871068652,1.8846915389999999,1.9553257469999998,1.9562248009999998,2.423728435
0.090110966,0.144998829,0.159050254,0.159047385,0.158975036,0.16776784,0.170458703,0.170805638,0.1707449,0.170784797,0.170660011,0.170701811,0.170648083,0.170644641,0.170575007,0.170648241,0.189388902,0.1905343,0.190362901,0.190430236,0.19037407,0.190405435,0.190976063,0.269388293,0.288556498,0.310981781,0.497932745,0.510133454,0.765196644,0.911418727,1.162778222,1.241321765,1.498059314,1.595755265,1.6020699779999998,1.605629945,1.640703533,1.668347716,1.734693107,1.78150445,1.822292901,1.8513515059999999,1.889247617,2.367369037
0.07169897,0.077057844,0.18075833,0.194494318,0.198010125,0.198358141,0.198472749,0.198401947,0.198288787,0.198427029,0.198324114,0.198574458,0.21725317,0.21724322,0.217241814,0.217182897,0.217226145,0.217180989,0.217228467,0.219788946,0.220608432,0.221328769,0.222718902,0.267603519,0.292264864,0.349865185,0.515890617,0.515898881,0.645447491,0.947874995,1.111909278,1.180425579,1.438317611,1.620219291,1.634696286,1.6631533649999999,1.678674103,1.6853443559999999,1.773788417,1.840194935,1.852599939,1.873977715,1.911873079,2.384710239
0.082108474,0.116072859,0.120059439,0.12001351,0.120001793,0.12005344,0.119956694,0.119789152,0.127509292,0.127453226,0.1275143,0.127220319,0.12739001,0.127202046,0.127495464,0.127470282,0.157273488,0.157356527,0.15745264,0.157300925,0.157258808,0.174840816,0.175183511,0.22705424,0.245773708,0.289204704,0.447743527,0.472844836,0.705968929,0.852993473,1.1116407050000001,1.113809457,1.40642217,1.5318405510000002,1.540226261,1.580450305,1.585546694,1.5901092540000001,1.650269331,1.706807808,1.743720903,1.813232626,1.82121003,2.2834253159999998
0.029538806,0.071013187,0.154866113,0.159818285,0.159719092,0.159888101,0.160008076,0.159909399,0.159820194,0.159864767,0.160296863,0.160292441,0.160309817,0.161211909,0.162550453,0.177921481,0.177828244,0.177867858,0.177807645,0.177897918,0.179404644,0.184595426,0.197941473,0.211092859,0.264093565,0.289997959,0.484449472,0.493819704,0.741502921,0.894245647,1.136815759,1.138978074,1.289317446,1.489651767,1.513716906,1.545347852,1.5927527609999999,1.618793293,1.697762043,1.733560388,1.771650105,1.8282880110000002,1.838157614,2.29303438
0.175458594,0.179452099,0.189197492,0.189293725,0.189190873,0.189120556,0.189146483,0.188878817,0.207585298,0.207599588,0.208322716,0.209288285,0.20930785,0.209225114,0.209234097,0.245156199,0.245250994,0.245258833,0.244986206,0.24540468,0.245244074,0.247493507,0.289662223,0.306508227,0.365129332,0.559798526,0.56514341,0.73229317,0.870347408,1.023675452,1.060821542,1.264915837,1.4684930999999999,1.5520073970000001,1.733606014,1.73675519,1.7513730490000001,1.817205375,1.843388866,1.8619740999999999,1.918164508,1.9976682110000001,2.007528613,2.468008454
0.073558974,0.123724864,0.126040369,0.126319302,0.126368253,0.126374625,0.126065148,0.126204833,0.159416368,0.159552786,0.159520478,0.159580608,0.159480136,0.159422378,0.175947534,0.175958216,0.175996862,0.175922149,0.175944785,0.175862101,0.176861435,0.199218986,0.220523067,0.251507224,0.280202557,0.341113143,0.517080813,0.545404934,0.833608678,0.9681456,1.1973003389999999,1.288903584,1.465037686,1.6105784490000001,1.6362336389999999,1.65262851,1.66100881,1.6760255590000002,1.729919635,1.783775027,1.830991076,1.897890121,1.900368982,2.366406093
0.091132553,0.110388115,0.109763677,0.10962172,0.11681737,0.116833071,0.123739252,0.123866179,0.123831443,0.123955758,0.127617411,0.127651402,0.127636105,0.127530517,0.127536383,0.158955036,0.15888707,0.158938561,0.158902733,0.158881741,0.16670125,0.182170019,0.221239512,0.251137967,0.295861525,0.464089337,0.482505454,0.606065331,0.712733953,0.936004371,1.205264498,1.205163997,1.487446243,1.5500843789999998,1.61944172,1.655446343,1.66623944,1.684285067,1.762142893,1.772358527,1.804084155,1.835289304,1.8796937919999999,2.373793301
0.143298006,0.143316753,0.143208704,0.146104183,0.150661352,0.159106014,0.158870281,0.166212847,0.165908188,0.166065705,0.166331995,0.165992236,0.16597993,0.166376924,0.166050955,0.166426388,0.166399875,0.166412353,0.178673482,0.182667806,0.184401773,0.227832147,0.266289956,0.274070384,0.333647883,0.536633715,0.549062009,0.756600057,0.804654844,1.016102277,1.07037965,1.224205314,1.325353999,1.526450207,1.5591041350000001,1.667764047,1.6791039890000001,1.690659135,1.759473002,1.831981986,1.8390696229999999,1.917804064,1.922383341,2.386765628
0.084020651,0.171419511,0.186488404,0.186137253,0.186150037,0.185589784,0.185891421,0.202267103,0.202387141,0.202246846,0.202180891,0.202216415,0.202271965,0.202230387,0.202212975,0.237423429,0.237059243,0.237396274,0.23734751,0.237316544,0.237441843,0.264200512,0.277853706,0.311211584,0.316681803,0.37687362,0.552743406,0.592174633,0.67776947,0.982128215,1.206756704,1.210711961,1.51954868,1.686306812,1.71750902,1.718714219,1.730841296,1.7947931609999999,1.822462755,1.823380204,1.880702033,1.962599677,1.964376619,2.422870242
0.074987452,0.11117451,0.116270154,0.119150415,0.120575767,0.120511349,0.120363194,0.120160575,0.120512708,0.120343029,0.132647734,0.132685643,0.13278484,0.132614958,0.13264953,0.132616763,0.132576291,0.164199665,0.164181837,0.164179569,0.16420639,0.170193659,0.181896506,0.213258475,0.24389941,0.301521305,0.454205842,0.479089345,0.776111257,0.880646343,1.169361288,1.241059439,1.5115025850000001,1.533160127,1.619380553,1.625184372,1.6425331829999998,1.661478038,1.724337977,1.779708098,1.829065766,1.898837659,1.903914026,2.38749824
0.075604996,0.113849764,0.113953597,0.120225953,0.140069275,0.140051412,0.139987345,0.140066497,0.140016931,0.139840447,0.139992393,0.139994024,0.150806528,0.150806712,0.150761688,0.150802652,0.150713471,0.150589289,0.150763218,0.168027677,0.1679876,0.170886842,0.171945562,0.215719767,0.238230595,0.27616357,0.462110554,0.485056149,0.745923756,0.89676347,1.159243963,1.160368249,1.509742459,1.542412018,1.571345134,1.629186651,1.651070221,1.671101761,1.725182401,1.77449747,1.792999616,1.823778508,1.853734247,2.325067978
0.105989513,0.123484701,0.141421411,0.143081499,0.144145838,0.144118433,0.143932144,0.144088403,0.159055571,0.158980038,0.159063659,0.159045308,0.158911531,0.158951688,0.159052405,0.177069651,0.177054978,0.177008284,0.177135771,0.177268202,0.180051698,0.182389583,0.233431473,0.285689218,0.325390172,0.509431145,0.517768058,0.732849906,0.776004621,0.958563713,1.219885975,1.234341202,1.3642553689999999,1.5975786250000001,1.6264286860000001,1.679425432,1.697915666,1.7377971250000002,1.7620391199999998,1.80794131,1.855913419,1.929811894,1.933460835,2.381144323
0.082475362,0.133090494,0.134231639,0.143723567,0.143130134,0.143773003,0.143480475,0.143773496,0.145524824,0.145571268,0.153358454,0.153360713,0.153489323,0.152666376,0.153172613,0.153322823,0.162359749,0.162298357,0.16247948,0.162344877,0.16254359,0.162502479,0.186000397,0.218825841,0.224161632,0.280928548,0.452391881,0.457539123,0.724032576,0.887547536,1.140110457,1.202526073,1.478410384,1.529298143,1.5766939500000001,1.585846946,1.610882266,1.6349410469999999,1.6988077339999998,1.739487699,1.789312138,1.864440385,1.870998178,2.3353135099999998
0.112419034,0.118750648,0.120137438,0.120147915,0.120100609,0.119954288,0.120074849,0.120052626,0.11998506,0.120145882,0.120110627,0.1197827,0.119799488,0.145681062,0.145644973,0.146890173,0.146840399,0.146786484,0.146783023,0.146808269,0.169135754,0.187121683,0.207349749,0.216965601,0.227715205,0.284154076,0.456721672,0.456740575,0.880002984,0.89635946,1.109045762,1.29051765,1.484797605,1.50630302,1.6013761739999999,1.607674057,1.629272152,1.637314071,1.700750556,1.7803476329999999,1.796209113,1.872191204,1.878945501,2.3611006
0.142522611,0.151171084,0.151859068,0.151715545,0.151543585,0.154032714,0.157670501,0.158813949,0.158921811,0.158765159,0.158870182,0.158772565,0.158857726,0.158986625,0.159009562,0.169423247,0.169318737,0.169337529,0.169450139,0.169450385,0.194548398,0.205630908,0.240443366,0.291164341,0.31697227,0.496854177,0.530481514,0.584395337,0.635979209,0.892541987,1.144346818,1.153504014,1.455340566,1.553381286,1.597086947,1.62346296,1.638093856,1.637823022,1.664868319,1.723767247,1.774626666,1.859620797,1.858957521,2.292032652
0.074727967,0.117338213,0.118198818,0.121727524,0.121804208,0.121901763,0.121850978,0.121866175,0.121736884,0.12130795,0.121942628,0.12190177,0.12182871,0.125907057,0.158152011,0.158118555,0.158170415,0.158229489,0.158236024,0.158222764,0.158262173,0.175207847,0.185809733,0.224856661,0.236357909,0.290315544,0.486019297,0.485858636,0.750326456,0.942736056,1.1604260100000001,1.236622507,1.512673213,1.554898522,1.625636304,1.66115492,1.668517842,1.688825349,1.718820749,1.7832247730000002,1.833088356,1.904203489,1.909385506,2.374811618
0.077763451,0.096468583,0.117274951,0.11713708,0.117159996,0.117464532,0.131437072,0.131662771,0.131638483,0.131650489,0.131683659,0.131538769,0.141792999,0.141880563,0.142039891,0.141947203,0.141900559,0.141847436,0.141874212,0.165142031,0.165111834,0.16930374,0.184489694,0.231271603,0.246895636,0.306003035,0.482195288,0.482197376,0.739957032,0.894081244,1.167586247,1.211412397,1.485413407,1.582488049,1.5886093639999999,1.596703444,1.621510105,1.644626404,1.700263064,1.7773241770000001,1.800887371,1.8299637789999998,1.890004161,2.3684688
0.236234825,0.237720473,0.237943386,0.238027574,0.237777362,0.239866686,0.241031721,0.247664479,0.247262166,0.250599846,0.250627596,0.250580255,0.250613669,0.250600944,0.250564035,0.267474341,0.267392282,0.267485548,0.267237543,0.267269025,0.266977797,0.272721402,0.273059673,0.348177508,0.362683269,0.426405228,0.639346064,0.649835793,1.024059727,1.14222775,1.364504239,1.442073001,1.658666963,1.80017377,1.826847984,1.8372397280000001,1.856749999,1.865445991,1.932990247,1.983840168,2.029379774,2.099056417,2.100733656,2.553450634
0.138962476,0.143447827,0.143435393,0.14335919,0.143550829,0.143367144,0.162256898,0.162906818,0.163533616,0.163543292,0.163560236,0.163451668,0.163386102,0.163433025,0.163401926,0.18099651,0.180955127,0.180871648,0.18089342,0.180872055,0.182871186,0.184194096,0.23161014,0.25642747,0.303802774,0.492569207,0.523257106,0.656358889,0.696624081,0.923943236,1.039974734,1.159589869,1.320597698,1.537542625,1.549983954,1.606092184,1.609887692,1.6141236110000001,1.69026026,1.761491573,1.77432893,1.845066989,1.8458139789999999,2.316411503
0.051604544,0.238583582,0.238290361,0.238485652,0.238511315,0.238373728,0.238554234,0.238494488,0.238579027,0.251553735,0.251389544,0.251376004,0.251395174,0.251391372,0.251279329,0.25208219,0.252091104,0.252062045,0.252075174,0.25212694,0.277459877,0.278073155,0.321109387,0.334943904,0.368781753,0.410907516,0.6159668,0.641129514,1.113576415,1.146382649,1.437577059,1.552021726,1.8358113600000001,1.964245893,1.989651112,2.020851506,2.024415045,2.027675816,2.063626207,2.132616556,2.200256368,2.321164318,2.326109092,2.906252909
0.072243772,0.120231149,0.12463878,0.124535361,0.124567684,0.12422555,0.144212908,0.144153639,0.144291879,0.144093738,0.144119623,0.14436176,0.144452862,0.144471378,0.15720674,0.157701999,0.157858798,0.157757228,0.157639747,0.157653254,0.162778411,0.176886518,0.242157053,0.263456202,0.285687111,0.47767928,0.494725894,0.739283989,0.894535911,1.139704761,1.205319115,1.555820866,1.576958291,1.602878502,1.621548517,1.643341903,1.666759656,1.6863716210000002,1.768691371,1.790384824,1.8695344280000001,1.8825414459999998,2.341236917
0.117204592,0.117193336,0.117164683,0.143156013,0.147984501,0.148014342,0.147894815,0.147972539,0.147986626,0.147977177,0.161015153,0.161008912,0.16083909,0.161608546,0.161647204,0.161517128,0.16160299,0.161550705,0.161530136,0.161629745,0.18219617,0.182549933,0.196831783,0.219390124,0.246770264,0.262965318,0.464366251,0.477963187,0.818588092,0.881558399,1.140748111,1.256643814,1.495397084,1.58949501,1.635605778,1.657069256,1.658477931,1.706208965,1.728938166,1.790454392,1.812724408,1.902394566,1.9045458119999998,2.347369205
0.078233452,0.082072946,0.0968957,0.117732375,0.117658607,0.117733779,0.117682684,0.133670555,0.137291425,0.137116724,0.137438602,0.136892263,0.137411455,0.13740363,0.140751984,0.140672684,0.140623332,0.140610043,0.140590092,0.140667264,0.144149305,0.178194861,0.193025194,0.227044494,0.252907948,0.294943535,0.460971101,0.488806981,0.770480198,0.887110833,1.17191731,1.261581103,1.5355303390000001,1.625044661,1.641182943,1.642792558,1.6484945500000001,1.680988026,1.77047438,1.8086279589999998,1.869722043,1.933948486,1.952663643,2.404064473
0.081621642,0.088869658,0.104974377,0.114641312,0.119496778,0.119455114,0.138522342,0.138358622,0.13872383,0.13859752,0.151062713,0.151169942,0.153029072,0.153006664,0.152990573,0.180129398,0.180095084,0.180151384,0.18004659,0.17992574,0.180123181,0.204288143,0.220632398,0.247717885,0.280979254,0.346677961,0.481354502,0.500397431,0.779883647,0.902231622,1.152849828,1.184006869,1.4810095620000001,1.520333076,1.590944967,1.637838388,1.65486903,1.663442359,1.693800252,1.753128758,1.799617874,1.875576647,1.8804590270000001,2.35193445
0.035679785,0.108284709,0.125271881,0.125118216,0.133776139,0.133893221,0.133888762,0.133927631,0.143475607,0.143415167,0.143339773,0.143541317,0.143433934,0.143503752,0.143517661,0.143267759,0.174614403,0.174746978,0.174738057,0.174717201,0.181936443,0.182890835,0.183172054,0.221693999,0.263621966,0.312528843,0.474798426,0.500959055,0.870043101,0.942151754,1.194571083,1.2621759240000001,1.391642384,1.549063668,1.600695346,1.6385668230000001,1.6521727309999998,1.656448844,1.7366292429999999,1.805704048,1.8205653480000001,1.894737615,1.897974966,2.352709428
0.132105141,0.157708906,0.157766621,0.159258957,0.159325661,0.159081475,0.15930869,0.159323277,0.159479136,0.159260896,0.159128411,0.159270769,0.159436491,0.159144614,0.160316343,0.160436198,0.160790428,0.173536812,0.173525412,0.173531322,0.178957908,0.210206724,0.217312922,0.251213401,0.278531,0.320343063,0.502512912,0.522596515,0.890077891,0.96318215,1.216226031,1.303774229,1.532456291,1.546556219,1.590200531,1.594266481,1.652304003,1.6592433359999998,1.741593327,1.773044896,1.8182967589999999,1.899514946,1.904043795,2.349680817
0.074589065,0.114829535,0.121422326,0.123116263,0.123241425,0.122996278,0.123367213,0.12306625,0.123184403,0.12990758,0.131023863,0.131056688,0.131116701,0.130789732,0.131272478,0.131144307,0.132922933,0.13295215,0.132990329,0.160662235,0.160639823,0.163031233,0.163595055,0.206676956,0.239286806,0.280207708,0.48185659,0.512173864,0.812174883,0.910815142,1.127730683,1.26370727,1.477819019,1.609805151,1.617109591,1.646765958,1.666623642,1.667299575,1.698037805,1.750281974,1.806572624,1.889709326,1.8905039270000001,2.3496487679999998
0.082864539,0.133806831,0.134750989,0.134316769,0.137682301,0.15779193,0.157805661,0.157937387,0.157231797,0.157626991,0.157171822,0.1577297,0.15793711,0.157752368,0.157652044,0.159295494,0.175628389,0.175555287,0.17567854,0.175442024,0.175703262,0.175513162,0.177598183,0.217618153,0.234261479,0.274354163,0.468325889,0.475979098,0.776655829,0.949059575,1.175049791,1.200009521,1.356100816,1.600572033,1.606663926,1.630234348,1.6528419730000001,1.728488824,1.782060398,1.82234808,1.8368413129999999,1.911748781,1.9128107060000001,2.362101683
0.189669492,0.199518253,0.207475902,0.207525364,0.20815553,0.207430161,0.207295366,0.207321716,0.233597716,0.233409726,0.23335249,0.233232485,0.233242421,0.233201844,0.23313633,0.233316487,0.246095184,0.246098276,0.246012232,0.246036202,0.246013494,0.255268797,0.272448688,0.318668447,0.33903503,0.383382188,0.542988274,0.556099867,0.95112138,1.007770555,1.205760319,1.33616101,1.5094019859999999,1.646215106,1.653106729,1.6546512500000001,1.7013750760000002,1.711724159,1.76414721,1.809622964,1.864680889,1.940333475,1.94194106,2.400346797
0.07275366,0.105573669,0.105456349,0.106697651,0.11175907,0.111807809,0.111587791,0.142410569,0.145091011,0.144927526,0.144937804,0.144534905,0.144604036,0.144766107,0.1448168,0.144548876,0.14451397,0.144510678,0.144863276,0.144913996,0.144735028,0.163984255,0.16462887,0.218951257,0.248549399,0.296828261,0.449170136,0.48885541,0.703242023,0.888167715,1.100185801,1.15271586,1.417633902,1.443624088,1.517966483,1.525251152,1.545591424,1.547787831,1.604541512,1.670525233,1.694188475,1.766614087,1.778691332,2.212172528
0.109110556,0.11810943,0.117788587,0.127439813,0.127525866,0.127540683,0.127496461,0.127627878,0.127167605,0.127466671,0.140514987,0.140209538,0.140383162,0.14044392,0.14023418,0.140240344,0.140255241,0.140294508,0.140380766,0.157559007,0.166194105,0.167787374,0.221957344,0.254668655,0.303718828,0.490285358,0.531896963,0.559985463,0.775146437,0.958994356,1.139563901,1.200621324,1.4668647240000001,1.5158590140000001,1.6283532200000002,1.628187313,1.670316737,1.678020021,1.733249646,1.828476464,1.840929584,1.923123936,1.9330773749999999,2.4070272360000002
0.066353036,0.107272394,0.109918376,0.113618063,0.125667966,0.125686584,0.125535333,0.125620727,0.125696554,0.125660245,0.153477262,0.153244251,0.153142554,0.153256103,0.153305601,0.153512984,0.153370499,0.15336372,0.153515867,0.17358857,0.173550301,0.175549214,0.176785217,0.23187313,0.265817503,0.311128971,0.485771457,0.514429937,0.766100849,0.913909246,1.149410954,1.248353667,1.38763359,1.6184636810000002,1.619347495,1.65487252,1.676545524,1.73444508,1.778105904,1.790167053,1.853309235,1.93218153,1.936617502,2.404279942
0.081551794,0.121972399,0.123718077,0.124348032,0.124968241,0.126298327,0.133176908,0.133086405,0.134922746,0.135005588,0.134927331,0.135015126,0.134921827,0.134874125,0.161272453,0.161203269,0.161225846,0.161260461,0.161276996,0.161215319,0.161237318,0.178978465,0.184320131,0.226944022,0.251262862,0.303809198,0.486033247,0.499778347,0.769284138,0.912178122,1.146399263,1.229688471,1.527451082,1.60762611,1.6119110330000002,1.617815886,1.64102646,1.658918961,1.730787249,1.805484034,1.839635907,1.912606085,1.916467124,2.380930005
0.198045805,0.216184736,0.222713815,0.222651184,0.222621718,0.222715741,0.234481544,0.234456556,0.234346422,0.234367613,0.234396869,0.234604477,0.234421918,0.235428866,0.251952797,0.251848463,0.25202249,0.251930291,0.251872072,0.251910405,0.258007713,0.258233904,0.299113853,0.323615379,0.386513333,0.556699796,0.589033063,0.683443433,0.725655168,1.000692053,1.212109219,1.25626116,1.533098169,1.662592592,1.700322202,1.704159604,1.7232354920000001,1.73642465,1.787342467,1.841437818,1.894578299,1.97367446,1.973998329,2.440598673
0.08187361,0.094200528,0.111849436,0.111881628,0.11129901,0.116790956,0.13380638,0.134084182,0.135079691,0.135045479,0.135078679,0.135066666,0.144462624,0.144602588,0.144601452,0.144615094,0.144361377,0.144433339,0.144543107,0.144492362,0.174052496,0.178960411,0.194118988,0.224783429,0.253364811,0.315687762,0.489848747,0.499709996,0.666865844,0.919965624,1.113425334,1.163233271,1.364752832,1.574208227,1.615422327,1.635218923,1.652605553,1.687828663,1.739782855,1.7901432449999999,1.8286359129999998,1.904088703,1.905227237,2.35839261
0.116019633,0.11909885,0.144574506,0.144342377,0.144550369,0.144525083,0.144597237,0.144435786,0.144492363,0.144184451,0.167423738,0.167503888,0.167485163,0.168371408,0.168376947,0.168440121,0.168341346,0.16832521,0.168366644,0.168334444,0.187672291,0.191023428,0.237986438,0.24350249,0.318793448,0.508884422,0.514460565,0.72470432,0.785516998,0.96010947,1.196911551,1.227967224,1.448047507,1.498694019,1.581939807,1.614725588,1.646897085,1.660258061,1.72706025,1.803876341,1.825734589,1.903636909,1.907574539,2.366714246
0.073315719,0.109152926,0.13127097,0.131252722,0.1320018,0.131415105,0.134663869,0.134351388,0.159126007,0.158858087,0.158980557,0.159126136,0.159131356,0.159264319,0.158947691,0.159257676,0.159296219,0.158965649,0.161383706,0.161469759,0.161318903,0.166855589,0.167042789,0.249458018,0.257958823,0.300265055,0.477839843,0.524219869,0.835846157,0.917836753,1.172290694,1.267164749,1.466955711,1.585221226,1.586855643,1.5868847879999999,1.6306061120000002,1.644962374,1.704166405,1.7522426740000001,1.798059402,1.869920557,1.876853455,2.320535211
0.094843422,0.095681053,0.103913331,0.103965238,0.112934535,0.11469411,0.114703425,0.114678259,0.114280219,0.114409917,0.114708374,0.11526575,0.115228425,0.125922624,0.126169574,0.125975263,0.125843902,0.125915407,0.12671578,0.126752181,0.126762738,0.145138217,0.148732451,0.195756203,0.232900418,0.2531416,0.416753762,0.429985366,0.601261863,0.837287639,0.926158617,1.042399413,1.204727075,1.4639652380000001,1.535256816,1.546725801,1.589967709,1.60960723,1.6782167540000001,1.707141369,1.742913754,1.795246235,1.8027699419999998,2.25950308
0.113731077,0.11677431,0.11702235,0.116889678,0.127860726,0.127864111,0.127807624,0.128130128,0.128093661,0.128092343,0.128031283,0.146306682,0.1462015,0.146219059,0.146290017,0.146256805,0.146382314,0.146368786,0.146449186,0.146200185,0.169525171,0.170563061,0.217151958,0.246257668,0.284811837,0.495804877,0.533013312,0.58495475,0.748349869,0.906372232,1.138493843,1.162552106,1.465682782,1.584642294,1.611568449,1.6338742320000001,1.634778144,1.639195214,1.697827498,1.7102947400000001,1.775254983,1.859988305,1.864067181,2.299244302
0.080442576,0.102781254,0.11394237,0.113919168,0.116623893,0.123287006,0.123258097,0.123265814,0.156187036,0.166575884,0.168535415,0.16887824,0.168675998,0.168924601,0.168801572,0.168901532,0.168742876,0.168536083,0.168780278,0.16893328,0.179167303,0.183368902,0.183974903,0.23561211,0.263382627,0.303322799,0.466428252,0.46829061,0.706847716,0.872076975,0.994720806,1.083914196,1.325209575,1.500166189,1.502532808,1.524272786,1.540898276,1.547528229,1.6021722440000001,1.643881659,1.690632097,1.716166616,1.750700055,2.179982124
0.038240085,0.071251965,0.116285207,0.116439348,0.116428611,0.116289136,0.116307105,0.116510343,0.116192229,0.116306839,0.11644515,0.148755338,0.148682965,0.148746162,0.148686873,0.148821394,0.148797294,0.148619912,0.150173802,0.159428272,0.171060568,0.173940446,0.173652936,0.209087071,0.26719319,0.295467077,0.468227156,0.475319902,0.639883012,0.862651964,1.119455144,1.1220511499999999,1.332934738,1.409064114,1.5016775199999999,1.580032793,1.592598395,1.6099240639999999,1.658031037,1.6983657760000002,1.74303387,1.801804702,1.8162551279999999,2.29224312
0.085240973,0.182237041,0.193053955,0.193465187,0.193190133,0.192875413,0.202731514,0.203114529,0.203119366,0.202991286,0.203003862,0.202957842,0.20289494,0.202916149,0.202909165,0.216186733,0.216244058,0.216203109,0.216194612,0.216202837,0.216139688,0.216142762,0.222565728,0.288599721,0.294847043,0.357326318,0.53174735,0.543490774,0.80807725,0.978984854,1.112713635,1.1991079390000001,1.379093328,1.579442041,1.618637792,1.6573164089999999,1.6788984729999998,1.701659408,1.775639019,1.850155692,1.868025776,1.9331529,1.942150064,2.427376652
0.075822437,0.077030329,0.111299595,0.114180053,0.129103939,0.129384114,0.12909557,0.129330898,0.129349468,0.129349527,0.129340905,0.129345094,0.129298719,0.141912306,0.141918566,0.14194888,0.141936401,0.141885994,0.141863984,0.141958655,0.141895016,0.163130058,0.164101189,0.207869974,0.233408892,0.27222786,0.457310587,0.463407414,0.817669343,0.891590234,1.1285167839999999,1.206630769,1.469238228,1.568082785,1.570885289,1.577424597,1.604134417,1.614743878,1.694859207,1.746119752,1.810353327,1.8708892129999999,1.889102121,2.333078476
0.07674379,0.112574453,0.121414466,0.121214657,0.138440065,0.13882416,0.140379588,0.140444297,0.15296198,0.152863598,0.15291073,0.152793403,0.152775126,0.152806469,0.152714013,0.152854836,0.152764273,0.152792925,0.152710528,0.152957228,0.176071638,0.178680842,0.2003774,0.209333978,0.229863513,0.285023655,0.452076701,0.468147032,0.751337146,0.925200467,1.16071833,1.232202466,1.449182193,1.602261734,1.641631586,1.657605529,1.6766770709999999,1.680387404,1.735261663,1.799559358,1.8466545650000001,1.93074005,1.931434806,2.383833365
0.073658234,0.109488255,0.109155714,0.121804696,0.121883483,0.121924071,0.588473562,0.588495077,0.588621226,0.588655627,0.588713151,0.588587346,0.588502516,0.605808329,0.605871221,0.605891222,0.605731123,0.605832057,0.605757795,0.605805992,0.6073779,0.607674104,0.609509439,0.642266963,0.679232955,0.723151949,0.887330261,0.903947991,1.128038727,1.300532839,1.413265432,1.515309374,1.678592268,1.890985393,1.908884974,1.9510870200000001,1.973152331,2.019265947,2.064830094,2.101980894,2.143666605,2.176549595,2.210139562,2.673306402
0.090665374,0.090567912,0.136502937,0.137790432,0.137694155,0.137671509,0.137730504,0.143039286,0.142976815,0.143099682,0.142794933,0.142994283,0.143064306,0.155349793,0.15539375,0.155409334,0.161635498,0.161441978,0.161506709,0.161352149,0.161410383,0.165967772,0.196810509,0.251930483,0.262953216,0.303833773,0.473900577,0.503716201,0.803584587,0.907003774,1.129809802,1.203841097,1.445343842,1.5312151109999999,1.56858378,1.595491917,1.6078578110000001,1.6208752149999999,1.642450276,1.70995782,1.775608671,1.851743452,1.8609824860000002,2.3572996379999998
0.044330146,0.044346517,0.159036957,0.160811954,0.160155984,0.166475702,0.16732486,0.167327138,0.167656903,0.167515783,0.174486726,0.183891497,0.194842973,0.194853432,0.194545036,0.194503521,0.194561918,0.194719274,0.194834302,0.194835936,0.203621702,0.214257376,0.214519137,0.238110515,0.273107521,0.287030915,0.491808747,0.504652091,0.689184883,0.909443286,1.146502497,1.148986144,1.280602016,1.465322161,1.6092648889999999,1.6130034979999999,1.61650939,1.708160378,1.715374128,1.755093246,1.80488079,1.884068316,1.8850800410000002,2.337004451
0.282052766,0.287433339,0.288117941,0.288021387,0.28819959,0.30581166,0.305649226,0.305540451,0.305766447,0.305679603,0.305830469,0.318012933,0.317989484,0.318065584,0.319837707,0.31985821,0.319827375,0.319774659,0.319868709,0.336743381,0.345627637,0.346551478,0.392687883,0.422567338,0.458190368,0.653279982,0.665802418,0.91918525,0.929683619,1.106199843,1.298263635,1.3428859229999999,1.413050421,1.627517804,1.732127604,1.775497694,1.7816588530000002,1.814017354,1.863818968,1.9135842730000001,1.964243092,2.026992216,2.034473811,2.526684489
0.079036945,0.191276939,0.191277022,0.190769227,0.212988185,0.212619243,0.212607136,0.212523477,0.212345025,0.212445076,0.212546742,0.212370475,0.212263703,0.222710681,0.222320941,0.22214326,0.222274407,0.222668405,0.22236099,0.222495537,0.222240624,0.250114335,0.269910198,0.298649742,0.325912129,0.368676018,0.551644578,0.553510173,0.672676925,0.970868433,1.233445494,1.256134424,1.47498274,1.69515658,1.707639165,1.7078928740000001,1.756304274,1.8007534939999998,1.852797995,1.859473129,1.913260641,1.990425377,2.004231828,2.452216772
0.189792918,0.196114188,0.195557194,0.222278177,0.222280573,0.222279225,0.222341496,0.222481868,0.222170689,0.225064644,0.224218603,0.234994359,0.234881744,0.234770644,0.234823121,0.235023981,0.234983963,0.234857599,0.234765805,0.241285212,0.246600087,0.254287439,0.254222017,0.316854005,0.349518312,0.40741563,0.575684739,0.605797147,1.038839134,1.060823564,1.243318387,1.280951089,1.524084459,1.6428936250000001,1.7018154399999998,1.729914166,1.740507145,1.747234933,1.826977065,1.864093819,1.9132113560000001,1.989006448,1.998514765,2.457917056
0.074765009,0.102087737,0.110705282,0.111005573,0.139081572,0.139954942,0.13942098,0.139935374,0.139923586,0.1399202,0.139858243,0.139923944,0.13989768,0.139938119,0.15149085,0.151486473,0.151377277,0.151422177,0.151406204,0.151342256,0.155318634,0.156083568,0.165148558,0.215840496,0.217976014,0.26948416,0.444087975,0.448869395,0.72214087,0.890228776,1.122309369,1.1943121190000001,1.474512766,1.5516162489999998,1.597937283,1.636328084,1.6381126099999999,1.655775061,1.721838736,1.729423797,1.78318338,1.872564411,1.883452015,2.334563433
0.098709501,0.104292239,0.106515452,0.106617267,0.110722292,0.113285294,0.135227601,0.135098127,0.155433669,0.155286619,0.160113744,0.160339647,0.160809889,0.160717183,0.160502157,0.160595664,0.160460019,0.16034668,0.160712979,0.160362948,0.160336961,0.167704671,0.174812812,0.182348212,0.242913618,0.298089612,0.464461119,0.504357145,0.791341907,0.911320241,1.149177709,1.177325084,1.491747246,1.558241991,1.586265616,1.61819742,1.628134838,1.6335985750000002,1.703205778,1.7122744509999999,1.7615988329999999,1.848583106,1.859809517,2.331072178
0.102874367,0.114639529,0.115809136,0.116875366,0.118275417,0.122424014,0.12218183,0.121892106,0.126269361,0.126231527,0.173892573,0.173798164,0.173971456,0.173789788,0.173722553,0.173723764,0.173730637,0.173690311,0.173509467,0.173514887,0.177678692,0.17738406,0.177465614,0.226479019,0.257528754,0.295733052,0.463955891,0.496660002,0.837626133,0.909754534,1.126486751,1.172718337,1.42600045,1.526336189,1.529321064,1.536051171,1.5672026639999999,1.5839505969999998,1.631515498,1.677655166,1.720248932,1.7545688419999999,1.795634713,2.250758537
0.057966003,0.130771408,0.130899851,0.131920177,0.131798083,0.13193366,0.131787602,0.131928839,0.145002107,0.149989997,0.14998156,0.149994526,0.150059458,0.15006214,0.149881532,0.149889473,0.15006526,0.160173982,0.160178432,0.160197304,0.166533976,0.191342176,0.243432435,0.262940871,0.266765884,0.34897086,0.488644134,0.505379598,0.932193475,0.937805197,1.156662871,1.255180422,1.43951984,1.520735593,1.5841872000000001,1.588786655,1.609924537,1.623077044,1.663996934,1.724281798,1.774020976,1.840542112,1.8456571309999998,2.295295311
0.071788296,0.298985405,0.306164406,0.305855604,0.309046392,0.308961184,0.315032668,0.315798942,0.315622358,0.340750439,0.340495874,0.34046428,0.340508726,0.340492779,0.340444226,0.340424135,0.341138843,0.340515761,0.340443713,0.356891822,0.356880832,0.361119461,0.361832444,0.413031509,0.444300296,0.482502783,0.654252971,0.668749423,0.923941788,1.085998425,1.318947651,1.389934332,1.606861302,1.752920636,1.782236303,1.795534912,1.813220904,1.833433017,1.89707659,1.933804337,1.98039432,2.001173313,2.03914284,2.524959316
0.108011165,0.110131534,0.111698103,0.112147105,0.112181819,0.146226941,0.146221828,0.146040138,0.146030749,0.146056533,0.146060051,0.146231628,0.145951588,0.145924521,0.14612406,0.14622795,0.14593904,0.146176403,0.146223042,0.146061291,0.146275414,0.177045715,0.177392478,0.23177899,0.252858103,0.304397834,0.455887166,0.498968929,0.808122476,0.855128948,1.060351874,1.1883355469999999,1.252202319,1.334895343,1.4438914170000001,1.4837401159999999,1.502702492,1.5169519249999999,1.597900234,1.645768521,1.655723399,1.72581365,1.725855428,2.147156039
0.106925935,0.124276516,0.124143583,0.12411826,0.12506594,0.125097213,0.134109225,0.134029231,0.134033916,0.133868197,0.13383669,0.133933299,0.134314364,0.150486036,0.150260247,0.150575248,0.150612901,0.150618902,0.150787108,0.150675718,0.150540158,0.178265214,0.237842958,0.268924394,0.312624215,0.512853944,0.523128988,0.638161567,0.67993899,0.973662089,1.163686642,1.193510835,1.340854082,1.572280693,1.611183299,1.662373832,1.675972534,1.684082815,1.735282736,1.794257087,1.841460546,1.906839435,1.9139967150000001,2.379313575
0.077614952,0.197886003,0.221025472,0.220941198,0.221025234,0.221032425,0.222582809,0.236573679,0.236970905,0.237011523,0.23680109,0.236720974,0.236980938,0.236897907,0.236852527,0.236769815,0.23693988,0.252004444,0.252279732,0.252278186,0.252242208,0.257579124,0.25823439,0.304814426,0.338990041,0.396187921,0.562832237,0.595619034,0.806366336,1.012702439,1.251243444,1.300524233,1.580117041,1.679598564,1.681423873,1.689420924,1.7134759659999999,1.728200106,1.79069498,1.837062645,1.8891108220000001,1.9628952800000001,1.9706326490000001,2.422650604
0.106648412,0.10727419,0.107260061,0.134682498,0.134610496,0.134665449,0.134557694,0.134601006,0.134459949,0.153831125,0.153675021,0.154956084,0.154951642,0.154930558,0.154930808,0.154984556,0.154877089,0.155211019,0.15520516,0.183696804,0.190730773,0.193126053,0.212057137,0.269587185,0.316344259,0.49566711,0.520270946,0.572786957,0.626163422,0.914885248,1.178380635,1.204799977,1.498578192,1.635168749,1.657210533,1.6794790000000002,1.689030778,1.6977680149999999,1.717480251,1.794766406,1.850670977,1.918398238,1.9307572,2.376569314
0.074256222,0.108275008,0.122759885,0.122746099,0.122644287,0.122666542,0.12270541,0.132761812,0.132691069,0.13275403,0.132768855,0.132421892,0.132479686,0.159778922,0.15971023,0.159810322,0.159904097,0.159845638,0.15976883,0.181358002,0.182995051,0.185555227,0.186867625,0.232250005,0.241745548,0.302262692,0.483067275,0.512360357,0.758347489,0.928864066,1.176243066,1.231224995,1.501734333,1.537475561,1.581293324,1.614631146,1.62391834,1.6279476750000001,1.7276760100000002,1.7701062360000002,1.7988120319999998,1.88754094,1.900039394,2.339881621
0.104466822,0.113123767,0.115295639,0.11517595,0.119112503,0.124299766,0.124103104,0.124244551,0.124356276,0.124172729,0.124225768,0.124386594,0.124319922,0.124189751,0.124210356,0.146723971,0.146777601,0.146660965,0.146611655,0.146653416,0.14672792,0.167727394,0.170648448,0.211003595,0.230062294,0.270525377,0.454225541,0.464533404,0.759951219,0.895805163,1.143082886,1.195242978,1.425838671,1.4859150460000001,1.507898318,1.602972517,1.610718578,1.6318036390000001,1.697824083,1.744173146,1.796799928,1.853185457,1.863608945,2.35116343
0.118501312,0.124693445,0.124976373,0.124720662,0.149715828,0.14938967,0.149636808,0.149702945,0.14939303,0.149738953,0.149356467,0.149648626,0.149613414,0.16652123,0.166506049,0.166452907,0.166491063,0.166523257,0.166259489,0.166007005,0.171852612,0.175019645,0.224916753,0.272403832,0.295914041,0.47741618,0.488188605,0.65565595,0.753834716,0.925657183,1.1381036230000001,1.186738109,1.413706911,1.628641945,1.633480048,1.6592814420000002,1.688937466,1.689187774,1.77481993,1.829635076,1.8484860950000002,1.932682649,1.933346606,2.4098366970000002
0.077142402,0.084564545,0.084280803,0.097396274,0.102913145,0.113781294,0.1137845,0.113664484,0.113855111,0.113766002,0.113772566,0.113785571,0.115381931,0.13957795,0.139508251,0.139572865,0.139517705,0.13950868,0.13950493,0.139513534,0.139438635,0.141930945,0.150823956,0.16848887,0.20633232,0.24891805,0.428040018,0.431438148,0.775485625,0.864473688,1.072368536,1.114781466,1.321380538,1.53474293,1.53619246,1.576875352,1.5856882730000001,1.632272597,1.724444241,1.754400794,1.799989217,1.8635409379999999,1.8658290960000001,2.337442658
0.077513168,0.103461067,0.127067209,0.12831358,0.128352989,0.128343909,0.128062037,0.149790428,0.149765329,0.149776913,0.149631583,0.14970288,0.149698866,0.149700438,0.158027943,0.157990046,0.158015343,0.158034368,0.15796766,0.157991428,0.158020344,0.186746869,0.188653287,0.248093501,0.277372747,0.323576904,0.504538247,0.542546909,0.827743443,0.967744656,1.142736985,1.206015939,1.399443006,1.488600588,1.652387659,1.672788675,1.699699683,1.754267792,1.822573889,1.861510772,1.914138119,1.978883567,1.988317313,2.446049478
0.051139816,0.116523815,0.119082495,0.133192915,0.13358203,0.133529602,0.134019532,0.134155439,0.134256973,0.134208842,0.134121316,0.134173831,0.134145946,0.155670085,0.155765282,0.15571187,0.155765739,0.155589667,0.155617069,0.155586015,0.184546733,0.189070308,0.198774819,0.230805887,0.265703503,0.296696817,0.469144197,0.494562858,0.866314929,0.947714539,1.166989927,1.262048195,1.50095935,1.5894489699999998,1.603225973,1.604197925,1.610236208,1.6524387520000001,1.691018015,1.761850277,1.8145606760000002,1.885126208,1.888960011,2.354698988
0.121418302,0.122966403,0.123005802,0.123023984,0.124180629,0.130514696,0.130636047,0.130620529,0.130408834,0.130512374,0.130539034,0.130481199,0.130455656,0.130991104,0.131037538,0.131035092,0.130969651,0.141958956,0.141869615,0.145250101,0.146130987,0.147227785,0.178640106,0.201009975,0.210433615,0.264423304,0.455141174,0.48924781,0.808481363,0.872289237,1.115122373,1.237972221,1.462497578,1.572378141,1.583535109,1.6013666930000001,1.602049764,1.608649201,1.652120877,1.731782542,1.782912079,1.803949644,1.845854107,2.328634893
0.082986505,0.109173719,0.119089754,0.134135357,0.134195072,0.135029975,0.134822486,0.135493251,0.135119128,0.1437674,0.143905698,0.143630813,0.143484433,0.143841726,0.144038992,0.143686533,0.143614907,0.143677274,0.174251236,0.174248332,0.173924001,0.174200374,0.17420347,0.232367653,0.257234634,0.298405908,0.467546877,0.487162708,0.748177805,0.895714626,1.171865341,1.227735639,1.368336668,1.524816767,1.5727295159999999,1.603337318,1.63915514,1.657173957,1.734023472,1.766877156,1.887506167,1.896511268,1.900417258,2.362600908
0.079787228,0.114523586,0.117732669,0.126352257,0.128240743,0.128326847,0.14185178,0.141737546,0.141707479,0.141705569,0.151724555,0.151968976,0.152001787,0.151980566,0.1519433,0.15172848,0.1517954,0.153412135,0.153471569,0.17003411,0.1726755,0.172669553,0.174266765,0.231164626,0.252733536,0.297685775,0.473646148,0.482704809,0.804337031,0.931682049,1.164263108,1.254350767,1.437388359,1.5871093539999999,1.600847338,1.6152742610000002,1.6346808689999999,1.6448222380000002,1.718422144,1.7573953709999999,1.804851145,1.87563551,1.8748708920000001,2.343061905
0.069843945,0.084167757,0.091036363,0.096866586,0.097261021,0.109821527,0.110029363,0.11955778,0.119671825,0.119475617,0.127615845,0.127512302,0.127481976,0.127528795,0.127417359,0.136467004,0.136443351,0.136536113,0.136420954,0.136437278,0.140493713,0.171787181,0.172958143,0.219447177,0.263468162,0.284805311,0.476148448,0.488752215,0.802708777,0.918644814,1.1650936490000001,1.211682734,1.544401078,1.592431403,1.616342842,1.650093188,1.685827893,1.706727779,1.7221655089999999,1.772574628,1.804344544,1.836217913,1.886413664,2.35073755
0.080153923,0.206112799,0.20912373,0.208930633,0.20905417,0.209011635,0.208948231,0.209029046,0.208830665,0.209113709,0.209057112,0.219626858,0.219538496,0.240732435,0.241848458,0.241625526,0.241735436,0.241660533,0.241760359,0.2416851,0.241764022,0.256032397,0.258367683,0.300585402,0.301153182,0.307098104,0.560135149,0.571656278,0.917742581,1.021114334,1.264153761,1.33911986,1.470803442,1.6263950390000002,1.646310846,1.677092113,1.721094222,1.748156732,1.773708406,1.828500808,1.8858063980000002,1.9651934469999999,1.966242968,2.440376195
