0.040581976,0.041232999,0.041801161,0.06150878,0.064971193,0.125736541,0.127328534,0.134244175,0.197901925,0.198142359,0.233536999,0.265570052,0.305275165,0.327952348,0.36975535,0.436907146,0.44785591,0.510528292,0.519776021,0.523279605,0.530664442,0.535073261,0.558874758,0.783676085,1.31016714
0.030051359,0.044131663,0.044961184,0.048996238,0.054290659,0.149767738,0.1602103,0.185418302,0.202780558,0.205413511,0.209111635,0.213896367,0.342815265,0.373037402,0.429713797,0.43982423,0.507200202,0.587604564,0.59538305,0.607244542,0.616701317,0.618337338,0.6540019,0.858300904,1.346833979
0.025035998,0.025170918,0.061509769,0.061717021,0.06239275,0.072493531,0.162102402,0.168072518,0.258506553,0.27325763,0.274504618,0.312435845,0.418647674,0.50742011,0.573810869,0.652838343,0.692820824,0.804634665,0.819550029,0.830163468,0.845270825,0.845541757,0.887816063,1.242646951,1.771817697
0.077605583,0.07881929,0.078953309,0.089394992,0.108788928,0.133617863,0.207547905,0.21778718,0.219435642,0.227999491,0.256641658,0.259380395,0.31444005,0.378697355,0.386974974,0.43907841,0.459401298,0.528986725,0.540705093,0.542881407,0.556045687,0.556669663,0.587387116,0.850945208,1.522647648
0.027704026,0.028456014,0.029887962,0.031017993,0.051622304,0.151304904,0.20043922,0.200656455,0.201476048,0.202293198,0.224615927,0.360265123,0.377345397,0.398442546,0.429928915,0.525236461,0.538848905,0.67002386,0.690848539,0.702776733,0.716345981,0.737403796,0.762631354,1.002442707,1.53331667
0.157333784,0.163446917,0.163649776,0.163966886,0.167732389,0.172081505,0.223599881,0.23661592,0.250822879,0.253823123,0.271510888,0.278689332,0.334535889,0.371871287,0.380873379,0.420024607,0.426112106,0.479617969,0.501341057,0.508116999,0.509278365,0.515023079,0.552201551,0.74805365,1.263163464
0.058847609,0.061456425,0.061460859,0.061983174,0.063996927,0.074145985,0.148034467,0.152050821,0.155050399,0.15517476,0.169593848,0.17169452,0.202682114,0.243164503,0.263326743,0.270667328,0.338514858,0.390160081,0.409217567,0.414041116,0.415974268,0.454633572,0.464907074,0.639929422,1.100574499
0.055120202,0.057217689,0.057286583,0.059988986,0.06315923,0.068187932,0.133726575,0.134728706,0.14603132,0.153045985,0.513870276,0.898636389,0.962018982,1.187535088,1.255390635,1.302557041,1.338498626,1.407349124,1.436513238,1.445731014,1.456982985,1.457118921,1.492152148,1.819041276,2.672019706
0.030420156,0.0305463,0.031714363,0.041193985,0.046213482,0.166284686,0.170446649,0.192754176,0.232038619,0.260419539,0.260951578,0.29347351,0.31758715,0.437162522,0.450732467,0.579851553,0.614554516,0.646374481,0.673157101,0.679787642,0.684210282,0.685244529,0.725565039,0.986070887,1.6817150509999998
0.034389733,0.03522723,0.048661083,0.051647425,0.058815238,0.079994365,0.148995186,0.153864608,0.157646965,0.16719713,0.181114255,0.18275322,0.200744649,0.237587933,0.248548905,0.253250763,0.330572815,0.37342194,0.394038401,0.398085387,0.406160154,0.406157242,0.440682832,0.620738057,1.045654297
0.058286743,0.059085133,0.059359085,0.060159566,0.060550736,0.152189267,0.167738214,0.218323846,0.231261737,0.233978589,0.253626775,0.268491385,0.300672826,0.353002324,0.355752547,0.426814704,0.434784707,0.511978505,0.519430004,0.529092557,0.531888608,0.53697581,0.562562003,0.765558651,1.233377998
0.060096494,0.060919528,0.061063459,0.063571839,0.076755383,0.095439811,0.104351466,0.212426316,0.235733471,0.282961808,0.285772657,0.289189765,0.350065861,0.40539319,0.441474763,0.542342327,0.566237192,0.582459665,0.604170655,0.625370888,0.632928869,0.650357987,0.696844901,1.064659347,1.736723078
0.031225915,0.035325868,0.035733027,0.049835531,0.052677841,0.062172212,0.089890923,0.129767403,0.187154387,0.208614515,0.233727444,0.23530589,0.316399809,0.368199708,0.421864166,0.473251823,0.487956271,0.537821455,0.566664772,0.574447008,0.581517062,0.584758336,0.648148839,0.864878712,1.427704587
0.02843005,0.030738892,0.030812493,0.031086465,0.049261932,0.07478395,0.155224625,0.167738878,0.169239286,0.192261222,0.216181823,0.22001236,0.356739817,0.405118649,0.414541916,0.444223686,0.467454076,0.514686275,0.5241854,0.543404897,0.544836679,0.565408751,0.577101906,0.744635722,1.182937226
0.041487478,0.054874675,0.057904646,0.057979601,0.059988259,0.072251048,0.179760217,0.192937227,0.197549431,0.216559872,0.242428703,0.243695887,0.315914726,0.356986572,0.358844633,0.426788652,0.431650673,0.45426186,0.470513587,0.486981792,0.494834842,0.500796113,0.965961296,1.277280603,2.110497837
0.049832424,0.051453555,0.051584473,0.059575278,0.063397997,0.080454203,0.132778912,0.166403514,0.171467499,0.172815531,0.178529863,0.212220328,0.250132561,0.295754746,0.324202736,0.386200872,0.408695314,0.470092078,0.477390477,0.485197406,0.494854015,0.495242899,0.52382818,0.745045351,1.275336477
0.078065392,0.078813374,0.085639795,0.088956225,0.091225363,0.115220324,0.196878848,0.323191882,0.345381415,0.346080153,0.382238626,0.384263473,0.430400605,0.451676852,0.530949471,0.582315542,0.599554488,0.646791078,0.653485707,0.660837271,0.668729366,0.679357756,0.735740817,0.958034017,1.52102969
0.025693606,0.030324163,0.030946046,0.157250725,0.161849107,0.170688396,0.207302112,0.268105099,0.355091067,0.358766584,0.360459113,0.363188555,0.414198456,0.452187341,0.457409659,0.562956637,0.573364753,0.651240463,0.674768401,0.691148369,0.698400548,0.698849523,0.73097408,1.01796593,1.672951112
0.028063032,0.030528047,0.042004104,0.048314231,0.077640471,0.093057983,0.142775916,0.148531811,0.151299279,0.159753878,0.193916692,0.197209734,0.234359093,0.36196898,0.444395609,0.508608396,0.579958957,0.591337102,0.630601824,0.645206243,0.646324873,0.686343078,0.687066825,0.918516648,1.429779873
0.035703639,0.036065584,0.047165674,0.054056999,0.063073079,0.064115982,0.064794654,0.178526629,0.20571082,0.23300741,0.241535595,0.249635401,0.340676707,0.395363973,0.466974467,0.485423461,0.506342327,0.578182236,0.585674304,0.591294732,0.596791433,0.601943695,0.625095405,0.86771235,1.4860433020000001
0.057158802,0.057519432,0.058710558,0.058413979,0.060256304,0.07496244,0.123347849,0.124551544,0.135856079,0.144162208,0.144586951,0.690011418,0.702454743,0.731061107,0.741093712,0.742300871,0.791249807,0.838591403,0.846407903,0.852192603,0.856543112,0.857301566,0.874376691,1.057424138,1.4787055279999999
0.027691947,0.030569988,0.032082583,0.044872445,0.050027502,0.05767761,0.095393565,0.112712246,0.112849997,0.117621849,0.135607184,0.136623586,0.166998009,0.218710157,0.238400622,0.262541188,0.28445378,0.329001455,0.336360858,0.341675473,0.34914055,0.349630689,0.368464833,0.614329873,1.258743642
0.030173968,0.031410519,0.03175643,0.031825651,0.059438749,0.072461447,0.093560751,0.182165341,0.18720215,0.188607658,0.204770349,0.22493602,0.280669189,0.316401526,0.353862558,0.407481485,0.432430529,0.497620452,0.503882449,0.51004948,0.517682045,0.520345344,0.549066057,0.777613585,1.328884223
0.056771523,0.06109029,0.061271416,0.06129564,0.061798729,0.07616235,0.099295226,0.140355271,0.144177996,0.145739176,0.173043451,0.207955521,0.246082439,0.324977896,0.368126938,0.415619848,0.432185374,0.478676563,0.489473772,0.495167665,0.498475156,0.504640056,0.550761487,0.727310681,1.1760188089999999
0.162659254,0.166960939,0.167330838,0.167349163,0.168305566,0.188507305,0.206563979,0.317546813,0.355461735,0.355995671,0.377388944,0.377803923,0.40832533,0.488859509,0.575124928,0.617442838,0.628739982,0.656441452,0.670769017,0.684282914,0.714483145,0.722433351,0.792444782,1.028845998,1.6337350339999999
0.027965289,0.02964594,0.030123564,0.031521028,0.047535767,0.059889903,0.096021273,0.156115876,0.161375932,0.162003256,0.166237646,0.187062267,0.202056622,0.291261853,0.348827883,0.380407286,0.409175334,0.463034404,0.491642345,0.496220065,0.499678233,0.502640978,0.551734892,0.772505231,1.349903867
0.024900704,0.165866918,0.166545031,0.166262711,0.168728849,0.172027093,0.175587391,0.243055631,0.257552753,0.26645967,0.270315308,0.294055368,0.307367629,0.353103377,0.386584986,0.392020839,0.406260729,0.431617724,0.43934098,0.44185524,0.444138931,0.460043719,0.487525825,0.644813742,1.06378044
0.027943471,0.031609844,0.032735411,0.048661648,0.057690619,0.062053581,0.063572419,0.084225852,0.144000751,0.161618537,0.208626486,0.209887389,0.330060036,0.410825582,0.493907309,0.572232053,0.584856805,0.645181913,0.66039392,0.667613786,0.668676144,0.716711508,0.730799999,0.955787377,1.484648325
0.057347947,0.058518434,0.059262586,0.05931898,0.06044732,0.072641858,0.088327215,0.094544084,0.129658979,0.155498729,0.17241919,0.279541255,0.367278486,0.409909432,0.632646133,0.717521659,0.791542382,0.808015692,0.828323886,0.829199746,0.870982029,0.889912635,1.045747599,1.369904695,1.88488657
0.02812685,0.15146403,0.152824014,0.160185252,0.171559265,0.193281715,0.232093846,0.232178068,0.233047192,0.236254368,0.255193785,0.258454296,0.29249738,0.315296228,0.360251238,0.406730847,0.411523356,0.464836553,0.482959493,0.500067492,0.530452813,0.532825182,0.600471931,1.141686445,1.5695748109999998
0.052248731,0.052356301,0.052548536,0.057620514,0.062867891,0.077454085,0.080462785,0.113275035,0.131950466,0.132516041,0.134525303,0.160351962,0.17240269,0.242139042,0.248756488,0.284296823,0.300928607,0.350034043,0.3566592,0.360597912,0.365630876,0.366840085,0.386586021,0.568724682,1.018645974
0.075335611,0.076515465,0.076582129,0.086054862,0.088584598,0.108552657,0.190116956,0.197530174,0.215706351,0.22157481,0.224936647,0.263473764,0.264149118,0.352416466,0.412202764,0.446842121,0.474882767,0.531919601,0.545561214,0.563611562,0.570361458,0.57100112,0.600853981,0.848782885,1.398365327
0.029591858,0.041614079,0.042146088,0.046358695,0.058985472,0.071047605,0.155741341,0.161517872,0.177916943,0.180072881,0.220683166,0.260468675,0.283323334,0.339278885,0.34733997,0.439418084,0.443223108,0.500539779,0.528053381,0.532565796,0.542842427,0.547236565,0.576926974,0.823136668,1.381755185
0.029845285,0.030209424,0.031154708,0.043798038,0.05385914,0.077778284,0.09146584,0.128462287,0.131342849,0.139108778,0.167271994,0.170403943,0.213245592,0.228137763,0.261435702,0.303487384,0.331200553,0.378903146,0.381997831,0.387583413,0.389036216,0.423477676,0.454530348,0.659295026,1.203761873
0.047229857,0.048427828,0.048621579,0.0517443,0.054197244,0.066747777,0.108871094,0.110761736,0.116501967,0.118550219,0.137907502,0.139829463,0.163009321,0.197294461,0.229925528,0.254795521,0.315904461,0.320804791,0.328451757,0.33406626,0.335536363,0.336424051,0.376351698,0.520054349,0.938319996
0.033364675,0.033559834,0.035367355,0.036811921,0.063141929,0.081629587,0.108913343,0.145815941,0.181053122,0.184709214,0.205722306,0.227602294,0.246877732,0.327337652,0.334615926,0.374494149,0.413186821,0.467764479,0.505900973,0.518148138,0.526157152,0.536316088,0.578980784,0.807413099,1.394757404
0.058985928,0.060017718,0.061914911,0.062719843,0.065698744,0.078939316,0.167402644,0.168186336,0.218804514,0.246682803,0.309518134,0.316103901,0.351856409,0.389871005,0.454817975,0.477029536,0.493176699,0.538135809,0.569281725,0.575987206,0.576446329,0.602530764,0.61596636,0.805771709,1.288544177
0.054580202,0.056075372,0.05611801,0.056849967,0.059181795,0.067678081,0.110008806,0.116734944,0.117919841,0.137327753,0.138098643,0.164276052,0.170974067,0.196975249,0.233950142,0.265211789,0.272065251,0.304358377,0.324135803,0.328700891,0.334232307,0.335143052,0.353473738,0.523601992,0.938751876
0.087852297,0.088166856,0.08872755,0.093646753,0.095452938,0.147901969,0.281602668,0.281825789,0.306047656,0.33370373,0.337019747,0.338767208,0.380332352,0.455344352,0.475582709,0.591742167,0.602028636,0.70916917,0.733547634,0.736587917,0.741273376,0.752203175,0.844901559,1.078642084,1.690516586
0.029541239,0.029814671,0.031363982,0.032065828,0.046223073,0.05933368,0.100661278,0.101537423,0.115625393,0.115839993,0.121856038,0.131020797,0.224753892,0.271219254,0.305671179,0.437075995,0.44662825,0.56089377,0.574026916,0.589564726,0.603497892,0.604637389,0.64804401,0.974668162,1.612011751
0.057126488,0.058978013,0.059713439,0.060357077,0.062295394,0.08467697,0.114891705,0.11917873,0.126523712,0.12942498,0.134461726,0.161520105,0.165823822,0.1882096,0.270219584,0.319362066,0.332999332,0.378571114,0.38856735,0.39646483,0.40246407,0.402778434,0.421875088,0.574819282,0.98597378
0.056815788,0.059759218,0.060695068,0.061075552,0.061264862,0.074459045,0.075479063,0.309426984,0.321310179,0.334837779,0.334798923,0.421373113,0.546344752,0.62031827,0.728784603,0.764612074,0.77866489,0.815490746,0.855017695,0.862180477,0.870232177,0.873021087,0.928299916,1.140266611,1.694550205
0.030084349,0.033785771,0.046890078,0.052567082,0.055716051,0.070140948,0.105359017,0.108085689,0.108860959,0.117827999,0.123870679,0.127421424,0.145479185,0.183641574,0.207365472,0.245779815,0.251485635,0.285916259,0.314484919,0.32004842,0.326040092,0.326375774,0.353613696,0.506762883,0.926275409
0.029952917,0.030366931,0.030957266,0.043532008,0.048468212,0.091536565,0.095579395,0.135856206,0.203078601,0.20322662,0.203431587,0.219018524,0.254166342,0.310475317,0.311211241,0.364795232,0.382390465,0.437141645,0.452872144,0.473725895,0.481896438,0.483587799,0.508309576,0.726324103,1.250364823
0.03131463,0.033922613,0.034647342,0.035014061,0.050509165,0.060635876,0.137559718,0.139824962,0.145405808,0.14579093,0.154335063,0.337596404,0.353471003,0.374228863,0.408772034,0.450893202,0.470510252,0.54049713,0.549013626,0.556063656,0.557510406,0.582661949,0.594678031,0.78881261,1.3021445200000001
0.061567437,0.061907529,0.062370628,0.064052609,0.066433246,0.078602159,0.170846772,0.174909213,0.188051195,0.18918811,0.252518891,0.281869938,0.321550865,0.405114332,0.424924899,0.463163864,0.502693417,0.625028538,0.641756164,0.662092263,0.680589848,0.681409369,0.733241275,1.020825547,1.717692189
0.059625673,0.060197405,0.060451136,0.061318639,0.071450873,0.090911539,0.153569005,0.177379516,0.196585581,0.197263043,0.215698958,0.218549948,0.273399895,0.326734901,0.337607327,0.403673123,0.429513433,0.470796612,0.471671037,0.510941355,0.522204835,0.52397726,0.548033052,0.784692342,1.35186831
0.029946388,0.030413398,0.030298633,0.031835416,0.056154746,0.060052445,0.139859015,0.142907029,0.163404528,0.164373277,0.179506048,0.205882991,0.209707467,0.293212955,0.311623608,0.385750709,0.449793866,0.55295239,0.57307729,0.598819057,0.599151234,0.62127787,0.638568118,0.861204177,1.439228135
0.029870422,0.043156565,0.043952546,0.04878273,0.052324744,0.071823293,0.133673206,0.133834064,0.135341742,0.141306026,0.168610973,0.170908724,0.214163244,0.242717466,0.290596951,0.319014911,0.340996993,0.384292578,0.408014289,0.412260048,0.421037639,0.421131702,0.444508729,0.665894859,1.147000029
0.031085363,0.041064515,0.042201487,0.046647225,0.056929002,0.086126197,0.117689219,0.136368238,0.146885059,0.158481866,0.163586487,0.178092752,0.207411819,0.253091621,0.257816747,0.265490952,0.346092794,0.40499742,0.428986063,0.430577967,0.435458477,0.464151781,0.477191254,0.677624962,1.161708781
0.058754543,0.059101657,0.059731171,0.061591499,0.062707134,0.081236071,0.123175788,0.136353123,0.140904127,0.150349841,0.16323962,0.165670503,0.205244195,0.252233526,0.272587193,0.310764163,0.316273449,0.357681975,0.374040905,0.379435616,0.385455694,0.385803348,0.407657473,0.589939922,1.004220867
0.165052485,0.16460447,0.165444052,0.163513898,0.170370241,0.223020912,0.267180863,0.274440721,0.27517232,0.294270984,0.314713169,0.318308948,0.405581753,0.443520773,0.516693424,0.596180381,0.611060424,0.708168662,0.748288653,0.75622189,0.771025887,0.775733418,0.864904704,1.116651043,1.760497622
0.028726156,0.034831763,0.035552048,0.151856231,0.156393598,0.167324809,0.236182677,0.246880859,0.2481241,0.250163328,0.263354061,0.265634945,0.31790444,0.333815791,0.341816894,0.401576852,0.416881213,0.471826628,0.476149787,0.482511129,0.489909188,0.491673363,0.537398686,0.712963213,1.173093878
0.030823434,0.031024941,0.032063575,0.032198756,0.054439794,0.0606164,0.083694575,0.112121138,0.119200903,0.120526529,0.138394376,0.148194913,0.205836336,0.225651203,0.251570028,0.346515233,0.365318696,0.402337849,0.40703161,0.422670549,0.4249662,0.434922216,0.470208167,0.712321664,1.3339548190000001
0.045478418,0.046854352,0.046413165,0.056616435,0.054951096,0.082889357,0.082987257,0.148560107,0.175841442,0.177429149,0.178144337,0.191518318,0.221140427,0.376564665,0.390941846,0.451656719,0.495356504,0.558134215,0.570666103,0.597920121,0.603176919,0.604871608,0.667835347,0.875410877,1.389656238
0.027135172,0.031090706,0.048122702,0.052180186,0.060678144,0.071578429,0.091627898,0.178784118,0.179465283,0.1873106,0.220708861,0.244695731,0.264378146,0.325824523,0.354598243,0.428796639,0.437632311,0.52268894,0.531131037,0.538298922,0.549844792,0.550060799,0.577956081,0.815448601,1.360491221
0.026262817,0.030134591,0.030957819,0.031755553,0.048021551,0.074646828,0.146567838,0.1606794,0.1607759,0.192647856,0.203023014,0.289106452,0.378551429,0.452944106,0.539141662,0.61179314,0.621580748,0.683381438,0.69187683,0.692821534,0.704126642,0.704978634,0.764893194,0.966912901,1.4840799709999999
0.029694869,0.031675983,0.036023631,0.04521463,0.049989888,0.066421464,0.07810222,0.110714236,0.131792009,0.133176389,0.143152205,0.168046224,0.212057071,0.255730164,0.287725025,0.316829293,0.337760172,0.369102808,0.398416144,0.407182662,0.415863454,0.416691431,0.44008933,0.649442971,1.146481789
0.030078365,0.030401763,0.033862957,0.044742671,0.058586506,0.088894078,0.119790754,0.13260544,0.136378904,0.137348224,0.157659432,0.212713383,0.248239829,0.303530351,0.350242511,0.395524908,0.411057816,0.461129127,0.468759724,0.475470743,0.482719204,0.48417157,0.504104215,0.727197648,1.202830604
0.056188467,0.057009195,0.058785307,0.059513641,0.060588942,0.131124432,0.145946097,0.150494898,0.151512264,0.154183177,0.168048199,0.175024656,0.241907081,0.380422036,0.403788852,0.488028541,0.528281876,0.632319231,0.642050652,0.677141549,0.678278693,0.729066444,0.750655775,0.952971832,1.475575367
0.033178777,0.033390692,0.03515142,0.044720092,0.053228423,0.081187544,0.111634855,0.147805247,0.150131997,0.178530512,0.179010392,0.179262689,0.23986644,0.257174681,0.304310168,0.346390513,0.366852981,0.415172061,0.42038698,0.419897227,0.428913232,0.436593759,0.459382998,0.655532982,1.154582949
0.159617205,0.160703765,0.161090538,0.162296519,0.171151012,0.192213794,0.244668301,0.269824227,0.287410119,0.287929907,0.352270067,0.354957355,0.398449481,0.499934581,0.518211615,0.56695333,0.624680328,0.687524576,0.727654027,0.737770779,0.750877283,0.7545148,0.850570209,1.158691893,1.8598185250000001
0.028197787,0.033201171,0.033473201,0.044063833,0.059667649,0.101675735,0.105894808,0.116726299,0.116924962,0.144247161,0.192811072,0.265808097,0.284422367,0.434929186,0.576055423,0.703720868,0.727716475,0.828728217,0.91675857,0.934910878,0.956241316,0.957228378,0.967659862,1.390398437,2.090569214
0.059198561,0.061307158,0.061159379,0.061967636,0.065080288,0.097103921,0.13512807,0.141319641,0.141479043,0.144394678,0.163627871,0.169433683,0.208050591,0.270939763,0.35822895,0.456911266,0.50231609,0.62275489,0.641115401,0.65689497,0.669938457,0.672265968,0.722559028,1.040775242,1.843065804
0.057388423,0.058871111,0.059547107,0.059051699,0.071686458,0.100600132,0.145344482,0.148939221,0.159694248,0.16008046,0.186105235,0.200107991,0.226585245,0.294816321,0.297965963,0.325652029,0.343288747,0.359677487,0.387567815,0.393906891,0.400491389,0.406606589,0.45463401,0.609709025,1.055150768
0.062813504,0.064020752,0.064376501,0.063531605,0.067586422,0.080446768,0.267584247,0.283201423,0.289939974,0.290347221,0.355656376,0.356024504,0.375995102,0.399749367,0.401863904,0.457611129,0.466233067,0.530653275,0.536981571,0.540734493,0.559410436,0.580543655,0.593970146,0.796476674,1.3611845169999999
0.035549507,0.036209727,0.046959949,0.051390873,0.063370295,0.098037665,0.103698938,0.219685345,0.253071605,0.254081213,0.308890451,0.309528448,0.348171892,0.394734134,0.41228437,0.423439622,0.501660295,0.569165673,0.580769028,0.587737712,0.595016519,0.607506816,0.627777987,0.864401158,1.393888902
0.056716908,0.057311058,0.057484937,0.058315459,0.058693184,0.070708529,0.157003995,0.164362571,0.164905347,0.166681325,0.185767858,0.197829231,0.238557571,0.283005215,0.291914351,0.375347865,0.392895017,0.426104711,0.463452715,0.466668066,0.48018145,0.481422915,0.518530507,0.730265371,1.254931819
0.03005884,0.055975857,0.056054067,0.06066742,0.061545625,0.074768531,0.229781836,0.231878101,0.231927676,0.298076511,0.304140019,0.400918395,0.49831035,0.557743432,0.575944694,0.637308494,0.67865228,0.735615163,0.794980804,0.80786334,0.822103582,0.822846934,0.862407653,1.175075768,1.794804952
0.056016612,0.05680949,0.059661518,0.059306098,0.074201308,0.075141111,0.148964803,0.150721661,0.151573756,0.169677661,0.188258693,0.189423312,0.192833032,0.2949047,0.337306865,0.38628708,0.513473654,0.580715834,0.599953309,0.604772873,0.605867779,0.651246186,0.680115,0.9747256,1.5253282970000002
0.029457337,0.044565329,0.044801275,0.056048301,0.055928549,0.153513197,0.244260646,0.250717945,0.256269982,0.256345407,0.263306066,0.284475098,0.355564597,0.391917556,0.436764558,0.486682719,0.511805976,0.577373854,0.585263097,0.591951149,0.599296984,0.602653945,0.633045882,0.857405558,1.425749661
0.027907293,0.031534071,0.031629666,0.031893574,0.059377182,0.060655794,0.153919315,0.167514724,0.172593218,0.184952991,0.197199245,0.198690178,0.25460437,0.32298099,0.343638718,0.378955487,0.402151032,0.461647282,0.467412049,0.474914197,0.482942024,0.492359024,0.548764098,0.750297619,1.275948614
0.030424749,0.044961571,0.045354845,0.052350104,0.057981266,0.075768361,0.07723729,0.15511677,0.191517652,0.200011903,0.203152739,0.23226234,0.285830838,0.328572831,0.347160635,0.461093279,0.530089722,0.635492404,0.74249895,0.763434487,0.786508915,0.791969918,0.862750518,1.183842877,1.802744876
0.030652394,0.030659806,0.030998994,0.044198192,0.058540604,0.0900476,0.103392339,0.140987826,0.142302685,0.160668512,0.162313672,0.18929156,0.232356212,0.262420658,0.292379671,0.333307532,0.352364152,0.394071156,0.399606411,0.406248162,0.410557893,0.419307738,0.441246249,0.627405195,1.059179442
0.182938806,0.183539439,0.184963119,0.185279628,0.188372633,0.203321676,0.360352946,0.360394032,0.381572451,0.382624177,0.388989101,0.463967367,0.490675863,0.555717676,0.567308124,0.668225973,0.674590248,0.737937263,0.778631764,0.788499497,0.790671169,0.843002938,0.854334941,1.098528897,1.7265215550000002
0.045927413,0.046354555,0.046729627,0.05095565,0.05496533,0.076767483,0.108861092,0.156184208,0.156627502,0.189549393,0.192944884,0.212808846,0.293546017,0.585719781,0.616380906,0.710401548,0.782124514,0.913991524,0.915468991,0.928864131,0.954297926,0.976686618,1.077963801,1.279712126,1.729016946
0.029521005,0.035039077,0.0354191,0.045164346,0.058571381,0.071967914,0.072408066,0.086858883,0.161918691,0.180709309,0.195513172,0.216338052,0.256013633,0.337580902,0.382346465,0.405674646,0.433781762,0.46975707,0.506156339,0.516341342,0.523641432,0.52556343,0.576668011,0.829808915,1.448389812
0.029775937,0.031231167,0.033017994,0.043436597,0.057597106,0.073045588,0.172429225,0.202340086,0.243750418,0.247289687,0.260651407,0.299373004,0.368934299,0.440708822,0.55177484,0.587223559,0.620656242,0.702249086,0.71258635,0.716165095,0.729214207,0.732821655,0.766143186,1.033511406,1.639662037
0.029279379,0.029778743,0.042732385,0.047225044,0.056756023,0.158139433,0.186139496,0.226951816,0.227193554,0.230519649,0.250887814,0.326511236,0.333670865,0.36014737,0.407816229,0.482049475,0.488449591,0.504987234,0.53244427,0.559407777,0.564822067,0.591987991,0.612947585,0.819087705,1.331600439
0.031673544,0.034796182,0.035408611,0.047466857,0.057233139,0.074840388,0.082197915,0.129021045,0.131718103,0.133142185,0.14715499,0.220273976,0.222782309,0.23643294,0.275549567,0.319181836,0.343024846,0.406830365,0.422851391,0.431667612,0.432968068,0.470087784,0.496364369,0.792167721,1.567446195
0.061509157,0.06174309,0.062127259,0.06131067,0.063073952,0.086928421,0.089339195,0.125709339,0.146837444,0.158266532,0.172017992,0.176980694,0.263755717,0.307845629,0.315631897,0.400222723,0.412982732,0.456809689,0.457518223,0.483688572,0.491412845,0.512844613,0.525247396,0.721135094,1.19670084
0.03911781,0.047743679,0.05001641,0.057672976,0.059616551,0.126977192,0.128391967,0.145555085,0.149601119,0.153309213,0.190368172,0.196496304,0.278057523,0.332295233,0.407578646,0.42922047,0.47656486,0.476694857,0.498291975,0.504191292,0.509797719,0.51238921,0.565495756,0.762361798,1.2715927
0.029456323,0.043397912,0.043971218,0.055006691,0.057782451,0.074716203,0.165656904,0.234021145,0.245165762,0.245566046,0.306268345,0.337001277,0.375578587,0.495074002,0.499411594,0.573890251,0.583259017,0.650500476,0.657415711,0.663706426,0.669843555,0.671991455,0.752852615,0.964060304,1.463490106
0.055072463,0.057255546,0.055278074,0.057448741,0.063120434,0.067330347,0.154429952,0.177319482,0.183657015,0.19919914,0.20126915,0.21430153,0.244636297,0.280835609,0.358072326,0.393823967,0.53488737,0.558282301,0.568864378,0.58973538,0.590882215,0.591671402,0.647092877,0.899931502,1.339495688
0.055625988,0.055836092,0.057048916,0.060350037,0.060683021,0.071759246,0.177263156,0.184732297,0.184793965,0.189333718,0.222621737,0.242770836,0.278098109,0.295979439,0.319525508,0.400816667,0.426669413,0.458884304,0.465484457,0.476748775,0.491480548,0.498789905,0.549258515,0.751382499,1.305843986
0.058674566,0.058904756,0.059843817,0.059962876,0.061911506,0.072852383,0.074654256,0.136549031,0.141290603,0.145925834,0.183818772,0.1892149,0.241222209,0.279569756,0.424459342,0.52003503,0.538076661,0.594928918,0.633835709,0.649768072,0.660102529,0.677682623,0.769055634,0.961120587,1.513200478
0.028850337,0.032261482,0.043223281,0.046219851,0.049468017,0.096729557,0.099625545,0.112412543,0.124917338,0.149624384,0.150992083,0.169544083,0.18179698,0.228091448,0.240945495,0.292387661,0.308313316,0.337049098,0.366261216,0.372523647,0.38004531,0.380546126,0.439409672,0.592719739,1.044317109
0.030489389,0.030872236,0.042461047,0.046205754,0.051219607,0.067913835,0.132121524,0.133878341,0.135801399,0.143828364,0.146515008,1.228211334,1.238864809,1.279625854,1.300052759,1.306280895,1.332692273,1.379328457,1.383326778,1.388824935,1.3955835589999999,1.397580197,1.4365278209999999,1.7570768989999999,2.241602549
0.022691648,0.030246199,0.043972178,0.054600367,0.058871131,0.154382108,0.160906342,0.254048094,0.26599045,0.305394223,0.310215635,0.393235472,0.398313884,0.470507368,0.507415998,0.553494023,0.5600056,0.662845997,0.67347445,0.684757404,0.690270471,0.691839919,0.779312073,0.998821191,1.6007414930000001
0.03400556,0.05036508,0.050303498,0.059268543,0.082234879,0.090293467,0.146529685,0.151953799,0.152211608,0.152467647,0.173393446,0.175565247,0.209403166,0.261913662,0.295327864,0.323434693,0.332918005,0.371469997,0.404235175,0.415282886,0.422148357,0.422758755,0.443837987,0.636101796,1.08287344
0.028406316,0.044056644,0.043916019,0.046130955,0.050213068,0.072877699,0.0816429,0.123400496,0.132088524,0.135539218,0.143039673,0.166026544,0.179047243,0.201910889,0.216589765,0.374035468,0.407813132,0.447692906,0.452533479,0.453654081,0.454841713,0.477220009,0.49789122,0.689129297,1.134341034
0.053945558,0.054301244,0.054675899,0.059354278,0.059114244,0.076253193,0.146098217,0.150614346,0.151356938,0.154702636,0.169551908,0.170141852,0.216374054,0.239526161,0.250907981,0.31839186,0.337632353,0.392038737,0.39687946,0.402287272,0.408940192,0.410835308,0.433339624,0.621797518,1.085969737
0.158826578,0.161943549,0.162240222,0.161871466,0.166625779,0.167002672,0.189603949,0.267121017,0.268666808,0.280836309,0.308328283,0.361688534,0.388764644,0.41264013,0.436524375,0.4542432,0.499199835,0.576687072,0.597237614,0.608908191,0.621451905,0.624128466,0.687535647,0.902493085,1.383703241
0.029469158,0.030681279,0.032104988,0.032493222,0.059440822,0.061726946,0.147838877,0.155698778,0.200360321,0.207782488,0.208971352,0.264964894,0.272822154,0.322727586,0.363055437,0.423576033,0.447565388,0.516726071,0.520882775,0.529017138,0.544563548,0.545496491,0.574261658,0.821390728,1.371741246
0.055759116,0.057856705,0.058205615,0.060365327,0.062245577,0.070733937,0.116155955,0.1339245,0.14423638,0.144781432,0.150836975,0.202998779,0.205488412,0.23604435,0.301372462,0.378213605,0.412865387,0.506929347,0.522896683,0.533314091,0.543801766,0.546513006,0.603325696,0.917332994,1.444292206
0.028483953,0.029975053,0.030551896,0.030638377,0.057965183,0.081805025,0.133170686,0.14470266,0.147287614,0.149031659,0.163060304,0.166846847,0.194855056,0.247361867,0.260652143,0.298736355,0.304650027,0.363729414,0.367975931,0.376782407,0.383795006,0.386371696,0.416919976,0.584169568,1.019543132
0.033459815,0.047531917,0.048721536,0.057088934,0.060559836,0.082685405,0.173168142,0.19991542,0.215489435,0.22171858,0.236909264,0.261011023,0.286157265,0.353064523,0.412554251,0.433917277,0.44092563,0.477700039,0.501162902,0.537999107,0.538364508,0.558014824,0.567513145,0.824587495,1.385971685
0.030113714,0.032886216,0.033142887,0.04383677,0.051390167,0.076326022,0.082565757,0.118866217,0.14267999,0.144061407,0.144350606,0.162856781,0.169521705,0.344451207,0.355743647,0.395727083,0.450284791,0.464452915,0.478548636,0.480418746,0.485580889,0.489561781,0.595006245,0.832926181,1.34292889
0.033789767,0.034467459,0.034071203,0.054227781,0.056683468,0.093405687,0.124237423,0.174740482,0.174555437,0.187025918,0.235536783,0.236773155,0.247959576,0.298472273,0.376819875,0.412538105,0.417565059,0.467455331,0.500384935,0.511843961,0.516639035,0.521519306,0.554166559,0.798134289,1.404959495
0.156158837,0.15612363,0.157614488,0.160088515,0.160002504,0.168213694,0.170891886,0.244893022,0.247638292,0.252483278,0.252587226,0.265793959,0.280055262,0.430626282,0.430961643,0.44903398,0.469359303,0.511370261,0.530013711,0.541816537,0.550695423,0.554146051,0.609348261,0.994656693,1.677807423
