0.02855166,0.02878283,0.029304473,0.031319647,0.031599101,0.031890071,0.031990504,0.032829635,0.033070058,0.033650368,0.034047146,0.034873328,0.035846842,0.03840943,0.038972732,0.03889179,0.038983203,0.039822004,0.040175347,0.040960263,0.041208048,0.041058521,0.04197912,0.042161978,0.042058055,0.043441317,0.043633472,0.044529286,0.044390353,0.045254327,0.088179478,0.104507931,0.107090771,0.107298974,0.108739037,0.108933414,0.109167274,0.109282973,0.109461936,0.142651267,0.149079163,0.150213877,0.176272398,0.198440338,0.208245833,0.213397078,0.22064601,0.233202565,0.242233478,0.24630563,0.259891409
0.022353951,0.022729703,0.02287422,0.023944971,0.024160344,0.024288891,0.024373955,0.02528898,0.025680749,0.025849454,0.025990859,0.02701169,0.028878407,0.02993385,0.030722819,0.031310474,0.040082495,0.041414447,0.042954413,0.043716343,0.043587364,0.045654723,0.046566946,0.0481166,0.050898326,0.052377778,0.052332466,0.052471386,0.052600965,0.053783622,0.053880185,0.056177824,0.055032379,0.055321219,0.055449363,0.055591331,0.055739262,0.056024877,0.087213568,0.131098414,0.135789426,0.201585992,0.206694507,0.216249116,0.229280814,0.234829285,0.259976413,0.262132998,0.28260634,0.313009466,0.313834389
0.022342158,0.022474627,0.022498392,0.023932782,0.024178646,0.02430713,0.024779839,0.025488881,0.025199103,0.025352154,0.025641255,0.027483199,0.028366236,0.029493846,0.030444426,0.031012034,0.031555968,0.040458438,0.041719216,0.042829904,0.047651695,0.046865479,0.048833152,0.049143943,0.050285688,0.050097932,0.049328621,0.050805958,0.054880917,0.057373523,0.058405589,0.058504211,0.058694876,0.058862818,0.059035327,0.059283055,0.063694518,0.064731958,0.06487898,0.113392089,0.173483949,0.203441009,0.227298777,0.227311565,0.240973669,0.25202364,0.255715139,0.259044009,0.277368897,0.277794317,0.279081625
0.022509332,0.022690862,0.02300412,0.024424174,0.024610358,0.024807975,0.025040306,0.025198465,0.026130496,0.02628343,0.0269557,0.02918907,0.030300702,0.031268222,0.032292522,0.033103916,0.042525815,0.043774618,0.04458657,0.047160565,0.047898575,0.058501135,0.059297323,0.060072643,0.060940437,0.061004357,0.06783977,0.095064253,0.095179424,0.095498454,0.095631504,0.097067698,0.09726728,0.09751472,0.097651523,0.097774153,0.103419219,0.127545311,0.165739591,0.16646506,0.231458398,0.237604647,0.24287115,0.254744541,0.274510473,0.309836287,0.315083597,0.326388761,0.351735677,0.357318546,0.363286967
0.022758814,0.022911114,0.023154808,0.024798706,0.024998561,0.025326642,0.025436311,0.025555635,0.026830818,0.028695362,0.028982419,0.029869681,0.030280266,0.030974075,0.031822933,0.032865782,0.041886334,0.043529997,0.045812819,0.046351685,0.046792258,0.054608486,0.058243903,0.058992983,0.059400284,0.067544027,0.095244729,0.095349623,0.09555943,0.096113902,0.096241187,0.09642885,0.096651156,0.097015057,0.096827756,0.097257797,0.097513265,0.098804461,0.098901532,0.127960298,0.134089484,0.183827387,0.188753258,0.193543086,0.200952268,0.212607896,0.213855933,0.225189775,0.230941331,0.288251709,0.293917564
0.022356363,0.022254422,0.022499696,0.023685221,0.023997808,0.02410733,0.024268494,0.024906671,0.025190709,0.025523703,0.025710077,0.027589318,0.028742056,0.039624998,0.040955431,0.043041398,0.042438774,0.042662258,0.044947224,0.045814195,0.046915164,0.047813433,0.048786028,0.050161471,0.051573234,0.051413443,0.051548517,0.051734417,0.051856182,0.053121211,0.054332317,0.05447043,0.054632232,0.0547529,0.054921009,0.055032258,0.055167489,0.056163559,0.086715245,0.102201089,0.113580133,0.194516075,0.212608269,0.215493439,0.226245905,0.247722466,0.253727628,0.262902548,0.274525483,0.297968317,0.29816389
0.02234959,0.022105186,0.022279341,0.023510445,0.023652635,0.02366445,0.023920029,0.024450038,0.02482514,0.024837776,0.025044231,0.026831195,0.028084022,0.028839426,0.029778293,0.030359452,0.03891229,0.040379869,0.041507822,0.04294933,0.046980653,0.048312333,0.048678225,0.049568702,0.049741488,0.049942532,0.050485715,0.051962253,0.052456038,0.052650802,0.053879342,0.066973736,0.067222441,0.067462561,0.06767407,0.067881718,0.068031676,0.068165439,0.119458873,0.130777761,0.157465192,0.20170448,0.207812795,0.21686978,0.235085324,0.238608235,0.258311216,0.261421745,0.297934198,0.302348465,0.304887201
0.022420176,0.022472544,0.022647534,0.024027173,0.024243824,0.024239694,0.024251869,0.024772331,0.025310086,0.025543663,0.025627789,0.027873552,0.028317214,0.029362586,0.029885515,0.031208332,0.041139206,0.042877426,0.044024296,0.044474843,0.04860471,0.049709195,0.050293553,0.050210227,0.051569174,0.051530441,0.051749505,0.051839113,0.051979574,0.053562538,0.053747029,0.054989563,0.055130628,0.055197024,0.055480641,0.055458142,0.055654367,0.055821559,0.095514074,0.110461436,0.135478208,0.248131887,0.248262656,0.250122209,0.253907632,0.274759153,0.294201028,0.291304355,0.310069531,0.311521699,0.321778328
0.022443375,0.022491443,0.022650121,0.02413549,0.02433387,0.02450822,0.02481404,0.025478964,0.025727751,0.026003736,0.02632887,0.026923145,0.029106579,0.030045165,0.031356713,0.031907953,0.03288216,0.042468871,0.044717767,0.046532719,0.048161081,0.048672574,0.050014143,0.058632683,0.059546452,0.060332413,0.060491903,0.060679149,0.060874913,0.06100232,0.068063274,0.068296319,0.068422887,0.068579198,0.068700401,0.068862318,0.100945298,0.101161251,0.121000224,0.139681758,0.152831362,0.187081776,0.194075936,0.217333453,0.226373519,0.228899262,0.234278688,0.23711155,0.244343703,0.246905333,0.262190392
0.022411972,0.022833973,0.023078513,0.024441387,0.024631659,0.024931521,0.025159504,0.025411602,0.026458326,0.02671013,0.02712852,0.028004088,0.030453601,0.032106557,0.032739156,0.033143804,0.041994772,0.044402713,0.045920511,0.048049242,0.048513155,0.049501913,0.054251099,0.054458708,0.054627759,0.059849258,0.060587532,0.060661595,0.060761319,0.060977438,0.061208656,0.061435398,0.062708017,0.062668974,0.062880329,0.063049409,0.063211595,0.063396026,0.100365191,0.113403724,0.154031709,0.196254823,0.232855471,0.241841435,0.260024311,0.284153526,0.290602174,0.293968882,0.300968317,0.3063703,0.31621134
0.022525276,0.022599342,0.023144201,0.024460724,0.024621808,0.024605244,0.025672788,0.025795202,0.026578852,0.026790406,0.027048408,0.029305082,0.030334222,0.031315678,0.032198692,0.032783755,0.042459549,0.044368759,0.045712695,0.05050224,0.05301929,0.054686524,0.0549164,0.055171561,0.055338652,0.055538482,0.058729334,0.059222706,0.060170151,0.060985943,0.061142456,0.061302642,0.061548402,0.061854114,0.063125542,0.063000581,0.063195357,0.101910811,0.102111984,0.115330044,0.135074242,0.192415927,0.198858586,0.206582728,0.211922757,0.214813833,0.230240267,0.241775475,0.24733282,0.248175562,0.290035866
0.022207708,0.022600122,0.023926178,0.024076374,0.024256279,0.024400804,0.024760632,0.026631311,0.027528032,0.028319871,0.029166763,0.029909805,0.029538982,0.029811599,0.031063889,0.031379284,0.032321059,0.058954143,0.067912592,0.080063611,0.080652964,0.081438258,0.082361627,0.082889034,0.087082596,0.087983446,0.088945227,0.089039238,0.089150704,0.089433468,0.090871877,0.091084333,0.092491761,0.092718226,0.092954359,0.09313726,0.093289442,0.093458153,0.093650762,0.128653669,0.165921674,0.200960037,0.234042909,0.238316521,0.243396559,0.249943704,0.27875076,0.306772576,0.315217463,0.339749491,0.350501288
0.022536216,0.022678147,0.022830668,0.024299108,0.024518275,0.024703717,0.025392196,0.026227455,0.026514744,0.026919661,0.028812463,0.029929953,0.031145821,0.031803316,0.032261486,0.032123894,0.033112531,0.042603867,0.044640628,0.046659002,0.047122269,0.047628017,0.054797233,0.058157901,0.058900855,0.059730256,0.059895994,0.060102586,0.060270929,0.060512027,0.061844212,0.062051492,0.063373256,0.063572291,0.063758262,0.063934842,0.064203566,0.064353255,0.095752554,0.109147718,0.181401897,0.197911121,0.20439959,0.253502524,0.28799182,0.311275055,0.313639721,0.323503991,0.325252217,0.324257992,0.332848057
0.022933083,0.023010411,0.023216557,0.024647291,0.024817654,0.02547448,0.026168735,0.026746413,0.026984874,0.027289814,0.027541649,0.029341282,0.032545165,0.042318088,0.044478885,0.046808085,0.049738776,0.050381491,0.052281773,0.057784596,0.057963586,0.058732948,0.058869824,0.059092814,0.059325054,0.060674122,0.060912645,0.061137664,0.062442876,0.062651966,0.062831626,0.0630153,0.063211001,0.063383467,0.063578503,0.068303594,0.068939384,0.069771835,0.07028833,0.112712525,0.147159953,0.162793719,0.200153789,0.234675704,0.274497943,0.279496355,0.28279772,0.285473325,0.288275176,0.2943382,0.300557149
0.022168249,0.022720116,0.023043664,0.024520062,0.024802899,0.024951714,0.024957765,0.025708453,0.026281751,0.027245364,0.027823532,0.028768321,0.029388982,0.031267247,0.030781914,0.032736189,0.044060975,0.054440764,0.058366254,0.059162408,0.06003686,0.060187543,0.060296739,0.060544884,0.060730923,0.062246863,0.063403812,0.063740067,0.063837153,0.064052355,0.06420744,0.064395506,0.064531056,0.065169725,0.065938851,0.066492971,0.066272596,0.068021072,0.068275601,0.119691817,0.157249398,0.194845106,0.253632736,0.279543815,0.287555709,0.291320517,0.298331571,0.304893263,0.310408273,0.318610192,0.318823763
0.022491877,0.022577291,0.023177303,0.024792946,0.025118784,0.025305202,0.02544685,0.026144599,0.026316781,0.026610591,0.026967663,0.028642514,0.030131449,0.031569163,0.032673561,0.033713193,0.041109224,0.042620026,0.044517887,0.047271566,0.048308725,0.048740926,0.049964732,0.054978311,0.05514248,0.055315181,0.055470866,0.059090941,0.059920246,0.06009296,0.060188332,0.060447047,0.060649176,0.06204446,0.062250857,0.062497668,0.063835916,0.064027475,0.074711441,0.117903149,0.141138549,0.187009614,0.22726566,0.247270343,0.248920438,0.25574667,0.258927185,0.261434276,0.271196019,0.284365881,0.292508166
0.022147822,0.022488312,0.022648249,0.024195739,0.024291131,0.02436652,0.025116746,0.025316349,0.025875943,0.026013583,0.026345364,0.028602991,0.029336831,0.030524686,0.031444937,0.032443637,0.032198917,0.041134666,0.044415914,0.044353194,0.04492922,0.046084343,0.046377065,0.097967561,0.098182401,0.103770493,0.104642133,0.105448374,0.106226976,0.106365568,0.10648748,0.106771588,0.10748725,0.108103739,0.108209713,0.10840372,0.108535034,0.108751062,0.125855089,0.144181259,0.153183424,0.213853239,0.2414025,0.265212676,0.278018156,0.28306155,0.294643979,0.297659614,0.302824312,0.307241416,0.317609273
0.027566322,0.027787598,0.027962795,0.029474195,0.029608957,0.029783088,0.030238905,0.030812088,0.030979906,0.031182147,0.031559881,0.033428873,0.034585431,0.035352654,0.035826416,0.035831722,0.037264706,0.048095458,0.049820718,0.058781435,0.059582085,0.059731988,0.059917001,0.060249705,0.060327878,0.06019074,0.060634876,0.061479444,0.061630985,0.062466614,0.062909183,0.063175139,0.063349535,0.063493543,0.063667707,0.063773867,0.063943991,0.064116511,0.100970123,0.113990642,0.162744063,0.218778674,0.232323952,0.239507481,0.242590592,0.249597774,0.258949327,0.257148098,0.260857569,0.297471668,0.328684966
0.022761593,0.02299101,0.023158098,0.024434021,0.024652859,0.025416031,0.025499092,0.02599785,0.02708452,0.027760573,0.028501205,0.029406879,0.029358465,0.031202541,0.032134805,0.032118261,0.033106239,0.042854867,0.044674752,0.051912592,0.058322558,0.059132891,0.059946397,0.067183273,0.067344086,0.067496992,0.067641241,0.067943709,0.069310826,0.070215407,0.070151283,0.07139654,0.071654911,0.071838447,0.071988804,0.07213808,0.072377705,0.072555014,0.119554693,0.120143406,0.154538212,0.207013513,0.213613368,0.226354553,0.229548903,0.242234711,0.248876751,0.258582814,0.260179894,0.26893722,0.275903297
0.022871608,0.022916169,0.023147142,0.024518242,0.025336675,0.025557063,0.026254112,0.026594624,0.026830046,0.027009114,0.027290325,0.029795122,0.029851617,0.031227783,0.032064764,0.032989091,0.042350854,0.045219777,0.046328936,0.046895215,0.053492875,0.056744482,0.059049519,0.069049088,0.102928622,0.103323469,0.105656033,0.10718864,0.107971915,0.108099283,0.108326213,0.108482314,0.108758667,0.108983865,0.109226051,0.110496513,0.110603475,0.110845072,0.111030382,0.111077461,0.148375039,0.190121957,0.229962894,0.246596274,0.257125922,0.279215251,0.281410946,0.283713545,0.289804963,0.298909727,0.310069626
0.022544024,0.022639635,0.023363111,0.024778382,0.025030753,0.025252547,0.025620867,0.026249981,0.026649053,0.026956309,0.02724392,0.029301287,0.030328589,0.031196658,0.032184753,0.032754906,0.043517917,0.044762988,0.046838643,0.048032753,0.04873539,0.049297395,0.049455401,0.054591222,0.054747159,0.054979422,0.055104979,0.059325462,0.060179186,0.060249267,0.060490179,0.061846779,0.062117854,0.062336083,0.063687928,0.063936354,0.064001037,0.064041521,0.101949561,0.130784158,0.170448129,0.188205138,0.224873915,0.230762936,0.253403688,0.274208406,0.282279846,0.290396927,0.300215871,0.30351076,0.310163353
0.022677581,0.022787583,0.024260336,0.024354509,0.024640756,0.025055117,0.025128061,0.026301511,0.02665448,0.026863458,0.027198338,0.02772675,0.029525782,0.030652685,0.031500415,0.041886231,0.043873234,0.047162485,0.047430989,0.047112587,0.048230111,0.049313798,0.050541373,0.057308884,0.057445522,0.057615354,0.057798241,0.058063984,0.059452712,0.060310318,0.060607599,0.061157146,0.060787655,0.060979761,0.061247028,0.061349254,0.06151325,0.070302158,0.071085643,0.11318685,0.115256916,0.180704381,0.20492279,0.218132128,0.254864277,0.261522036,0.266021996,0.271111083,0.283513213,0.290852324,0.297428531
0.022995037,0.023199191,0.023365941,0.024693909,0.024786163,0.025057041,0.025494952,0.026044668,0.026394536,0.026692139,0.028604324,0.029691873,0.030479396,0.031203071,0.031801929,0.031892496,0.042404821,0.044422457,0.044465819,0.047084993,0.047997111,0.049809055,0.067467957,0.068291692,0.068479804,0.06942358,0.070223542,0.071803348,0.07203771,0.072325582,0.072465877,0.074374417,0.074747743,0.074943227,0.075086927,0.075254084,0.075441188,0.075631158,0.100997405,0.111572636,0.15028617,0.194538873,0.232226337,0.253787833,0.281622631,0.28585801,0.289387147,0.292645101,0.296734693,0.297251451,0.308095551
0.022554424,0.022683901,0.023175488,0.024323604,0.025125259,0.025435925,0.025643428,0.026265716,0.026443651,0.026703905,0.028571814,0.028944645,0.031333032,0.031910738,0.032935603,0.033931206,0.042469327,0.045138221,0.048282309,0.063817337,0.064418071,0.064601849,0.067457124,0.06908812,0.0692046,0.069364752,0.070976403,0.071869853,0.072024073,0.073974281,0.074193666,0.074441146,0.075682831,0.076037388,0.076256402,0.076415324,0.076616868,0.076835981,0.077167552,0.12257944,0.130450855,0.161213892,0.223526945,0.236473663,0.274843258,0.281543807,0.288465518,0.29319913,0.302447681,0.304068252,0.308226986
0.022391476,0.022428657,0.022827999,0.024296649,0.024344545,0.024851619,0.024869124,0.025303594,0.025247853,0.025267766,0.025376933,0.027345175,0.028373466,0.029366678,0.030194793,0.030810597,0.031036464,0.03112976,0.041264325,0.043066222,0.043909025,0.043819388,0.044863507,0.066305193,0.06720913,0.067390752,0.067584482,0.068134899,0.068080151,0.068630748,0.068867801,0.068914413,0.069320463,0.069463469,0.069661955,0.07001117,0.070098591,0.077180888,0.117832957,0.190880994,0.204637284,0.213701241,0.223323576,0.243684481,0.261827265,0.262758572,0.272817841,0.29249983,0.296227722,0.301319547,0.309780574
0.022414191,0.022292984,0.022569005,0.023827311,0.023827354,0.023978909,0.024103691,0.024772394,0.02525387,0.025613737,0.025739536,0.027412598,0.028453708,0.029247623,0.030560941,0.031495583,0.04085198,0.041917279,0.045950734,0.048176905,0.048703266,0.049190061,0.049196754,0.050929771,0.052055649,0.052019789,0.052465246,0.059341997,0.059593711,0.060859565,0.06105044,0.06118694,0.061464326,0.061639184,0.065881307,0.066303315,0.06636916,0.066522478,0.067042779,0.109544096,0.136183575,0.216343551,0.227836325,0.228248638,0.249614025,0.250157059,0.260884982,0.305543534,0.332589855,0.338039616,0.353042097
0.027618092,0.027731136,0.029006783,0.029540334,0.029900454,0.029800496,0.030115568,0.030694224,0.030843693,0.031030451,0.03176588,0.03369098,0.034313174,0.034923088,0.047406417,0.050454856,0.051470082,0.053116391,0.054596999,0.0559267,0.057841565,0.05739458,0.05802237,0.059737206,0.060555872,0.060574146,0.060700963,0.060970447,0.0611561,0.062611265,0.062445342,0.062649302,0.062782182,0.064129211,0.064286151,0.064356937,0.064512643,0.064683775,0.096972722,0.119449602,0.129558542,0.220138179,0.235196352,0.242285452,0.260089638,0.262860466,0.299614129,0.315971482,0.333408743,0.339351964,0.341874507
0.022295971,0.022521222,0.022502963,0.023889918,0.023906964,0.023989389,0.024175891,0.024598254,0.024872075,0.025123402,0.025415816,0.027152114,0.028780147,0.029065932,0.030006413,0.031019022,0.039717121,0.040911239,0.040735046,0.042857455,0.04621981,0.048072043,0.04824715,0.047283503,0.049483613,0.048807342,0.050720348,0.050794832,0.050729342,0.065484174,0.066280277,0.065858766,0.06603922,0.071370776,0.071507783,0.072902654,0.074625643,0.073540969,0.12003602,0.136007586,0.178368609,0.188945296,0.197940176,0.218409523,0.231225921,0.250717031,0.251328048,0.255186384,0.255688341,0.257551243,0.285371548
0.022599015,0.022738227,0.02290487,0.024568549,0.024807033,0.024975778,0.02514408,0.027026853,0.027840335,0.028253106,0.02912974,0.030373649,0.030639954,0.031146452,0.032518758,0.042283867,0.043713937,0.043798388,0.059879026,0.060562167,0.061570549,0.062058371,0.066783152,0.067805225,0.068767895,0.069192023,0.069719421,0.069869251,0.070099033,0.070256815,0.072022055,0.07237792,0.072596581,0.072795245,0.073075299,0.073273118,0.073535651,0.073716453,0.073850979,0.139659372,0.152364298,0.194469951,0.247617241,0.25978374,0.282471958,0.284941626,0.292343568,0.300057028,0.300457676,0.301677095,0.314308262
0.022734666,0.022953791,0.023183932,0.023321634,0.024966258,0.025246238,0.025288791,0.025701289,0.026530393,0.027304716,0.028252274,0.029294968,0.029554714,0.030639864,0.031269334,0.033662549,0.04373995,0.044431869,0.046307135,0.048014545,0.050497169,0.051795172,0.054126065,0.054292122,0.054625,0.054866493,0.055078605,0.055263678,0.060294388,0.061180653,0.061734889,0.062507665,0.062633612,0.062816486,0.063162981,0.064366944,0.064549683,0.064623957,0.101665837,0.115961079,0.14646028,0.217754333,0.226635593,0.245767362,0.263768495,0.291300397,0.299739755,0.301590018,0.309435435,0.319379294,0.324431907
0.022324303,0.022822361,0.024173175,0.024399193,0.024856684,0.025103203,0.025291981,0.025881379,0.026012744,0.027210518,0.028466943,0.029291536,0.02959851,0.030675202,0.031566307,0.032397072,0.033129653,0.043823261,0.045573195,0.046346718,0.04777007,0.048794225,0.049782709,0.065870075,0.066663733,0.067478679,0.067604119,0.067842087,0.068001693,0.069322981,0.069529907,0.070269856,0.070922966,0.072495926,0.072671517,0.072868223,0.073006167,0.073169678,0.105536276,0.114507782,0.188141057,0.208419437,0.229454212,0.241909579,0.282345811,0.285787987,0.285280704,0.286838812,0.298456494,0.307958544,0.315420515
0.027314874,0.027179901,0.028299473,0.028833548,0.028619438,0.028771132,0.028788059,0.029294566,0.02933151,0.029542052,0.029658499,0.031445941,0.03238567,0.033726761,0.034593453,0.035307571,0.045774547,0.046931009,0.047743761,0.050472152,0.05205426,0.054009575,0.054545441,0.055098151,0.055304772,0.056229819,0.056713922,0.056612675,0.057341455,0.058078154,0.058167962,0.072306856,0.072536652,0.072717258,0.072889568,0.073064478,0.081516757,0.082389329,0.116739453,0.135899089,0.141293898,0.173518888,0.220617124,0.232674723,0.248256943,0.252084777,0.257934273,0.258971873,0.262846909,0.264905171,0.305095149
0.027264049,0.027433016,0.027469354,0.028660659,0.028712059,0.028997154,0.029083507,0.029540426,0.02965796,0.029881371,0.03018281,0.031887517,0.032733735,0.033831095,0.034712719,0.03548361,0.035175911,0.042550073,0.044002514,0.046235822,0.046455574,0.048019376,0.051658453,0.05234488,0.052501425,0.053068968,0.057849164,0.05843012,0.058510716,0.059358533,0.059212659,0.059198409,0.059270065,0.059261463,0.059496591,0.05961442,0.05965142,0.059848735,0.108194765,0.12169193,0.142825148,0.220020102,0.22991186,0.232114844,0.248108992,0.25486954,0.262702745,0.262935529,0.285644434,0.28189722,0.323929535
0.027538911,0.027696508,0.027860278,0.02897176,0.029041294,0.029389599,0.029541659,0.030118099,0.030273902,0.030771891,0.031091184,0.032875381,0.03388582,0.035326814,0.035934976,0.036508456,0.036270875,0.046626086,0.04910023,0.050398176,0.050853003,0.06991844,0.070656197,0.070572053,0.071820208,0.071942139,0.072011344,0.07229089,0.072374205,0.073900553,0.074049017,0.07446659,0.075728264,0.0760109,0.076198987,0.076423991,0.076657618,0.076741265,0.097725304,0.135346538,0.150942933,0.184119915,0.199442009,0.212621802,0.241224343,0.241962989,0.261493506,0.274017312,0.283227142,0.312547947,0.316335135
0.022394252,0.022135552,0.022516191,0.023937903,0.023729316,0.024275441,0.024148685,0.024980234,0.025031009,0.025097322,0.025206207,0.027091967,0.028128415,0.029135543,0.03021769,0.030886404,0.041212311,0.041831907,0.043585322,0.044237929,0.044441868,0.048803838,0.048139546,0.050383564,0.051177529,0.050659282,0.051429406,0.051393614,0.051529013,0.051751104,0.068182081,0.068311644,0.077084007,0.078932504,0.079116444,0.079329783,0.079517785,0.079709578,0.079889825,0.11651345,0.133690753,0.138786837,0.149791513,0.1979921,0.219742498,0.227625137,0.238621645,0.244406445,0.260160816,0.301541814,0.315684567
0.02234847,0.02262243,0.024445165,0.024779147,0.024970115,0.025027748,0.025133669,0.025755702,0.025968258,0.026327665,0.02670799,0.028739009,0.029963236,0.030818457,0.031725726,0.033113336,0.043221844,0.04469473,0.046874114,0.047440027,0.052560823,0.052819858,0.063869136,0.064019699,0.064228957,0.064399866,0.064667432,0.065972783,0.066207247,0.066474942,0.067740605,0.067919209,0.068127235,0.068304731,0.068518918,0.068622765,0.068816688,0.093920232,0.098516047,0.11109012,0.134226264,0.207668346,0.215435046,0.215934178,0.254338659,0.25721007,0.260554065,0.270964386,0.272466067,0.319054997,0.321508217
0.022421658,0.022444722,0.022447021,0.023870684,0.024010535,0.024208571,0.024356311,0.024864326,0.025201077,0.025290407,0.025638166,0.026078249,0.028334784,0.029632491,0.030488118,0.031341274,0.03924499,0.041731842,0.042796636,0.043960429,0.045000173,0.048771322,0.050219555,0.050532329,0.053352509,0.055680901,0.055943015,0.056440564,0.057715219,0.057881869,0.058070698,0.058273496,0.058459454,0.06443153,0.065085388,0.065071642,0.066148128,0.066372813,0.066514783,0.095457628,0.116158897,0.152338851,0.203049989,0.210784807,0.23804961,0.252523345,0.263455924,0.271113595,0.312183889,0.323692358,0.323838318
0.022499343,0.023012968,0.023303587,0.023393599,0.024972853,0.025197622,0.025347201,0.026221699,0.026488291,0.028234283,0.02887846,0.029531664,0.029608394,0.030800944,0.030762644,0.032107504,0.032817381,0.062842024,0.063652719,0.064527937,0.065013025,0.066042421,0.066728697,0.067496384,0.071472169,0.072409098,0.072551743,0.072745632,0.073031744,0.073200467,0.074775261,0.075027657,0.07649041,0.07665193,0.076964404,0.077182339,0.07733409,0.091432209,0.122350966,0.159367666,0.190568506,0.218996343,0.228280537,0.239280667,0.250605668,0.259016753,0.281935803,0.304873846,0.320623457,0.331196264,0.343262818
0.022393616,0.022246321,0.022610295,0.02397434,0.023700615,0.024339947,0.024699361,0.025185497,0.025486486,0.027238216,0.027684883,0.027559361,0.028400632,0.040400392,0.041853429,0.043022156,0.045374095,0.045839998,0.046501237,0.048885048,0.049518346,0.04994808,0.050176113,0.064938638,0.065011512,0.065335354,0.066737813,0.067509154,0.067716525,0.06809239,0.068669087,0.067992335,0.067984396,0.068719897,0.068195643,0.068295351,0.069037319,0.11969805,0.128809453,0.153230873,0.179206039,0.206442836,0.21261345,0.215844242,0.228873,0.233895695,0.238291269,0.244681238,0.251402995,0.257267118,0.281380606
0.022598679,0.022593498,0.022825285,0.024255924,0.024545428,0.024836793,0.02546637,0.025803031,0.026164813,0.026473961,0.026765123,0.027816714,0.028676247,0.030132104,0.030982686,0.031838451,0.033083477,0.044730823,0.045807226,0.046971877,0.048820854,0.049807584,0.059371356,0.066100063,0.066348624,0.066555381,0.066734483,0.068181494,0.068466312,0.069695542,0.06993343,0.070185356,0.070399239,0.070590608,0.070816016,0.07099339,0.071194132,0.07136011,0.096371939,0.108950703,0.120738654,0.174437534,0.221364472,0.231340366,0.238563388,0.250628569,0.25546611,0.257842195,0.307361014,0.323153728,0.329822973
0.02263925,0.022824429,0.022998864,0.02429069,0.024927711,0.025319713,0.025862741,0.026057332,0.026323699,0.027487987,0.029287667,0.029571509,0.029950607,0.030792209,0.031863225,0.031884821,0.032865459,0.044901596,0.065110107,0.065694629,0.065916919,0.066046316,0.067160145,0.06737452,0.067538124,0.067674043,0.067875482,0.067886679,0.068550363,0.069074192,0.069545169,0.070079325,0.070638602,0.070893962,0.071581943,0.07169827,0.072106528,0.072416132,0.072475729,0.11990434,0.129162299,0.162077808,0.198909897,0.204518137,0.224778608,0.244639789,0.245315098,0.253714627,0.262795227,0.2671658,0.279752816
0.02736746,0.027519849,0.027607133,0.027879375,0.029349356,0.029742328,0.030144522,0.030841788,0.031152153,0.031405934,0.031711535,0.033495113,0.034038048,0.035144418,0.04978278,0.051346096,0.056298466,0.057824111,0.058736297,0.05915743,0.062397294,0.063235495,0.06383173,0.064165089,0.064388648,0.064481869,0.064511245,0.064790794,0.064998126,0.066391943,0.066593162,0.066871188,0.068162567,0.068318645,0.068523435,0.068703229,0.06890227,0.069127486,0.133845456,0.166466771,0.20261423,0.231313629,0.24258028,0.256066467,0.271736376,0.292537971,0.329968224,0.338738976,0.347235421,0.355094425,0.358382925
0.0276002,0.027503774,0.027701292,0.029062089,0.029234552,0.029135692,0.029431075,0.029723003,0.029954347,0.030066766,0.030200492,0.031976955,0.033084317,0.033900176,0.034467173,0.035578422,0.044515012,0.045044556,0.045288436,0.048102925,0.049559426,0.048315513,0.052728798,0.055425219,0.05581272,0.05586794,0.055938835,0.056531311,0.056139501,0.056716185,0.058135363,0.058152935,0.058139953,0.058330775,0.058437035,0.058514155,0.058772614,0.058897168,0.083427884,0.107178334,0.140348895,0.14230394,0.189427785,0.196478796,0.209192789,0.2544614,0.257670606,0.267291505,0.268754213,0.269346848,0.2743503
0.022257955,0.022448983,0.022474004,0.022164691,0.024122605,0.023738647,0.023908553,0.024808486,0.025115158,0.025693072,0.026116446,0.027138858,0.027650229,0.028340819,0.030433739,0.031331953,0.032087614,0.041561293,0.04301459,0.044322846,0.049920796,0.050906942,0.052890969,0.057845908,0.058676656,0.058864667,0.059082554,0.058924765,0.064930402,0.066290994,0.066442931,0.066642163,0.067975934,0.068195917,0.068388311,0.068552969,0.068729721,0.068968453,0.114567667,0.13072705,0.20313525,0.20833227,0.216827385,0.218020438,0.23192024,0.230811367,0.236364765,0.25659216,0.258846867,0.258923944,0.269172092
0.022441307,0.02279063,0.023107563,0.024529993,0.024735046,0.025115497,0.025210268,0.026000894,0.026852092,0.027270366,0.028259626,0.030291717,0.030334141,0.03080817,0.030970524,0.03122278,0.032280319,0.033161415,0.033838063,0.055137188,0.057478771,0.057568188,0.05781535,0.059116396,0.059779244,0.059920266,0.060141062,0.060196662,0.063521263,0.064826282,0.065024165,0.06863441,0.068783596,0.069567844,0.069709796,0.070491619,0.070533311,0.071595212,0.093137176,0.105267253,0.114630856,0.183436933,0.205439047,0.224951569,0.265951471,0.274749192,0.276494157,0.28207566,0.286025871,0.286035507,0.292440007
0.02226532,0.022244783,0.022092584,0.02364951,0.023745489,0.023848033,0.023930475,0.024546426,0.024796834,0.025208834,0.025459295,0.027614681,0.028435402,0.029114555,0.030213599,0.03062542,0.040085755,0.041349418,0.042571698,0.043749178,0.046698356,0.047923384,0.047938168,0.048706069,0.049487717,0.056273115,0.056518851,0.056785162,0.058348146,0.058503082,0.058687209,0.058845349,0.05902519,0.063434012,0.063921291,0.064024835,0.064253196,0.06541094,0.078342342,0.093758048,0.137579197,0.177464162,0.215004264,0.224075206,0.228668547,0.236478044,0.247971745,0.254249899,0.281026472,0.285903173,0.302927362
0.02266889,0.022619077,0.022418548,0.024483992,0.024894762,0.024994405,0.024787422,0.025265657,0.025354248,0.025829655,0.025615461,0.026650155,0.028854072,0.029681106,0.030713548,0.031740925,0.040288722,0.041323463,0.04234885,0.042707037,0.043897937,0.051013612,0.051788495,0.052838861,0.056895982,0.057029093,0.056944491,0.0638565,0.064077901,0.06547259,0.096166197,0.09645691,0.097828368,0.098054621,0.098326266,0.098497313,0.098683725,0.098834954,0.139885985,0.155322789,0.168457321,0.20002903,0.216336662,0.231795148,0.245325888,0.274497682,0.290262359,0.296459686,0.299988528,0.333184442,0.346104129
0.027493652,0.027529542,0.027658433,0.027600947,0.029356957,0.029400577,0.029310117,0.029078854,0.030113731,0.030141044,0.030116788,0.031958557,0.032838768,0.033919313,0.033952659,0.03530969,0.044977945,0.046080155,0.045222105,0.047693617,0.046568022,0.048709569,0.0537398,0.05391277,0.054569682,0.054356867,0.055893301,0.057367002,0.071383629,0.071512037,0.071728145,0.072961701,0.07305068,0.074184263,0.074296054,0.074454545,0.074597105,0.074803058,0.104699221,0.142431139,0.167888688,0.203668432,0.205956785,0.211551938,0.226185253,0.237705659,0.246828092,0.268372437,0.28423578,0.286592175,0.289065018
0.02237133,0.022602113,0.022901167,0.02419606,0.02494034,0.025391229,0.025548403,0.026209724,0.026432081,0.027328041,0.027752479,0.028048048,0.030261748,0.031131227,0.032028913,0.032889085,0.042836766,0.045087207,0.045931402,0.048305252,0.049454904,0.06619511,0.071437081,0.099574469,0.099773899,0.100014817,0.100084292,0.101346139,0.101379557,0.101454565,0.101605733,0.101742079,0.102744049,0.10296786,0.103196393,0.10338643,0.103565818,0.103771031,0.103937085,0.126999982,0.13531523,0.165743172,0.234404087,0.253871797,0.282502402,0.286352478,0.295770636,0.303515696,0.311374103,0.311843011,0.321342302
0.022496029,0.022196837,0.02255713,0.024021981,0.024029098,0.024362918,0.024347381,0.024826691,0.025027524,0.025028175,0.025329879,0.027438969,0.02850655,0.02929716,0.030258853,0.030698796,0.03096667,0.041209633,0.044402119,0.044668992,0.046692081,0.045755415,0.048252346,0.047272047,0.049019914,0.049449101,0.049310268,0.049632777,0.050167024,0.050307222,0.051564927,0.051771038,0.051882762,0.057726722,0.057944988,0.057978275,0.061734738,0.063980779,0.063831717,0.098966118,0.112335733,0.138030723,0.20728672,0.223664526,0.235427639,0.250184331,0.256587459,0.255118111,0.263569282,0.272130914,0.273913841
0.022399943,0.022376561,0.022533548,0.02392068,0.023853691,0.024134234,0.024343571,0.024603777,0.024978482,0.025250274,0.02661916,0.026916626,0.028717392,0.029627266,0.031816983,0.032075582,0.032296771,0.039927495,0.04029869,0.042257881,0.046465183,0.04805103,0.047983248,0.050004605,0.057079305,0.057299668,0.057546705,0.057735389,0.059205922,0.067010121,0.067653476,0.068186938,0.068925936,0.069123203,0.069398277,0.069862198,0.070012152,0.070120568,0.070275435,0.103811474,0.165984835,0.179301769,0.202440298,0.210503122,0.264784987,0.27264433,0.282592664,0.287028435,0.313255411,0.317369472,0.318013357
0.022255563,0.022814961,0.023013969,0.024488912,0.024386014,0.024282443,0.024524323,0.025011198,0.025082521,0.025214962,0.025341225,0.027147466,0.028012669,0.028889301,0.029770758,0.030214172,0.030169174,0.039792814,0.039386029,0.041155801,0.040347939,0.041839676,0.042927227,0.047905563,0.079806999,0.104996406,0.10702153,0.107854371,0.107820196,0.108039268,0.108207388,0.109654171,0.109698959,0.110750156,0.110954574,0.111171606,0.111426639,0.111629331,0.111788466,0.11196898,0.1296099,0.156502059,0.190294846,0.215820984,0.2450312,0.242741453,0.257167112,0.264383417,0.306076184,0.316889353,0.326168818
0.022479065,0.022391649,0.022539446,0.022460628,0.024051233,0.024343343,0.024018625,0.024785161,0.02489732,0.025255471,0.02530736,0.027226124,0.028237934,0.029130956,0.029544673,0.030714726,0.038966789,0.041009844,0.041816607,0.04262608,0.044704868,0.048278723,0.049157625,0.04830264,0.050646046,0.051629534,0.050629728,0.057740131,0.057802815,0.057825596,0.058078621,0.058134264,0.05816491,0.059359644,0.063998234,0.064373842,0.06457531,0.064718155,0.064922004,0.106293971,0.157413312,0.191234462,0.205987369,0.241295013,0.252948745,0.248591386,0.250891201,0.264492259,0.273140688,0.318309158,0.321613033
0.022760315,0.023070228,0.023097939,0.024537355,0.02473611,0.024960942,0.025099476,0.025871269,0.026150229,0.026824121,0.027458647,0.029571196,0.030548497,0.030719471,0.03146732,0.032413952,0.033273945,0.041144452,0.042874084,0.044491924,0.045186166,0.064036766,0.069157065,0.121767606,0.134949493,0.136567566,0.137458118,0.137665407,0.137878341,0.139012178,0.139032546,0.140469205,0.140745986,0.141001431,0.142364045,0.142547774,0.142865834,0.143009078,0.14317603,0.143335714,0.179719487,0.190554527,0.204945188,0.235820096,0.249105555,0.272029298,0.301417673,0.336189368,0.347500999,0.350289191,0.355250818
0.022455951,0.022611125,0.023770156,0.024145711,0.024310467,0.024443507,0.024295756,0.024691443,0.025020835,0.025420099,0.026618825,0.027434437,0.02780083,0.030580059,0.031721413,0.032456869,0.040431416,0.04189463,0.043563859,0.045209228,0.051452714,0.051846201,0.051983678,0.057447439,0.058351605,0.058509878,0.058687799,0.060049647,0.060323437,0.060553591,0.060784981,0.062045372,0.062261519,0.062455163,0.062669677,0.062878568,0.063058625,0.063249273,0.093503098,0.109010604,0.133790833,0.207663085,0.21951964,0.243395992,0.251600722,0.252379508,0.272490714,0.308002113,0.318146318,0.341321078,0.352277739
0.022415723,0.022514867,0.023729635,0.024208234,0.024231464,0.024320661,0.024497419,0.024767544,0.025548292,0.02552239,0.025628979,0.027291449,0.028299669,0.02947393,0.030270013,0.030785405,0.039710474,0.042221728,0.04456462,0.045412625,0.046533036,0.04708982,0.049861026,0.053500423,0.053597176,0.053514112,0.05386433,0.05387674,0.05393931,0.054189177,0.05638774,0.05531379,0.055859166,0.056455982,0.056653336,0.056810733,0.056985276,0.057076982,0.090832555,0.105779564,0.11508415,0.141505374,0.157829986,0.206227543,0.228806031,0.227779125,0.23617657,0.246064246,0.24813173,0.25235241,0.261786865
0.022323638,0.022395591,0.022440976,0.023624521,0.023879556,0.023919598,0.024066965,0.024639448,0.025181608,0.025436115,0.025426541,0.027069403,0.028526205,0.02929204,0.030202216,0.030553037,0.03082912,0.040149402,0.040859013,0.042679308,0.043801481,0.048482262,0.048486047,0.049562782,0.063955851,0.064234525,0.064976276,0.065631032,0.065698006,0.065874619,0.065804951,0.066046901,0.066004422,0.066189084,0.066361163,0.066657946,0.06660575,0.067339343,0.06747106,0.117325981,0.143675971,0.1562106,0.204300914,0.212748606,0.231442227,0.254841812,0.254079371,0.260622147,0.272606686,0.282277557,0.290602171
0.022551829,0.02233244,0.022619627,0.023988669,0.024053448,0.024270811,0.024715376,0.025233268,0.025738524,0.025735707,0.026012167,0.02672431,0.028601741,0.029846072,0.030483211,0.031527984,0.040251239,0.039328443,0.041743953,0.043075755,0.043547848,0.044421519,0.045085936,0.049020576,0.049785579,0.049797627,0.050074512,0.051136957,0.051495457,0.05157937,0.052753224,0.052735658,0.052935495,0.053086133,0.053200441,0.053290837,0.05345881,0.053643876,0.066927428,0.109211778,0.154520091,0.207596042,0.220934074,0.231758094,0.235071322,0.241492296,0.251838044,0.248131255,0.256008305,0.259220925,0.276921306
0.022415645,0.022564749,0.022404583,0.023832051,0.023810891,0.024003415,0.024102897,0.024809826,0.024968094,0.025395605,0.02566427,0.027493812,0.028604979,0.029001219,0.029411983,0.030755561,0.031191152,0.041278473,0.040614765,0.040851171,0.043710085,0.044535266,0.061509628,0.062509145,0.063271758,0.063347154,0.063568107,0.064724858,0.065048946,0.064256331,0.065105218,0.066535664,0.066220328,0.067469807,0.066401573,0.066591201,0.066607434,0.066731786,0.066992347,0.111120996,0.121024891,0.205239838,0.210299225,0.231893203,0.238869466,0.249572495,0.255723981,0.252904957,0.275658187,0.293629445,0.298341233
0.022443837,0.022562093,0.023152543,0.024620477,0.024827232,0.025102043,0.025187988,0.025389782,0.026217136,0.026489517,0.026796415,0.029374641,0.030804245,0.031246966,0.032123374,0.032785024,0.041257496,0.042660951,0.045439887,0.045883969,0.046932089,0.04756835,0.053621952,0.053806502,0.054110383,0.054353609,0.05879919,0.059664631,0.060560445,0.061275779,0.062326212,0.062608731,0.062833937,0.064101959,0.064290837,0.064425075,0.064670938,0.06478267,0.071049098,0.093576227,0.123497199,0.150354979,0.187049042,0.224742939,0.23385526,0.236855469,0.237932235,0.242581106,0.255701278,0.260817089,0.298561302
0.027620216,0.027611107,0.02775174,0.028117702,0.02976764,0.029689164,0.029819642,0.030458409,0.030559823,0.031014281,0.031318808,0.033412371,0.033927702,0.035101256,0.036055794,0.036579252,0.046700543,0.048029381,0.049293391,0.051090668,0.053142768,0.05418878,0.05840512,0.059376257,0.061839745,0.062474108,0.095044112,0.096119439,0.096254338,0.128025739,0.128125782,0.128323752,0.129690841,0.129983674,0.130041831,0.130217099,0.130329277,0.13059633,0.130767108,0.140262461,0.174436937,0.209679911,0.239497763,0.245204908,0.253901336,0.266348024,0.309219637,0.316797969,0.332099168,0.354641067,0.354769875
0.021414775,0.023025383,0.02318665,0.023452091,0.023940489,0.025505735,0.025499696,0.026215729,0.027121346,0.027309742,0.031664481,0.032263595,0.032535196,0.042244223,0.044010985,0.045499706,0.047955039,0.049821449,0.05050235,0.05265946,0.065771695,0.066631104,0.067425023,0.068890499,0.069084371,0.069239622,0.069418269,0.069685464,0.071389767,0.071675119,0.072067154,0.073748209,0.073964888,0.074171608,0.074318187,0.074549744,0.074754604,0.075261996,0.113911344,0.132009027,0.145540275,0.201557398,0.221174305,0.230237295,0.269021777,0.274763837,0.281079667,0.287000613,0.296230146,0.299736255,0.313494146
0.022319481,0.023147179,0.023490704,0.024776163,0.025133677,0.025372522,0.025610425,0.026572066,0.026691433,0.026902744,0.027514979,0.029280547,0.030059765,0.031124814,0.031766353,0.032940926,0.041377886,0.043273819,0.045366003,0.046459813,0.047070386,0.050714587,0.053807164,0.058720857,0.067648929,0.09499777,0.095258772,0.095514547,0.095999523,0.096593627,0.09717103,0.097400646,0.098714298,0.099000712,0.099086199,0.099270521,0.09952739,0.09968177,0.099882304,0.110793362,0.150062363,0.161071981,0.222151448,0.240952004,0.279448866,0.281834763,0.287356705,0.288717041,0.295418381,0.306028545,0.314178836
0.02758666,0.027070008,0.027142215,0.028474713,0.028661707,0.028546246,0.028701039,0.029098919,0.029108862,0.029424618,0.029663601,0.031533354,0.032589154,0.033405528,0.034267712,0.035398818,0.035764479,0.044083657,0.045354642,0.045657525,0.04713695,0.048445709,0.05240467,0.053502362,0.053688924,0.054255579,0.054348469,0.054614611,0.056481785,0.056708094,0.056955135,0.057182976,0.058605641,0.058797444,0.058986334,0.059138664,0.059329938,0.05954474,0.101223882,0.116686719,0.150597094,0.200625595,0.229663118,0.240509026,0.243668093,0.257027671,0.266572702,0.271584525,0.272475028,0.279967205,0.292958539
0.022316405,0.022265581,0.02246368,0.023689698,0.023891133,0.023839956,0.023987789,0.024540326,0.024703905,0.025053351,0.025048676,0.027073192,0.028466057,0.028948446,0.030011695,0.030799344,0.039363896,0.041521107,0.042903551,0.044592554,0.047844784,0.048239787,0.048884217,0.050359854,0.050428555,0.050778811,0.050741796,0.051169239,0.051358241,0.05303858,0.053303842,0.065664466,0.065761761,0.068060115,0.068250194,0.068447777,0.068608586,0.068789439,0.11888292,0.130485901,0.137638229,0.152856302,0.220014187,0.234743665,0.23915567,0.250854458,0.255611214,0.266181008,0.294642712,0.298686947,0.301655595
0.027249673,0.027492953,0.027869146,0.029331396,0.029539617,0.029737867,0.02991214,0.030587766,0.030815025,0.031194881,0.031586998,0.033652362,0.034724059,0.035582853,0.036343968,0.036903165,0.037149591,0.047070056,0.048357726,0.049806418,0.0542472,0.055520408,0.055133266,0.056253761,0.060179751,0.072806144,0.095407507,0.095615033,0.11209879,0.112232679,0.11253513,0.112728916,0.113886239,0.114573346,0.114828351,0.114996137,0.115115285,0.115255822,0.137377841,0.148241333,0.174556188,0.21042718,0.215881753,0.240520336,0.248113924,0.248744665,0.259577944,0.264834807,0.265066162,0.268060723,0.295985755
0.022357172,0.022579136,0.022827559,0.02313999,0.024722218,0.024859959,0.02481927,0.026093095,0.026366739,0.026602038,0.027222572,0.027724577,0.029952632,0.03111905,0.032043141,0.032808373,0.03257964,0.042326347,0.043582102,0.043534671,0.04416389,0.046185348,0.046979019,0.063806185,0.073825674,0.084700701,0.085469142,0.08631711,0.086477262,0.086699152,0.086857759,0.087173069,0.088088263,0.08845619,0.088712241,0.089906484,0.090114013,0.090434483,0.090459887,0.11139667,0.127635886,0.190666198,0.225368062,0.23614725,0.252202432,0.28272325,0.285752183,0.293511318,0.299065664,0.303695308,0.317182111
0.022430967,0.022352113,0.022734061,0.023832267,0.02406185,0.024075157,0.024563195,0.024888716,0.02501384,0.025367324,0.025472755,0.02643269,0.027264523,0.029288374,0.03003948,0.030601873,0.039423924,0.040541056,0.042281849,0.043071589,0.044162771,0.043774141,0.044565719,0.04717506,0.049421639,0.049482104,0.062135119,0.062561156,0.063658836,0.065353551,0.091784687,0.091997455,0.093447873,0.093767505,0.093835566,0.094054815,0.094219029,0.094433044,0.094573222,0.133685447,0.160991154,0.207759722,0.226401572,0.233761094,0.241679862,0.242546008,0.246685786,0.251498083,0.273398386,0.297136841,0.306033526
0.022493938,0.022903932,0.023311491,0.024554075,0.024796962,0.024975761,0.025405222,0.026267676,0.026514072,0.026893077,0.027823938,0.02877822,0.030835325,0.031568951,0.032864825,0.033538956,0.043419795,0.046222092,0.04790444,0.05211094,0.052993621,0.0529046,0.058952333,0.059680148,0.060491668,0.060614493,0.060811648,0.060984166,0.061244123,0.062244262,0.062633507,0.063420295,0.063623294,0.063829049,0.064025944,0.064160455,0.064393531,0.064524761,0.068025962,0.109648672,0.120168059,0.150026092,0.192637247,0.232414745,0.274670828,0.279943384,0.288124012,0.293762882,0.298583234,0.299911773,0.304372382
0.02233517,0.022420112,0.022563794,0.023869074,0.023931877,0.024100695,0.024224503,0.024816046,0.024986238,0.025359718,0.025610318,0.026944478,0.027618351,0.029557963,0.030181588,0.030840425,0.030311821,0.039260516,0.038705762,0.040818948,0.042102313,0.044143462,0.044720569,0.049562805,0.05030609,0.06554979,0.065794808,0.067186375,0.067527778,0.067533924,0.078112669,0.079852454,0.081173477,0.081283464,0.081301835,0.081548596,0.081549438,0.081730575,0.081714823,0.097394781,0.117569185,0.142478212,0.217625329,0.228574647,0.227963025,0.230972734,0.241469183,0.248272847,0.268187878,0.268004164,0.318621075
0.022528368,0.022488668,0.022713066,0.024158082,0.024307398,0.024240049,0.024571591,0.025120464,0.025013109,0.026845697,0.027752615,0.028021518,0.027922215,0.029213114,0.028847357,0.030673579,0.031857685,0.031895477,0.03943827,0.042380925,0.044917397,0.047066074,0.048175468,0.049184188,0.051171878,0.051973217,0.051990636,0.052166915,0.052256417,0.053691667,0.053802823,0.055001355,0.055959092,0.055123907,0.055171626,0.055300034,0.055447982,0.068199572,0.088507611,0.103223798,0.136664227,0.20520242,0.208070782,0.229550207,0.239190165,0.248438228,0.255519827,0.256376211,0.285215923,0.293061236,0.297681929
0.027200693,0.02777639,0.027725312,0.029057719,0.029124237,0.029448267,0.029460375,0.030150439,0.030300003,0.030592431,0.030882558,0.03328557,0.034304873,0.035032512,0.034809679,0.03513397,0.036694656,0.037075176,0.046332055,0.048424675,0.049769611,0.070274165,0.071173366,0.070613514,0.071986025,0.071945021,0.072099293,0.072191513,0.072279119,0.07255943,0.072924323,0.073302897,0.073063631,0.07334048,0.07323827,0.073380016,0.073525529,0.074718781,0.074771741,0.118182377,0.141702283,0.211195656,0.213707114,0.22185952,0.239327166,0.256517093,0.258353081,0.259873108,0.268117701,0.274025298,0.31012783
0.02235812,0.022935733,0.023079192,0.024327198,0.025065983,0.025540769,0.025721938,0.026635092,0.026926453,0.027223781,0.027444629,0.028172248,0.030151131,0.031362092,0.031340165,0.032465235,0.033127911,0.041009134,0.042578017,0.04504562,0.046054532,0.05268402,0.052840718,0.054309609,0.054512135,0.054728943,0.054927643,0.055102754,0.055356044,0.05888141,0.060139408,0.060407335,0.061435365,0.062302906,0.062448065,0.062637619,0.062800481,0.064047476,0.102676296,0.116428079,0.151135919,0.196038771,0.235179835,0.25853081,0.269885332,0.296000939,0.304249466,0.309208428,0.310962542,0.317139362,0.325442846
0.027367339,0.027365129,0.028435331,0.028797736,0.028918139,0.029068186,0.029120202,0.029819404,0.029907281,0.030306613,0.031840672,0.032426723,0.032785362,0.034062986,0.034944221,0.034878072,0.036243556,0.045366198,0.045988184,0.046619398,0.049011542,0.050897798,0.073689705,0.073608949,0.074971977,0.075176731,0.075449845,0.078013697,0.080978435,0.080874646,0.081214028,0.082066872,0.082546715,0.083063753,0.083292356,0.083494065,0.083751849,0.083943792,0.084124573,0.144061886,0.153860087,0.183690118,0.184306864,0.21137993,0.220874724,0.248594244,0.25503275,0.2629196,0.26492593,0.268221955,0.29074697
0.022447352,0.022948916,0.023187209,0.024553948,0.024735745,0.025183997,0.02528958,0.025562237,0.02714522,0.027527393,0.027750769,0.028619484,0.029557909,0.030712077,0.031780636,0.032668651,0.044209743,0.045215576,0.046077898,0.063896214,0.064679977,0.065503916,0.069181849,0.07063875,0.070849921,0.07113576,0.07204029,0.072205175,0.07249549,0.090214353,0.090622059,0.093878161,0.124279291,0.125063148,0.128202202,0.128441799,0.128650243,0.128829537,0.152386686,0.162799429,0.19229102,0.197964719,0.237636504,0.24141665,0.273062215,0.27381139,0.280142143,0.28548832,0.290775943,0.291982811,0.299357311
0.022581215,0.022696415,0.02304456,0.025127422,0.025363277,0.025484729,0.025670597,0.026196112,0.026469062,0.026726588,0.026877942,0.028931518,0.029609284,0.030765695,0.031777811,0.032601685,0.042146002,0.04386276,0.045696304,0.04594442,0.047591553,0.058816371,0.059651092,0.06041991,0.061219302,0.06136205,0.061262982,0.06158972,0.061541473,0.062036073,0.062498164,0.062703568,0.062968025,0.063159286,0.063425711,0.063306007,0.063626948,0.063498423,0.068774344,0.110757769,0.126595483,0.201793749,0.206824238,0.207535634,0.223360188,0.235543495,0.268572778,0.271556421,0.274083817,0.291173991,0.299255854
0.022550164,0.022849677,0.023012649,0.024472913,0.024646049,0.024883993,0.025273975,0.026465671,0.026681377,0.027004836,0.02728094,0.028993614,0.030061028,0.03096956,0.031013552,0.031801312,0.032993679,0.042805758,0.044881678,0.061933763,0.062819012,0.06655952,0.068326112,0.068808112,0.068533421,0.0701836,0.070268107,0.071181459,0.071675133,0.073043175,0.073376496,0.073617097,0.075283137,0.075508076,0.075659663,0.075802201,0.075993194,0.077901727,0.106259321,0.117165308,0.129608617,0.195955425,0.215277132,0.227830386,0.291494795,0.297804234,0.306555946,0.311749127,0.313374685,0.317645244,0.329751318
0.022259552,0.022657103,0.023076687,0.024467947,0.02469206,0.025015938,0.025921707,0.026307537,0.027662056,0.028658716,0.029086555,0.030028358,0.030897497,0.030533941,0.031860748,0.032619739,0.033108463,0.042990265,0.045935031,0.047052717,0.048970717,0.050315678,0.052161058,0.10072653,0.10172359,0.101887535,0.102157892,0.102437282,0.102744525,0.102654263,0.103488676,0.103742513,0.103922251,0.104127543,0.104300718,0.104472218,0.10474776,0.104918833,0.127148456,0.152502445,0.158935995,0.198555992,0.21400111,0.27694623,0.285974475,0.289874258,0.302895744,0.310904523,0.315329631,0.317132882,0.325615931
0.027396072,0.027512959,0.027801488,0.028035013,0.029691776,0.029816372,0.030096494,0.030583273,0.030654131,0.031158411,0.031487116,0.033608212,0.034705575,0.035498786,0.03651286,0.045259231,0.047697126,0.049007135,0.050189784,0.050374533,0.050320853,0.055866841,0.05912499,0.060730826,0.0789663,0.091292623,0.091434796,0.091574848,0.094705345,0.113387548,0.11384003,0.114038983,0.114525675,0.114481627,0.11474815,0.114894434,0.115073025,0.115220154,0.134535955,0.139009337,0.206710074,0.211393615,0.217596726,0.229036394,0.239003232,0.239864854,0.248918735,0.301663861,0.311145085,0.320940938,0.322661631
0.02251784,0.022658845,0.024406158,0.024701515,0.024885751,0.025111703,0.025284328,0.025897117,0.026188064,0.026619999,0.026886634,0.028892322,0.030563343,0.031824712,0.032731284,0.033690806,0.042587203,0.044344068,0.047012668,0.049418807,0.050707673,0.050599576,0.055623315,0.058383233,0.060687042,0.060899479,0.061042323,0.061319063,0.06209484,0.062517346,0.062857184,0.062747359,0.062585036,0.063002165,0.063198279,0.063378328,0.063532023,0.063729095,0.070235311,0.112792468,0.152284961,0.197545142,0.236188521,0.240875662,0.280843649,0.285259229,0.292807366,0.294091671,0.300441789,0.30436702,0.312950562
0.027270237,0.027388798,0.027746746,0.029122275,0.029256914,0.029639934,0.03001678,0.031076109,0.031293074,0.031952298,0.032540684,0.034571474,0.034847414,0.034665987,0.034831879,0.036372831,0.037201666,0.03778412,0.046066812,0.046370008,0.047759993,0.050914723,0.051697438,0.052461544,0.063071578,0.063986128,0.064727235,0.068460537,0.069276202,0.07010463,0.070295101,0.0704701,0.07201013,0.072179255,0.073585382,0.073713896,0.073928373,0.074123436,0.074289135,0.118814811,0.171034124,0.20706589,0.256571958,0.263861985,0.26463155,0.265292023,0.277338769,0.276031969,0.295519815,0.313461211,0.315484577
0.022137582,0.022367098,0.023868553,0.024125508,0.024832999,0.025219963,0.025681861,0.027116439,0.02769315,0.027841046,0.028094619,0.028727583,0.030264296,0.03028101,0.03178216,0.032781433,0.033210803,0.041477447,0.04351648,0.045523996,0.046102972,0.04859958,0.053416477,0.058766003,0.059528335,0.05972941,0.059808107,0.06119658,0.061481705,0.061687053,0.061998172,0.062063376,0.062312876,0.063608864,0.063687514,0.063866165,0.064116189,0.069834809,0.117719577,0.126481198,0.140187987,0.178226842,0.199388715,0.20634466,0.220079217,0.234663556,0.2366773,0.2403537,0.2408395,0.249294582,0.249453426
0.022483024,0.023849765,0.024202536,0.024333226,0.024490888,0.025157183,0.025529156,0.025583396,0.026516742,0.026642111,0.02671712,0.027781711,0.029775571,0.03143659,0.032317605,0.033138521,0.041157773,0.041181941,0.042665244,0.04472441,0.045422789,0.050927633,0.053498078,0.054282766,0.054516291,0.058939613,0.059135798,0.059274375,0.090261503,0.091236251,0.092773387,0.092961751,0.093278731,0.094560067,0.094779516,0.094917274,0.095113678,0.095182533,0.095393294,0.139943301,0.151959255,0.202814259,0.209436477,0.224118583,0.228160842,0.22854551,0.229534799,0.230103908,0.242671751,0.254978711,0.260945055
0.022344686,0.022577073,0.023010882,0.024584206,0.02487844,0.02537855,0.025685624,0.026171671,0.026756014,0.027206331,0.028025808,0.028715231,0.028996276,0.028941381,0.029191613,0.031585177,0.032624137,0.032400398,0.062444304,0.063074976,0.09320865,0.093775551,0.094355977,0.094893275,0.095289953,0.098134368,0.099082938,0.09987063,0.099851444,0.100016327,0.1002462,0.100470885,0.100795307,0.100961352,0.101580767,0.101818532,0.10195711,0.102156812,0.102278011,0.119492333,0.157384647,0.161838299,0.226133827,0.254753354,0.277058288,0.280401907,0.28342075,0.287461339,0.296314289,0.300287057,0.313532128
0.022281633,0.023874189,0.024158389,0.024392093,0.024357707,0.024580028,0.024894143,0.025491837,0.025728316,0.026135004,0.0266324,0.027313033,0.028311246,0.028077459,0.030795409,0.031893904,0.032403916,0.041075643,0.042915878,0.044338706,0.045415461,0.047270773,0.067198655,0.067928179,0.068746603,0.068887537,0.068911769,0.069084805,0.070496453,0.070633131,0.070832809,0.072205218,0.072449705,0.072697621,0.07278054,0.072965587,0.073148964,0.073306175,0.118023891,0.125259708,0.138352737,0.207691522,0.219136915,0.227154467,0.252703422,0.253784808,0.269826763,0.275618326,0.289645632,0.311791681,0.323687864
0.022505418,0.022677039,0.02290415,0.024153089,0.024817537,0.025338803,0.02552837,0.025836181,0.026676947,0.027020142,0.027852416,0.028303277,0.030486748,0.030779854,0.031884238,0.033006021,0.041682184,0.045325983,0.046977725,0.064267477,0.064732276,0.06968188,0.094030207,0.095033624,0.095233612,0.09541585,0.095380027,0.095688686,0.095849472,0.096047713,0.096304256,0.0967503,0.096761995,0.097998632,0.09827364,0.098470231,0.098648166,0.098800152,0.099024558,0.112838093,0.129498736,0.15381638,0.198868022,0.240750136,0.255059991,0.277632391,0.283916056,0.295936241,0.298275372,0.301974015,0.313422096
0.027244259,0.027591674,0.027475806,0.027700486,0.029359625,0.029015163,0.029493242,0.029651968,0.031470494,0.031573144,0.031653161,0.031800361,0.033601171,0.032644631,0.034152995,0.036238013,0.042574431,0.047314218,0.048316232,0.049201022,0.048975677,0.051204448,0.051066233,0.051231952,0.055642042,0.055922654,0.056922518,0.057078722,0.057276897,0.057284174,0.057232796,0.058213789,0.058436194,0.058427687,0.058555791,0.058622041,0.05869863,0.058779909,0.094557918,0.111588215,0.135247167,0.201132351,0.20591668,0.25128721,0.248852954,0.25115773,0.26659457,0.271444251,0.271946541,0.285567282,0.287073797
0.022460132,0.022531503,0.022766511,0.024477349,0.024780237,0.02500238,0.025167523,0.025696274,0.025867816,0.026609433,0.027080188,0.027452238,0.029563496,0.030583611,0.03153763,0.03238984,0.041858238,0.0441907,0.045798109,0.065427757,0.066226929,0.066977925,0.067556784,0.068447222,0.068578717,0.068770767,0.068965443,0.069309891,0.070674433,0.070955896,0.071169401,0.072638107,0.072859363,0.07301585,0.073228817,0.073474778,0.073665214,0.073811824,0.124247303,0.129365013,0.142578867,0.211220758,0.237514876,0.242593396,0.244438534,0.245891164,0.251273509,0.261769008,0.26299721,0.305400511,0.321487806
0.022492118,0.022601112,0.022897957,0.024291464,0.024495181,0.025144085,0.025505454,0.026129478,0.026223488,0.026604078,0.026865971,0.028785779,0.029862248,0.030744409,0.032266038,0.04077627,0.042470815,0.044459593,0.045561163,0.046835776,0.048215661,0.052723072,0.05339351,0.053551403,0.053523031,0.053869224,0.059750359,0.059744247,0.059787632,0.061104157,0.061254771,0.061650177,0.06294114,0.063129162,0.063266256,0.063464003,0.063597094,0.063792236,0.066317211,0.093643926,0.127558653,0.161616953,0.185559627,0.247372677,0.26785511,0.295267509,0.30401657,0.308242691,0.314298595,0.321920085,0.33151312
0.022661503,0.023006291,0.023121306,0.023157051,0.024727596,0.024958241,0.025117006,0.025892294,0.026170585,0.027210082,0.028169448,0.028493158,0.02931316,0.029901743,0.031790638,0.031636944,0.032995249,0.041556972,0.043536166,0.045487142,0.045338221,0.048226118,0.049006305,0.057089549,0.057253266,0.057426037,0.058015089,0.058830866,0.058767053,0.059023248,0.059195045,0.059641722,0.060452398,0.060648743,0.060798366,0.061043296,0.062079136,0.062113214,0.06804878,0.106767861,0.117249907,0.205352788,0.2295387,0.235458521,0.243591568,0.255604422,0.273836766,0.278144372,0.325977954,0.341362176,0.345824517
0.02234053,0.022355656,0.022750929,0.024010745,0.024447576,0.024422893,0.024589018,0.025040458,0.025472588,0.026093733,0.026890749,0.026623183,0.027696917,0.026923785,0.028371814,0.031468606,0.032189828,0.040482094,0.03964857,0.072391191,0.075132854,0.088520897,0.088711242,0.088834821,0.088914118,0.089067426,0.098349918,0.101635331,0.102316555,0.10320153,0.103156212,0.106417914,0.107188926,0.108104177,0.108969699,0.109068228,0.109237757,0.109307292,0.10941876,0.110560341,0.127396598,0.157994557,0.221729926,0.230715042,0.237659512,0.236427542,0.275690951,0.287969246,0.290499277,0.310410644,0.319455811
0.022587607,0.022668586,0.023062886,0.024432049,0.024637882,0.024889888,0.026297858,0.026475269,0.026749994,0.026976468,0.027223111,0.02902942,0.030152605,0.031355933,0.032115372,0.041723364,0.041780338,0.043380423,0.045714419,0.047154755,0.048442486,0.049306554,0.050267665,0.053927753,0.059551547,0.078691227,0.09170972,0.093091433,0.093179628,0.093516941,0.095060945,0.095273121,0.095513666,0.095672588,0.095789967,0.096005375,0.096183218,0.096298094,0.096525399,0.141067743,0.151510094,0.191383116,0.204046989,0.242876659,0.264261365,0.28920112,0.302291669,0.308281502,0.309894533,0.314307035,0.326255688
0.022400225,0.022744746,0.023219608,0.02483453,0.025048093,0.026586812,0.027031921,0.027553648,0.02816629,0.028966829,0.029189649,0.030066377,0.032110938,0.032197482,0.033100678,0.033813579,0.04352731,0.044266201,0.048121235,0.047767759,0.048764302,0.049841235,0.054886145,0.055167867,0.05538969,0.059163494,0.059964259,0.060770538,0.0609038,0.061119516,0.061252839,0.061544861,0.062912897,0.063164133,0.064373621,0.064798742,0.064979865,0.065078707,0.101511179,0.11148994,0.127872396,0.191336619,0.229636047,0.249339373,0.277781995,0.284553734,0.288843011,0.295601585,0.302492768,0.305686892,0.314486127
0.022889016,0.022825398,0.023305495,0.024486754,0.024071816,0.024900883,0.024939424,0.025137827,0.026215421,0.026062933,0.02639425,0.027025841,0.029030139,0.029992843,0.03021714,0.031758204,0.041353324,0.043788822,0.042936322,0.045181957,0.046044098,0.046986091,0.047241372,0.04860262,0.05018018,0.053138697,0.052942814,0.053047783,0.053130444,0.053713,0.05388386,0.0541295,0.054307666,0.056558493,0.057140529,0.057210104,0.058232647,0.067819855,0.105260891,0.10536799,0.116608269,0.156435383,0.190559996,0.212878242,0.225102999,0.228196976,0.233571123,0.236524532,0.246569581,0.248275468,0.24942083
0.027558822,0.028748911,0.029059504,0.029497998,0.029571515,0.029748903,0.030139615,0.031100646,0.031150894,0.031359327,0.031683795,0.033549586,0.034616089,0.035555822,0.035535258,0.035923805,0.03623407,0.037457827,0.046131271,0.04973085,0.052221648,0.054132144,0.056115136,0.058016768,0.058825544,0.059691694,0.060327727,0.060508741,0.060693889,0.062156365,0.062337015,0.062556632,0.063276116,0.063836855,0.064088416,0.064232452,0.064351644,0.06453834,0.10990233,0.121304309,0.131854428,0.211028241,0.239421913,0.251370176,0.264636685,0.269456648,0.281912857,0.285818223,0.318076848,0.325420235,0.326614611
0.022601804,0.022993774,0.023164431,0.024608238,0.024808541,0.025020088,0.025155509,0.0261648,0.026746622,0.027128756,0.027569053,0.0294276,0.030784418,0.031352412,0.032096516,0.032187773,0.033332495,0.040673369,0.041019212,0.042840027,0.044421249,0.04636708,0.049290326,0.049783022,0.066757225,0.069039496,0.089888953,0.105986532,0.106809851,0.106984904,0.107099237,0.108485791,0.108731692,0.109882346,0.110106893,0.110303614,0.110470321,0.11071148,0.110851672,0.143945495,0.160455506,0.16964149,0.238057378,0.296071272,0.302829111,0.30306204,0.30621026,0.315503587,0.318000321,0.319227772,0.326791167
0.02226179,0.023119357,0.023850676,0.023459854,0.024240182,0.02399488,0.024427925,0.02478834,0.024922537,0.02507719,0.025140602,0.027077802,0.027994054,0.02880866,0.029800614,0.029236363,0.029390904,0.031115985,0.039811802,0.042060942,0.041413213,0.043517761,0.044294777,0.045451396,0.048689791,0.04950123,0.050240693,0.050416047,0.052407663,0.051769809,0.051940897,0.052132835,0.052136789,0.053122135,0.053285982,0.053502598,0.054837733,0.072186522,0.092114909,0.130351795,0.156876026,0.189740112,0.219270604,0.23505906,0.236155502,0.253391472,0.260194091,0.258340319,0.263308632,0.279785368,0.280236448
0.022663111,0.022993189,0.023174943,0.024506585,0.025353859,0.025406836,0.025979193,0.026149449,0.026586755,0.02693887,0.02733472,0.029095211,0.030264915,0.031143736,0.03194443,0.03271074,0.033431656,0.044304945,0.046207622,0.047867161,0.048973707,0.059077107,0.059008681,0.060126816,0.06025007,0.061006497,0.061071781,0.061287897,0.061498206,0.061578987,0.061756501,0.06198202,0.062852669,0.063078554,0.06321418,0.063313276,0.063500168,0.069458154,0.128871247,0.12905605,0.13628678,0.141928794,0.158443689,0.178938242,0.235024594,0.237128853,0.239710862,0.244776853,0.274554228,0.281814728,0.290365879
0.022424867,0.022519416,0.022625492,0.023232825,0.024368488,0.024272536,0.024704099,0.025045251,0.025274199,0.025465559,0.025778321,0.027525669,0.028093478,0.028845122,0.039760003,0.041871337,0.042390535,0.042550777,0.042842012,0.045364227,0.045858059,0.047218076,0.047543868,0.048620365,0.048831492,0.049588433,0.049977168,0.051279453,0.061806886,0.06181852,0.062122169,0.062121336,0.063729111,0.064184156,0.063603125,0.063681099,0.063784406,0.063896236,0.107526776,0.119167325,0.139443581,0.205565056,0.215194692,0.224056155,0.228399096,0.246959423,0.247557241,0.250011396,0.251124766,0.26403802,0.270864388
0.022265391,0.022578758,0.022824064,0.023115609,0.024931308,0.025149926,0.025319664,0.025924488,0.026178599,0.026471018,0.026867174,0.028864361,0.030131408,0.030868647,0.032335982,0.033229865,0.041743093,0.043286661,0.045079647,0.047445673,0.048516731,0.049905828,0.054443964,0.05876658,0.058540657,0.059735226,0.068550344,0.088767948,0.088960587,0.089118805,0.089384824,0.089588626,0.089870639,0.091048183,0.090942678,0.091252479,0.091432738,0.091576118,0.091744934,0.091940606,0.128246869,0.169267411,0.200046525,0.21037005,0.225734281,0.241579161,0.246870734,0.255014573,0.280701526,0.284666793,0.286535116
