6148,450,291,779,6148,558,879,1171,199,2692,1004,2545,2803,7985,331,3767,561,1895,4107,3853,3593,17367,3772,387,4451,918,609,3479,3825,6265,108969,777,5751,637,509,451,354,423,390,169311,104901,66342,56607,167692,163409,84532,62572,190006,192356,122609,18227
6148,6148,450,291,558,779,199,2692,879,1171,1004,7985,331,4107,3853,3479,2545,6265,2803,1895,4451,3825,17367,3767,3593,3772,561,387,609,918,777,5751,637,509,451,354,423,390,104901,169311,66342,167692,56607,108969,163409,62572,84532,122609,18227,190006,192356
6148,450,558,6148,779,291,1171,199,7985,2692,879,1004,4451,3479,387,354,3853,1895,2803,3825,2545,4107,17367,3767,3593,3772,331,561,918,6265,609,777,5751,637,451,509,104901,169311,423,66342,390,167692,56607,190006,108969,84532,163409,62572,122609,192356,18227
6148,450,291,6148,558,779,199,2692,879,1004,1171,4107,3853,7985,3772,3825,561,2545,3479,2803,4451,1895,17367,3767,3593,331,387,918,6265,609,777,5751,637,509,354,451,423,390,104901,56607,66342,169311,167692,108969,163409,84532,122609,62572,18227,190006,192356
6148,450,291,6148,558,779,199,2692,879,1171,7985,1004,4451,3479,3825,2545,169311,3772,3593,3767,331,387,918,561,1895,609,56607,3853,6265,4107,777,2803,5751,17367,637,509,451,354,423,390,66342,104901,108969,163409,167692,62572,190006,84532,122609,192356,18227
6148,450,291,6148,558,199,779,2692,1171,879,4451,3825,3853,1004,3772,3479,6265,637,2545,4107,7985,2803,1895,17367,3593,3767,331,387,918,609,561,777,5751,509,451,354,390,169311,423,104901,66342,167692,108969,163409,56607,84532,62572,122609,18227,190006,192356
6148,450,291,6148,558,779,199,2692,879,2545,1171,1004,7985,3479,3825,2803,4451,66342,4107,17367,3767,3772,3853,561,331,387,1895,3593,918,777,6265,5751,609,637,509,451,354,390,423,104901,167692,169311,56607,190006,108969,163409,84532,62572,122609,18227,192356
6148,6148,450,558,291,779,199,2692,879,1171,1004,7985,4451,2545,3479,3825,1895,2803,6265,3853,4107,3767,5751,637,17367,451,354,3772,3593,561,331,387,918,609,777,509,423,390,169311,104901,66342,167692,56607,108969,163409,84532,62572,122609,18227,190006,192356
6148,450,291,6148,558,779,199,2692,879,1171,1004,7985,4451,4107,609,3479,2803,3853,1895,354,2545,3825,3767,17367,3593,3772,331,561,387,918,777,6265,5751,637,509,451,423,390,169311,104901,66342,167692,56607,108969,163409,62572,84532,122609,18227,190006,192356
6148,450,291,6148,558,779,199,2692,879,1171,1004,4451,3825,7985,2545,777,4107,2803,1895,3479,17367,3853,354,169311,331,3772,561,387,918,6265,609,637,5751,509,167692,451,3593,423,390,104901,3767,66342,56607,108969,163409,84532,62572,122609,18227,190006,192356
6148,450,291,6148,558,779,199,2692,879,1171,4107,2803,1004,3825,7985,2545,1895,451,390,3479,387,3853,4451,17367,3767,3593,331,3772,561,918,6265,609,777,5751,637,509,354,423,169311,104901,66342,167692,56607,108969,163409,84532,122609,62572,18227,190006,192356
6148,291,450,6148,558,779,199,879,2692,1171,2545,1004,387,918,777,4451,3479,66342,3825,163409,4107,62572,1895,3853,2803,3767,17367,3772,331,561,7985,3593,6265,609,5751,637,509,451,354,423,390,104901,169311,167692,56607,84532,108969,190006,192356,122609,18227
6148,450,6148,291,199,2692,879,558,779,7985,1171,4451,1004,918,777,3479,4107,3853,1895,2803,3825,3593,2545,3772,17367,3767,331,561,6265,387,609,5751,637,509,451,354,423,390,169311,104901,66342,167692,56607,108969,163409,62572,84532,190006,122609,18227,192356
6148,450,291,6148,558,779,199,2692,879,1171,1004,7985,4451,3479,3825,2545,3853,2803,1895,4107,17367,3767,3593,3772,561,331,387,918,6265,777,609,5751,637,509,451,354,423,390,169311,104901,167692,56607,66342,108969,163409,84532,62572,122609,18227,190006,192356
6148,450,291,6148,558,779,199,2692,1004,879,1171,2545,4451,3479,3825,3853,2803,7985,1895,3767,4107,3593,122609,3772,331,561,17367,918,387,609,6265,451,637,5751,777,509,354,390,423,169311,66342,104901,167692,56607,84532,190006,108969,163409,62572,18227,192356
6148,450,291,6148,558,779,199,879,2692,1171,3825,1004,7985,4451,3479,2545,4107,609,2803,390,3853,1895,104901,3767,17367,3772,331,3593,561,387,6265,918,777,637,5751,509,423,354,451,169311,66342,167692,56607,108969,163409,84532,62572,122609,18227,190006,192356
6148,450,291,6148,558,779,199,2692,879,1171,1004,7985,4451,1895,2803,3825,5751,3479,3853,4107,2545,17367,3772,3593,561,331,387,918,6265,777,609,637,509,451,104901,354,423,390,3767,169311,66342,167692,56607,84532,108969,163409,62572,122609,18227,190006,192356
6148,779,6148,450,291,558,2692,199,879,1004,2545,1171,2803,451,390,3772,3479,84532,4451,7985,4107,561,3825,918,609,3853,1895,17367,3767,3593,777,331,387,6265,637,5751,509,354,423,169311,104901,66342,167692,108969,56607,163409,190006,122609,192356,62572,18227
6148,450,291,6148,558,779,199,2692,879,1171,1004,7985,4451,4107,2545,3772,3479,2803,3825,1895,3853,3767,3593,17367,561,331,390,918,6265,56607,387,609,5751,777,637,451,354,509,423,169311,104901,66342,167692,163409,108969,84532,122609,62572,18227,190006,192356
6148,450,291,6148,558,779,199,2692,879,1171,2545,1004,3825,4451,7985,2803,3853,3767,3479,4107,17367,3772,3593,561,1895,331,387,918,6265,609,777,5751,509,637,451,354,423,390,169311,66342,167692,104901,190006,108969,84532,56607,163409,62572,122609,18227,192356
6148,450,291,6148,558,779,199,2692,879,1004,1171,4451,3825,637,3479,7985,66342,2803,4107,2545,17367,3853,1895,3767,3593,331,3772,918,561,387,6265,609,777,5751,509,451,354,423,169311,390,104901,167692,56607,163409,62572,190006,192356,84532,108969,122609,18227
6148,450,291,558,6148,779,199,2692,879,1171,1004,2803,7985,4451,561,3479,3825,637,2545,609,777,5751,509,451,354,423,390,4107,1895,17367,3767,331,387,3772,3853,3593,918,6265,169311,104901,66342,167692,56607,163409,108969,62572,122609,84532,18227,190006,192356
6148,450,291,6148,558,779,199,2692,879,3825,1004,7985,4451,3479,1171,2545,637,3853,2803,3767,4107,104901,1895,3593,3772,387,17367,331,918,561,509,451,354,423,6265,609,777,5751,169311,390,66342,167692,56607,108969,163409,84532,122609,62572,18227,190006,192356
6148,450,558,291,6148,779,199,2692,879,1171,1004,7985,2545,4451,2803,3479,3853,5751,3825,4107,17367,3593,390,1895,3772,66342,3767,331,918,561,387,609,6265,637,777,509,423,354,451,169311,104901,167692,56607,108969,163409,84532,62572,192356,122609,18227,190006
6148,450,291,6148,558,779,3825,199,2692,387,879,1171,1004,66342,7985,4451,3479,2545,4107,2803,17367,3853,3593,1895,3767,3772,331,561,918,6265,609,637,5751,509,451,354,777,423,390,169311,104901,167692,56607,108969,122609,190006,163409,84532,192356,62572,18227
6148,291,450,6148,199,558,779,2692,3479,2803,879,387,2545,1171,354,390,66342,777,5751,509,637,451,423,108969,4451,7985,4107,1895,3853,1004,3825,3772,331,17367,3767,3593,561,918,609,6265,169311,104901,167692,56607,190006,163409,84532,192356,122609,62572,18227
6148,450,6148,291,558,779,199,2692,879,1171,7985,1004,1895,4451,3825,2545,2803,3853,390,4107,5751,104901,3772,331,387,561,918,777,56607,3593,17367,3767,6265,609,3479,637,451,509,354,423,169311,66342,167692,108969,163409,62572,84532,122609,18227,190006,192356
6148,450,291,6148,558,779,199,2692,879,1171,1004,3479,4107,2545,3853,7985,2803,1895,4451,509,3825,17367,3767,104901,3593,3772,331,561,387,918,6265,609,777,5751,637,451,354,169311,390,423,66342,167692,190006,56607,163409,108969,62572,84532,122609,18227,192356
6148,450,291,6148,558,779,199,2692,879,1171,7985,4451,1004,2545,4107,918,2803,3479,3853,451,3825,1895,3767,104901,17367,3593,331,3772,561,387,6265,609,777,5751,509,637,423,354,390,122609,169311,66342,167692,56607,108969,163409,84532,62572,18227,190006,192356
6148,450,6148,291,779,558,199,2692,879,4451,1171,1004,7985,3479,609,3853,2803,1895,3825,2545,3767,4107,17367,3593,3772,331,561,387,918,6265,777,5751,637,509,451,354,423,390,169311,104901,66342,56607,167692,108969,163409,62572,84532,122609,18227,190006,192356
6148,450,291,6148,558,779,199,3825,4107,17367,2692,879,1004,7985,3479,1171,4451,2545,2803,3853,1895,3767,3593,609,331,3772,777,5751,561,918,387,6265,637,509,451,423,354,390,169311,104901,66342,167692,56607,108969,163409,84532,62572,192356,122609,18227,190006
6148,450,6148,558,291,779,199,2692,879,1004,4451,2545,3479,4107,509,2803,7985,3825,3767,918,387,609,167692,1171,3853,1895,331,561,17367,3593,3772,6265,5751,637,777,451,354,390,169311,104901,66342,423,56607,108969,163409,84532,190006,192356,62572,122609,18227
6148,450,291,6148,558,779,199,2692,879,1171,1004,7985,4451,3825,3479,17367,2545,4107,918,2803,3853,1895,3767,637,3593,331,169311,3772,561,387,6265,609,777,5751,509,451,354,423,390,104901,66342,167692,56607,108969,163409,84532,122609,62572,18227,190006,192356
6148,450,291,6148,558,779,199,2692,879,1171,3479,1004,3853,7985,4107,2803,509,2545,1895,4451,3825,190006,163409,387,918,777,17367,3593,3767,5751,331,561,3772,6265,609,637,451,354,423,390,169311,104901,66342,167692,56607,108969,84532,62572,122609,18227,192356
6148,450,291,6148,558,779,199,2692,879,1171,1004,7985,2545,4451,3479,2803,3825,1895,4107,561,3593,17367,3853,3772,331,3767,918,6265,387,609,5751,637,509,777,451,354,423,169311,104901,390,66342,56607,167692,108969,163409,84532,122609,62572,18227,192356,190006
6148,450,291,558,6148,779,879,199,2692,7985,1171,1004,1895,4451,3479,3825,5751,4107,509,2545,6265,2803,3767,387,609,777,637,354,451,390,423,3853,331,3593,3772,561,17367,918,169311,104901,66342,167692,56607,108969,84532,62572,163409,122609,18227,190006,192356
6148,450,291,6148,558,779,199,2692,4451,2803,879,609,1171,1004,7985,3479,2545,3853,1895,3825,3772,4107,331,17367,3767,3593,561,387,918,6265,777,5751,637,509,451,354,423,390,169311,66342,167692,104901,56607,108969,163409,84532,62572,122609,18227,190006,192356
6148,450,291,6148,199,558,779,2692,879,1171,1004,7985,4451,2545,2803,3479,1895,3825,387,4107,3853,3593,3767,3772,17367,331,561,918,62572,6265,609,777,5751,637,509,451,354,390,169311,423,56607,104901,167692,108969,66342,84532,163409,122609,18227,192356,190006
6148,450,291,6148,558,779,2692,199,879,1171,1004,7985,4451,3479,3825,2803,6265,3853,2545,1895,4107,3767,17367,3593,3772,331,561,387,918,609,777,5751,637,509,451,354,423,390,169311,104901,66342,56607,167692,190006,163409,108969,62572,84532,122609,18227,192356
6148,450,6148,291,558,779,199,2692,879,1171,1004,7985,4107,4451,3853,637,3825,2803,451,3772,1895,3479,2545,66342,17367,3767,3593,331,561,387,918,6265,609,777,5751,509,354,390,423,169311,104901,167692,56607,108969,163409,122609,190006,84532,62572,192356,18227
6148,450,291,558,6148,779,199,2692,879,1171,1004,7985,4451,3479,918,4107,509,3825,2803,2545,5751,17367,3767,3593,561,1895,387,3853,3772,331,6265,777,609,637,451,354,423,390,169311,104901,66342,167692,56607,108969,163409,84532,62572,192356,122609,18227,190006
6148,291,450,6148,558,779,199,2692,4107,1171,879,1004,7985,918,4451,609,354,3479,3825,2545,167692,2803,163409,3853,1895,17367,3593,3767,3772,331,561,387,6265,5751,777,637,509,451,390,423,169311,104901,56607,84532,66342,108969,62572,190006,122609,192356,18227
6148,450,291,6148,558,779,199,2692,879,1171,1004,4451,7985,3772,2803,3479,2545,4107,1895,3853,3825,17367,3593,331,561,387,918,6265,609,777,5751,637,451,509,354,390,423,169311,56607,3767,104901,66342,167692,108969,163409,84532,62572,122609,18227,190006,192356
6148,450,291,558,6148,199,879,779,2692,1171,1004,2545,7985,4451,3767,3479,6265,2803,4107,3825,3853,1895,3593,17367,423,331,3772,561,122609,387,918,609,777,5751,637,509,451,354,390,169311,104901,66342,167692,56607,163409,108969,84532,62572,18227,190006,192356
6148,450,291,6148,779,558,199,879,17367,4107,2692,1171,7985,423,1004,5751,169311,4451,104901,84532,331,2545,3825,3479,3853,1895,2803,3767,3593,3772,561,387,6265,918,777,609,637,509,354,451,390,66342,167692,56607,190006,108969,192356,163409,62572,122609,18227
6148,450,291,6148,558,779,199,2692,879,1171,7985,1004,4451,2803,3479,3825,4107,1895,2545,3853,561,777,17367,3767,3593,3772,331,387,918,6265,609,5751,637,509,451,354,423,390,169311,104901,167692,66342,56607,108969,163409,84532,190006,122609,62572,18227,192356
6148,450,291,6148,558,779,199,2692,879,1171,4107,3853,1004,4451,509,2803,1895,7985,3479,918,3825,609,777,169311,3767,3593,3772,17367,331,561,387,6265,5751,637,2545,451,354,423,390,104901,56607,167692,66342,108969,163409,84532,122609,62572,18227,190006,192356
6148,450,291,6148,558,779,199,2692,879,4107,7985,777,1171,1004,2803,2545,3853,3825,4451,1895,3479,17367,3767,3593,3772,331,561,6265,387,609,918,5751,637,509,451,354,104901,423,390,169311,66342,167692,56607,163409,84532,108969,122609,190006,62572,192356,18227
6148,291,450,6148,558,199,779,2692,879,1004,1171,3593,4451,3479,2545,423,7985,3853,3825,62572,4107,2803,1895,3767,3772,17367,561,331,387,918,6265,609,637,509,777,5751,354,451,169311,167692,104901,66342,390,84532,56607,108969,163409,122609,18227,190006,192356
6148,450,291,6148,558,779,199,2692,879,1171,1004,4451,7985,3479,2803,3825,3853,451,777,4107,1895,2545,17367,390,3593,3772,163409,609,122609,3767,331,561,387,918,6265,5751,637,509,354,423,169311,104901,66342,167692,190006,108969,56607,62572,84532,192356,18227
6148,450,291,6148,558,779,199,2692,879,3479,1171,1004,777,7985,4451,3825,2545,56607,423,84532,390,2803,3853,4107,1895,3772,17367,3593,3767,561,331,387,918,6265,609,5751,637,451,509,354,104901,169311,66342,167692,108969,163409,190006,62572,192356,122609,18227
6148,450,6148,558,291,779,199,2692,879,1171,7985,1004,3853,3825,561,3479,2545,4107,2803,1895,3772,4451,17367,3767,3593,331,387,56607,918,122609,6265,609,777,5751,637,509,451,354,169311,390,104901,423,167692,66342,108969,84532,190006,163409,62572,192356,18227
6148,450,291,6148,558,779,199,2692,879,1004,1171,4451,1895,609,3479,3593,3825,7985,2545,17367,4107,2803,3853,167692,3767,561,918,331,3772,387,6265,777,5751,84532,637,509,451,423,354,169311,390,104901,66342,56607,108969,163409,122609,62572,18227,190006,192356
6148,450,291,6148,558,779,199,2692,879,1171,1004,7985,3479,331,2545,3825,4451,1895,4107,637,3853,451,2803,609,17367,3767,3593,3772,561,387,6265,918,777,5751,509,423,390,169311,354,104901,66342,167692,56607,108969,163409,84532,62572,122609,18227,190006,192356
6148,450,6148,291,558,779,199,2692,879,3479,1171,1004,3825,2545,777,1895,4451,104901,7985,6265,609,56607,3853,17367,4107,2803,3767,3593,3772,331,561,387,918,5751,637,509,451,354,390,423,169311,66342,167692,108969,163409,190006,192356,62572,84532,122609,18227
6148,450,291,6148,558,779,199,2692,879,1171,1004,7985,4451,3825,2545,4107,3853,3479,2803,387,637,1895,17367,3767,169311,3593,561,3772,331,918,6265,609,777,5751,509,451,354,423,390,104901,167692,56607,66342,108969,84532,163409,122609,62572,18227,192356,190006
6148,450,291,6148,558,779,199,2692,879,1171,1004,7985,4451,3479,2545,6265,4107,3593,451,3825,2803,3853,1895,17367,3767,3772,561,331,918,387,777,5751,637,609,509,354,423,390,169311,104901,66342,167692,56607,190006,108969,163409,62572,84532,122609,18227,192356
6148,291,450,6148,558,779,199,1004,879,1895,2692,1171,7985,4451,3479,3825,104901,56607,163409,3593,3767,609,5751,637,509,62572,2545,4107,2803,17367,3853,3772,331,561,387,918,777,6265,451,354,423,390,169311,66342,167692,108969,84532,192356,122609,18227,190006
6148,450,291,199,558,6148,779,2692,879,1171,331,1004,7985,4451,3825,423,3853,2545,2803,1895,3479,3767,4107,17367,3593,3772,561,387,609,6265,918,777,637,509,5751,354,451,390,169311,104901,66342,190006,56607,108969,167692,84532,163409,62572,122609,18227,192356
6148,6148,450,291,558,779,199,2692,879,1171,1004,3479,4451,918,3853,7985,2545,3825,354,3767,1895,4107,2803,104901,17367,331,167692,62572,3772,3593,561,387,777,6265,609,5751,509,637,451,423,390,169311,66342,56607,163409,108969,84532,122609,18227,190006,192356
6148,450,291,6148,558,779,199,2692,879,1004,1171,4107,7985,4451,3479,1895,387,2545,2803,3825,17367,637,509,3853,3767,3593,169311,3772,331,561,918,451,354,423,390,6265,609,777,5751,104901,56607,167692,66342,108969,163409,84532,62572,122609,18227,190006,192356
6148,291,6148,450,779,558,199,2692,879,1171,1004,7985,3479,2545,4451,2803,3853,387,3825,609,17367,4107,3772,423,3767,3593,331,1895,561,918,6265,5751,777,637,509,354,451,390,169311,167692,66342,190006,104901,56607,108969,163409,84532,62572,122609,18227,192356
6148,450,291,6148,558,779,199,2692,879,1171,1004,7985,4451,3825,3479,2545,17367,2803,5751,4107,1895,509,3853,3767,451,3593,3772,331,387,918,6265,561,609,777,637,354,390,423,169311,104901,56607,163409,84532,108969,167692,66342,62572,122609,18227,190006,192356
6148,450,291,6148,558,779,199,2692,879,1171,1004,3825,3772,2545,7985,2803,4107,3853,1895,4451,3479,17367,3593,3767,331,561,387,918,6265,609,777,637,509,5751,451,354,423,390,169311,104901,66342,167692,56607,108969,163409,190006,192356,84532,62572,122609,18227
6148,291,450,6148,558,199,779,2692,879,1004,1171,7985,4451,3853,2545,3825,2803,637,390,354,4107,777,331,3479,104901,1895,17367,3767,3772,3593,561,387,918,6265,609,5751,509,451,423,169311,66342,167692,56607,108969,163409,84532,122609,62572,192356,18227,190006
6148,450,291,6148,558,779,199,2692,879,1171,1004,7985,509,4107,3853,4451,2803,3479,331,3825,609,2545,17367,3767,3593,1895,3772,561,387,918,6265,5751,777,637,451,354,390,423,169311,66342,104901,167692,56607,108969,163409,122609,62572,84532,18227,190006,192356
6148,450,291,6148,558,779,199,2692,879,1171,1004,7985,4451,2803,3479,331,609,2545,1895,423,3767,4107,387,3853,3825,3593,17367,163409,3772,561,918,6265,777,5751,637,509,451,354,390,169311,104901,66342,167692,56607,108969,84532,62572,122609,18227,190006,192356
6148,450,291,558,6148,779,199,2692,879,1171,1004,4451,7985,3479,3853,2545,17367,4107,2803,1895,3825,66342,3593,331,3767,3772,918,561,387,6265,609,637,509,777,5751,451,423,354,390,163409,169311,104901,167692,56607,108969,84532,62572,122609,18227,190006,192356
6148,450,291,6148,558,779,199,2692,879,1004,1171,3479,7985,3825,4451,1895,3853,2803,4107,3767,609,2545,918,3593,17367,3772,561,331,387,6265,777,5751,637,509,354,451,423,169311,390,104901,66342,167692,56607,163409,84532,122609,108969,62572,18227,190006,192356
6148,450,291,6148,558,779,199,2692,879,1171,1004,7985,4451,509,354,3479,66342,3825,2545,4107,2803,3853,17367,1895,3767,3593,3772,331,561,387,918,6265,777,609,5751,637,451,423,390,169311,104901,108969,56607,163409,62572,122609,190006,167692,192356,84532,18227
6148,450,291,6148,558,779,199,2692,879,1171,1004,2803,2545,7985,561,3479,4451,3853,4107,1895,354,3825,17367,3767,3593,3772,331,387,918,6265,609,777,5751,637,509,451,423,390,169311,66342,167692,104901,108969,163409,190006,84532,62572,122609,56607,18227,192356
6148,450,6148,558,291,779,199,2692,879,1171,1004,7985,4451,3479,2545,2803,3853,4107,6265,1895,3825,777,3767,17367,169311,3593,3772,331,561,387,918,609,163409,5751,637,451,509,354,423,390,104901,66342,167692,56607,108969,62572,84532,190006,122609,18227,192356
6148,291,450,6148,558,3825,779,199,2692,609,879,509,169311,1004,1171,4451,7985,4107,2545,3853,2803,3772,3479,1895,17367,3593,3767,561,387,331,918,6265,5751,777,637,354,423,451,390,66342,104901,167692,56607,108969,122609,84532,163409,62572,18227,190006,192356
6148,450,291,558,779,6148,199,2692,879,1171,1004,7985,3593,4451,3479,3853,2545,2803,1895,3767,423,4107,3825,3772,17367,331,387,609,561,5751,6265,918,777,509,637,451,354,169311,104901,167692,390,66342,56607,190006,108969,163409,84532,122609,62572,18227,192356
6148,450,291,558,6148,779,199,2692,879,1004,2545,1171,7985,3593,423,3479,4107,3825,509,4451,167692,2803,3853,1895,17367,609,3767,3772,331,561,387,918,6265,777,5751,637,451,354,390,169311,104901,66342,56607,108969,163409,84532,62572,122609,18227,192356,190006
6148,450,6148,558,291,779,2692,199,7985,4107,879,1171,1004,4451,2545,451,2803,3825,3479,56607,3853,1895,3767,331,3593,777,509,354,390,423,17367,3772,561,387,918,609,6265,5751,637,169311,104901,66342,167692,190006,163409,192356,84532,122609,108969,62572,18227
6148,450,291,6148,558,779,199,2692,879,1171,1004,4107,2803,7985,4451,3479,331,390,609,3825,2545,66342,3853,1895,17367,3593,3772,561,3767,6265,918,387,777,5751,637,509,354,451,423,169311,104901,167692,56607,108969,163409,62572,190006,84532,192356,122609,18227
6148,450,291,6148,558,779,199,2692,879,3479,1171,1004,7985,4107,4451,1895,3825,3853,2545,2803,17367,777,3593,3767,3772,331,56607,387,561,918,6265,609,5751,637,509,451,354,423,390,169311,104901,66342,167692,108969,163409,84532,62572,122609,18227,190006,192356
6148,450,291,779,6148,558,199,2692,879,1171,1004,7985,4451,3593,3479,2803,3853,2545,3825,4107,17367,561,3767,3772,1895,331,387,918,6265,609,777,5751,637,509,451,354,423,390,169311,104901,66342,167692,56607,108969,163409,84532,122609,62572,18227,190006,192356
6148,6148,450,291,558,779,1171,199,2803,2692,331,879,1004,7985,3479,3825,104901,2545,4107,3853,3767,4451,3593,1895,561,387,17367,3772,6265,918,609,777,5751,637,509,451,354,423,390,169311,66342,56607,167692,108969,84532,163409,62572,122609,18227,192356,190006
6148,450,6148,558,291,779,199,2692,879,1171,7985,1004,3479,4451,3825,2545,451,2803,4107,3853,1895,777,17367,3593,3772,331,561,3767,387,6265,918,609,5751,637,509,354,423,390,169311,104901,66342,56607,190006,167692,108969,84532,122609,163409,62572,18227,192356
6148,450,291,6148,558,779,199,2692,879,918,609,1171,1004,354,7985,3825,169311,3479,4451,2545,4107,3593,3853,2803,3772,108969,1895,3767,17367,387,561,331,6265,777,5751,637,509,451,423,390,104901,66342,167692,56607,163409,84532,62572,192356,122609,18227,190006
6148,450,291,6148,558,779,199,2692,879,1171,7985,1004,2545,3479,3825,4451,2803,3853,1895,4107,108969,17367,3767,331,62572,561,3772,6265,387,609,918,777,5751,637,509,451,354,390,423,104901,167692,66342,169311,56607,163409,122609,84532,3593,18227,190006,192356
6148,450,291,6148,558,779,879,199,2692,1171,1004,7985,3593,331,6265,2545,390,3767,3479,3825,4451,3853,4107,2803,1895,17367,3772,561,918,387,777,609,5751,637,509,451,354,423,169311,104901,66342,56607,167692,108969,163409,84532,62572,122609,18227,190006,192356
6148,450,291,6148,558,779,199,1004,2692,879,4107,331,1171,7985,5751,3825,4451,3479,66342,2545,2803,1895,3853,17367,561,3767,3772,3593,918,387,777,609,637,509,451,354,423,6265,390,169311,104901,167692,56607,108969,163409,122609,84532,62572,18227,190006,192356
6148,450,291,6148,558,779,199,2692,879,1171,1004,3479,4107,3825,7985,4451,3853,1895,6265,3593,390,17367,561,2545,2803,918,3767,331,3772,387,609,777,637,5751,509,451,354,423,169311,104901,167692,56607,66342,108969,163409,84532,62572,190006,122609,18227,192356
6148,450,291,6148,558,779,199,2692,879,1004,4451,3825,1171,561,7985,2545,3479,17367,4107,2803,1895,390,3593,3853,331,3772,918,387,6265,609,777,5751,637,509,451,354,423,3767,104901,66342,167692,169311,56607,190006,108969,163409,84532,62572,122609,18227,192356
6148,450,291,6148,558,779,199,2692,879,1171,7985,4451,2803,3479,918,17367,6265,1004,3825,1895,4107,423,2545,637,509,451,354,390,169311,3593,3767,3853,3772,331,561,387,609,777,5751,104901,66342,167692,56607,190006,108969,163409,84532,62572,122609,192356,18227
6148,450,6148,558,291,779,199,2692,879,1171,1004,7985,4451,3479,3825,2545,1895,3853,2803,4107,3767,3593,17367,331,561,387,918,609,6265,66342,3772,5751,777,637,451,509,423,354,390,104901,169311,167692,56607,163409,62572,84532,122609,108969,192356,18227,190006
6148,450,6148,558,291,779,199,2692,879,1171,1895,1004,7985,4451,3825,3479,2545,609,390,2803,3853,4107,17367,3767,3593,3772,331,561,387,918,6265,777,5751,637,509,451,354,423,66342,56607,169311,167692,104901,163409,84532,108969,62572,122609,18227,190006,192356
6148,450,291,558,6148,199,779,2692,879,1004,1171,2545,7985,4451,3593,331,3853,4107,2803,451,1895,3479,3825,169311,17367,3767,167692,3772,561,387,918,6265,609,777,5751,637,509,354,423,390,104901,66342,56607,190006,108969,163409,84532,62572,122609,18227,192356
6148,450,291,6148,558,2692,779,199,879,1171,1004,7985,4451,331,3825,3479,3593,2545,3767,3853,2803,1895,4107,17367,3772,561,387,918,609,6265,777,637,5751,509,451,423,354,390,169311,104901,66342,167692,56607,190006,163409,62572,122609,108969,84532,18227,192356
6148,450,291,6148,558,779,199,2692,879,1004,7985,2545,2803,1171,3767,4107,4451,3853,3479,1895,3825,17367,3593,918,387,3772,331,561,6265,609,777,5751,637,509,451,354,423,390,169311,104901,66342,56607,167692,108969,163409,122609,62572,84532,18227,190006,192356
6148,450,291,6148,558,199,779,2692,879,1004,4107,1171,3767,3479,609,7985,637,354,3825,2803,3772,3593,387,561,777,5751,509,451,390,4451,2545,3853,1895,17367,918,331,6265,169311,104901,423,66342,56607,108969,163409,84532,167692,122609,62572,18227,190006,192356
6148,450,291,6148,199,558,779,2692,879,1171,3479,7985,4451,1004,3825,4107,1895,2803,609,3853,423,3767,2545,17367,331,561,3593,3772,387,918,6265,777,5751,637,509,451,354,390,62572,169311,104901,66342,167692,56607,108969,163409,84532,122609,18227,190006,192356
6148,291,558,450,199,6148,779,2692,879,1171,1004,7985,4451,3853,3772,331,509,3825,2545,918,3479,104901,4107,2803,1895,17367,3767,3593,561,387,6265,609,777,637,451,5751,354,390,169311,423,66342,167692,56607,108969,122609,84532,62572,192356,163409,18227,190006
6148,450,291,6148,558,779,199,879,2692,1171,1004,7985,4451,2545,2803,3853,3479,3825,4107,17367,918,3767,3593,3772,387,423,1895,561,331,6265,777,609,5751,637,509,451,390,169311,354,104901,66342,167692,56607,190006,163409,84532,122609,62572,108969,18227,192356
6148,450,291,6148,558,779,199,2692,1004,879,1171,7985,331,4451,3479,509,3825,423,1895,4107,2803,3853,2545,3767,3593,17367,3772,387,918,6265,561,777,609,637,5751,451,354,390,169311,104901,66342,56607,167692,108969,163409,84532,192356,122609,62572,18227,190006
6148,450,291,6148,558,779,199,2692,2545,1004,1171,2803,879,7985,4451,3479,3853,84532,4107,1895,3825,777,637,17367,387,509,3767,451,354,423,3593,390,918,561,3772,331,6265,609,5751,66342,104901,169311,167692,163409,108969,56607,62572,122609,18227,190006,192356
6148,450,291,6148,558,779,199,2692,879,1171,4451,7985,561,3479,1004,3825,3853,2545,1895,3767,2803,3593,4107,17367,3772,331,918,387,6265,777,609,5751,637,509,354,451,423,390,169311,104901,163409,167692,66342,56607,108969,84532,62572,122609,18227,190006,192356
