6148,6148,450,291,558,1171,779,4107,2692,879,1004,2545,777,199,609,2803,6265,4451,637,561,387,331,451,354,423,3479,3853,1895,390,918,7985,3825,3593,3772,509,5751,3767,17367,18227,104901,122609,56607,62572,66342,169311,84532,108969,167692,190006,163409,192356
6148,450,779,291,199,6148,558,2692,4107,1004,1171,3593,879,7985,3479,4451,2545,3825,2803,3853,1895,3767,17367,3772,423,331,561,387,918,609,777,6265,637,509,451,354,5751,390,18227,56607,169311,62572,66342,104901,84532,167692,108969,122609,190006,163409,192356
6148,291,450,1171,558,1004,7985,3593,3767,779,3772,199,6148,2692,4451,879,3479,3825,2545,4107,3853,2803,17367,331,1895,387,561,777,637,451,609,354,509,918,423,6265,5751,18227,56607,190006,62572,66342,108969,84532,104901,169311,122609,167692,163409,192356
291,779,450,6148,2692,6148,558,3479,879,199,1171,1004,561,331,918,609,509,637,354,4451,1895,387,777,451,423,7985,3772,4107,2545,2803,3767,390,3853,3593,3825,5751,6265,17367,18227,66342,56607,62572,169311,84532,104901,108969,167692,192356,122609,190006,163409
779,6148,558,2692,291,450,199,6148,3767,3593,331,561,879,1171,1004,7985,4451,3825,2545,4107,2803,3853,918,387,1895,6265,3479,17367,609,3772,637,451,354,777,509,5751,423,390,18227,56607,169311,66342,62572,104901,84532,108969,190006,122609,167692,163409,192356
450,779,6148,6148,291,558,199,7985,3853,1171,2692,1004,879,918,4451,3479,387,3825,1895,331,561,609,509,637,2545,2803,777,354,451,390,4107,3772,3767,423,3593,5751,6265,17367,18227,169311,66342,56607,62572,84532,167692,104901,108969,190006,122609,163409,192356
6148,450,291,2692,879,6148,779,558,199,1895,17367,3593,1171,7985,3825,3479,2545,4451,4107,2803,1004,3853,3767,331,561,387,3772,918,777,609,637,509,6265,354,451,423,390,5751,18227,56607,169311,66342,62572,104901,84532,108969,190006,122609,163409,167692,192356
450,6148,558,3593,6148,291,779,199,3767,879,1171,2692,1004,4107,4451,3479,3825,7985,2545,1895,2803,3853,17367,3772,331,561,387,918,609,6265,777,637,509,451,354,423,390,5751,18227,56607,169311,66342,62572,104901,84532,108969,190006,122609,167692,163409,192356
6148,291,558,199,450,6148,2803,779,3479,2545,1171,2692,879,1004,3825,4107,4451,7985,609,6265,3853,1895,3767,17367,331,3772,3593,561,387,423,918,509,777,390,637,451,354,5751,18227,56607,169311,62572,66342,104901,84532,167692,108969,122609,190006,163409,192356
6148,291,558,199,450,3479,6148,2692,779,1895,561,3772,879,1171,1004,7985,3825,4451,4107,2545,2803,918,3853,17367,3767,387,3593,331,777,609,637,451,354,509,423,6265,390,5751,18227,56607,169311,66342,62572,104901,84532,167692,108969,122609,190006,163409,192356
291,450,6148,6148,558,779,199,2692,4451,3479,879,1171,1004,7985,3825,387,2545,331,561,2803,1895,918,777,609,637,509,451,354,390,3767,423,3853,3772,4107,3593,6265,5751,17367,104901,18227,56607,62572,167692,66342,84532,108969,190006,122609,169311,163409,192356
6148,450,779,558,291,6148,4451,199,2692,879,1171,1004,777,3593,423,1895,561,331,918,637,509,354,3825,2545,2803,387,609,451,390,3853,3772,4107,3767,3479,6265,5751,7985,17367,18227,192356,56607,62572,122609,66342,84532,104901,169311,108969,167692,190006,163409
291,6148,450,558,6148,779,2545,199,2692,7985,879,1171,1004,3479,387,3825,4451,918,6265,3853,2803,1895,17367,3767,3593,3772,331,561,4107,609,637,777,509,354,423,5751,451,390,18227,122609,56607,62572,66342,84532,169311,104901,108969,167692,190006,163409,192356
450,291,6148,6148,199,3825,387,918,3772,3853,1171,879,2692,779,558,7985,1004,4451,3479,4107,2545,1895,2803,17367,3767,3593,331,561,609,6265,777,451,637,354,5751,423,390,18227,169311,56607,62572,66342,104901,84532,167692,108969,122609,190006,163409,192356
6148,450,291,6148,2692,779,558,199,1895,3772,1004,1171,879,4451,7985,3593,3825,2545,331,3479,4107,3853,2803,3767,17367,387,561,918,609,637,777,509,390,423,451,354,6265,5751,18227,167692,56607,62572,66342,84532,169311,104901,108969,122609,190006,163409,192356
6148,291,450,1004,6148,558,779,199,879,2692,1171,3767,609,7985,3825,17367,3479,2545,4107,2803,3853,1895,3593,3772,331,4451,387,561,918,6265,637,423,390,451,354,509,777,5751,18227,122609,56607,62572,66342,84532,192356,104901,108969,169311,167692,190006,163409
6148,450,879,558,199,291,1171,6148,2692,779,1004,3593,3479,7985,4451,3825,2545,4107,2803,1895,561,331,387,609,637,509,451,423,390,3767,918,777,354,3853,3772,6265,5751,84532,17367,18227,62572,56607,122609,66342,192356,104901,108969,169311,167692,190006,163409
450,291,6148,558,6148,1004,779,879,5751,2692,1171,3593,4451,7985,331,561,199,3825,1895,918,609,637,354,509,423,390,2803,3479,2545,3767,387,777,451,3772,3853,4107,6265,104901,17367,18227,56607,62572,66342,169311,84532,167692,108969,122609,190006,163409,192356
6148,291,450,6148,3825,1004,879,558,779,4107,2692,1171,199,7985,4451,2545,561,3479,2803,1895,3853,17367,3767,3593,3772,331,387,918,777,6265,609,451,637,354,390,5751,509,423,18227,104901,56607,62572,66342,169311,84532,108969,167692,122609,190006,163409,192356
6148,450,2692,291,6148,779,558,7985,199,879,1004,1171,3593,609,354,4451,3479,3825,2545,4107,423,2803,3853,1895,17367,3767,3772,331,561,387,918,777,637,509,6265,451,390,5751,18227,104901,56607,62572,66342,169311,84532,108969,167692,122609,190006,163409,192356
450,6148,291,558,6148,779,199,17367,2692,879,3479,1004,1171,7985,4451,3825,2545,3767,4107,3853,2803,1895,777,3593,3772,331,561,5751,918,387,609,509,451,6265,637,354,390,423,18227,84532,62572,56607,66342,169311,104901,108969,167692,122609,190006,163409,192356
2692,6148,450,199,558,6148,291,779,3825,879,1171,1004,7985,4451,3479,637,331,2545,561,918,609,777,509,354,390,451,1895,3767,3593,387,423,3853,2803,3772,4107,6265,5751,17367,18227,122609,62572,56607,66342,169311,84532,104901,108969,167692,190006,163409,192356
6148,450,291,558,779,6148,199,2692,1171,879,2803,1004,7985,387,4451,3479,4107,2545,3825,3853,1895,17367,3767,3593,3772,331,918,561,609,777,637,509,354,451,390,423,5751,6265,18227,167692,56607,62572,66342,84532,169311,104901,108969,122609,190006,163409,192356
6148,291,450,558,6148,779,1171,1004,199,879,2692,3767,4451,7985,3479,3593,3825,2545,3772,4107,2803,3853,1895,637,561,17367,387,918,509,609,451,331,354,777,390,423,5751,6265,18227,167692,56607,62572,66342,84532,190006,104901,108969,122609,169311,163409,192356
6148,291,450,6148,2545,879,4107,2803,331,779,199,558,2692,561,1171,7985,4451,1004,3825,3479,1895,3853,17367,3767,3593,3772,387,918,777,637,509,354,609,423,390,451,6265,5751,18227,108969,62572,56607,66342,122609,84532,104901,169311,167692,190006,163409,192356
6148,450,6148,291,558,3479,1171,879,779,1004,7985,4451,199,354,3825,390,2545,2692,2803,4107,1895,3853,3593,561,331,3767,387,918,637,3772,509,777,451,609,423,6265,5751,66342,17367,18227,104901,56607,62572,84532,169311,108969,167692,122609,190006,163409,192356
291,6148,450,6148,558,779,879,1171,199,2692,3767,1004,7985,918,4451,3479,3825,2545,4107,2803,3853,1895,3593,17367,331,561,387,3772,509,637,354,423,6265,609,777,451,390,5751,56607,18227,62572,66342,169311,104901,84532,108969,167692,122609,190006,163409,192356
6148,291,199,6148,450,779,558,2692,1895,2803,3853,1171,1004,7985,3479,4451,17367,3825,879,2545,4107,3593,387,918,3767,331,3772,609,561,6265,777,637,509,451,354,390,423,5751,18227,56607,169311,62572,66342,104901,84532,167692,108969,122609,190006,163409,192356
291,6148,450,6148,558,199,879,779,2545,609,1004,7985,1171,4451,3479,3825,2692,4107,2803,3853,777,5751,17367,1895,3767,3593,561,331,3772,387,918,509,637,423,451,354,390,6265,18227,56607,169311,62572,66342,104901,84532,167692,108969,122609,190006,163409,192356
6148,450,558,291,6148,199,879,779,2692,1895,1171,66342,1004,331,2545,561,387,609,777,509,423,637,390,354,3479,3767,918,451,4451,3825,2803,3853,3772,3593,4107,7985,6265,5751,17367,18227,169311,56607,62572,104901,84532,108969,190006,122609,167692,163409,192356
291,6148,450,6148,199,779,558,1171,2692,1004,879,4107,2803,609,3772,6265,777,7985,331,561,918,1895,387,637,509,423,354,390,3479,2545,451,3825,3767,3593,4451,3853,5751,17367,18227,169311,56607,62572,104901,66342,84532,167692,108969,122609,163409,190006,192356
558,450,6148,291,6148,199,3853,7985,3772,1171,918,5751,390,637,879,779,1004,561,331,2692,1895,387,609,777,451,354,423,2545,2803,509,4107,3767,3479,3825,3593,4451,6265,17367,18227,190006,56607,62572,66342,108969,84532,163409,104901,122609,169311,167692,192356
291,6148,558,450,6148,879,199,2545,779,1171,1004,2692,7985,4451,4107,3825,3479,6265,1895,2803,3767,17367,3772,3593,331,561,609,918,387,3853,777,637,354,451,390,509,423,5751,18227,104901,56607,62572,66342,169311,84532,108969,167692,122609,190006,163409,192356
450,779,6148,291,331,4451,1004,6148,558,199,2692,879,1171,7985,387,3825,2545,4107,3479,6265,1895,2803,17367,3853,3767,3593,561,3772,509,609,451,918,777,423,354,390,637,5751,56607,18227,62572,66342,190006,84532,104901,108969,169311,122609,167692,163409,192356
558,6148,291,450,879,6148,779,1171,199,2692,390,3479,2545,1004,4451,2803,331,561,3767,387,1895,609,777,451,509,423,7985,3853,4107,3825,3772,918,637,354,104901,3593,5751,6265,17367,18227,56607,66342,169311,62572,84532,190006,108969,122609,167692,163409,192356
450,6148,291,558,779,6148,199,1171,879,2692,1004,4451,7985,609,3479,2545,3825,4107,2803,3853,1895,17367,3767,3772,3593,331,387,561,918,777,6265,509,451,354,423,390,637,5751,18227,108969,56607,62572,66342,169311,84532,104901,167692,122609,190006,163409,192356
199,291,6148,558,6148,450,779,2692,879,331,3772,1171,1004,7985,4451,3479,3825,561,387,2545,4107,2803,1895,3853,17367,3767,3593,609,777,509,354,423,390,637,451,918,6265,5751,18227,122609,56607,62572,66342,169311,84532,104901,108969,167692,190006,163409,192356
450,291,6148,779,558,6148,1004,2692,17367,451,354,879,1171,4451,2545,3479,199,2803,1895,387,777,561,331,637,3825,4107,3593,918,609,509,423,390,3853,3767,7985,3772,5751,6265,18227,190006,56607,104901,62572,66342,84532,169311,108969,122609,167692,163409,192356
291,6148,6148,450,3825,199,1171,2803,779,2692,3853,558,1004,879,1895,7985,3479,4451,3767,4107,2545,561,387,918,609,637,3593,331,777,509,451,354,390,3772,423,6265,5751,17367,18227,122609,56607,62572,66342,84532,192356,104901,108969,169311,167692,190006,163409
6148,450,291,6148,199,779,879,1171,4107,2692,558,1004,331,561,387,637,609,509,7985,4451,3825,1895,918,354,390,777,451,3479,2545,2803,3593,423,5751,3853,3767,3772,6265,104901,17367,18227,66342,56607,62572,169311,84532,167692,108969,122609,190006,163409,192356
291,450,558,199,1171,6148,6148,4107,2692,1004,879,7985,4451,779,423,3479,2545,3825,1895,561,331,387,918,777,451,509,390,2803,3767,3772,609,637,354,3853,3593,5751,6265,17367,18227,169311,56607,62572,104901,66342,84532,167692,108969,122609,190006,163409,192356
450,199,6148,6148,387,1171,1895,879,291,779,558,918,2692,7985,6265,1004,4451,3479,3825,2545,4107,3853,2803,3593,17367,3767,3772,331,561,609,509,637,777,451,354,423,390,5751,18227,163409,56607,62572,66342,84532,169311,104901,108969,167692,122609,190006,192356
450,291,6148,6148,2545,558,779,1004,3853,1895,199,2692,879,1171,7985,4451,17367,3479,3825,3767,4107,2803,354,423,3593,331,3772,387,561,918,609,390,451,6265,509,777,637,5751,18227,56607,169311,62572,66342,104901,84532,167692,108969,122609,190006,163409,192356
450,6148,1895,291,3767,4451,2803,199,331,879,779,558,6148,2692,561,1004,1171,3479,7985,3825,2545,4107,3853,17367,3593,387,918,609,3772,777,637,509,451,354,423,390,6265,5751,18227,190006,56607,62572,66342,84532,163409,104901,108969,169311,122609,167692,192356
291,6148,779,450,6148,558,1171,199,2545,2692,3767,1004,879,3479,4107,4451,7985,3593,3825,777,637,2803,1895,509,3853,17367,3772,331,561,387,918,609,451,6265,354,423,390,5751,18227,104901,56607,62572,66342,169311,84532,167692,108969,122609,190006,163409,192356
6148,291,450,6148,779,558,199,2692,879,1004,7985,3772,1171,4451,3479,2545,3825,4107,2803,3853,1895,17367,3767,3593,331,390,387,561,918,609,777,637,509,451,6265,354,423,5751,18227,56607,169311,62572,66342,104901,84532,167692,108969,122609,190006,163409,192356
450,1171,779,199,3479,4451,879,2692,558,6148,291,6148,1004,7985,2545,3825,451,4107,3853,1895,2803,3767,3772,17367,3593,561,387,331,918,6265,777,509,637,609,354,423,390,5751,18227,56607,169311,62572,66342,104901,84532,167692,108969,122609,190006,163409,192356
558,6148,199,6148,17367,291,779,450,3767,879,1004,1171,4451,561,1895,3772,3593,7985,3479,3825,2692,2545,4107,2803,3853,609,331,387,509,637,777,354,6265,5751,423,390,451,918,18227,84532,56607,66342,62572,169311,104901,167692,108969,122609,190006,192356,163409
6148,450,1004,779,1171,558,2692,2545,291,6148,199,879,4451,3479,3825,451,4107,7985,1895,2803,3767,17367,3853,3593,3772,354,331,561,387,509,6265,609,637,777,423,390,918,5751,18227,104901,56607,62572,66342,169311,84532,108969,167692,122609,190006,163409,192356
6148,450,291,6148,558,4107,2803,17367,879,3767,2692,199,1171,2545,1004,779,7985,3479,3825,4451,3853,1895,3593,3772,331,561,387,918,609,6265,451,637,423,354,777,509,390,5751,18227,104901,66342,56607,62572,84532,167692,108969,169311,122609,190006,163409,192356
6148,291,199,450,6148,779,558,2692,3825,3593,1171,879,331,7985,1004,3479,4451,2545,4107,3853,2803,1895,17367,3767,354,3772,387,777,918,6265,609,637,561,451,509,423,390,5751,18227,56607,169311,62572,66342,104901,84532,167692,108969,122609,190006,163409,192356
291,6148,558,777,450,779,6148,5751,637,62572,509,879,561,2803,451,1171,199,2692,1004,423,7985,2545,918,331,387,609,3479,4451,3593,1895,354,390,3825,4107,3853,3767,3772,6265,17367,18227,56607,169311,66342,104901,84532,108969,167692,122609,190006,163409,192356
6148,291,6148,199,450,2692,558,2545,779,879,331,1171,1004,7985,918,4451,3479,3825,2803,4107,3853,1895,17367,3767,3593,561,6265,3772,387,609,777,637,451,354,390,509,423,5751,18227,62572,56607,192356,66342,84532,163409,104901,108969,169311,122609,167692,190006
6148,450,291,6148,779,7985,199,1004,1171,3825,2545,558,879,2692,509,387,561,1895,331,918,609,777,423,390,451,637,3479,2803,3767,3772,354,3853,3593,4107,4451,6265,5751,17367,18227,192356,56607,62572,66342,122609,84532,104901,169311,108969,167692,190006,163409
6148,450,291,558,6148,779,1171,199,2692,879,1004,7985,3479,3825,2545,4107,4451,1895,423,918,387,609,331,561,2803,777,509,637,354,390,3767,3772,451,3593,3853,5751,6265,17367,18227,192356,56607,62572,66342,84532,169311,104901,108969,167692,122609,190006,163409
6148,558,291,6148,199,450,879,3593,1171,779,1004,2692,7985,3479,4451,3825,2545,4107,2803,3853,3772,509,637,1895,17367,3767,331,561,387,918,609,777,354,390,451,423,6265,5751,18227,169311,56607,62572,66342,84532,167692,104901,108969,122609,190006,163409,192356
6148,558,450,291,6148,779,199,879,2692,2545,1171,1004,4451,7985,387,3479,3825,6265,4107,2803,3853,1895,3767,17367,3593,561,3772,331,918,777,637,390,451,509,354,423,609,5751,18227,163409,56607,62572,66342,84532,169311,104901,108969,167692,122609,190006,192356
6148,291,558,450,6148,199,879,2692,779,7985,1004,1171,3825,3479,2545,1895,331,561,387,609,637,509,451,2803,3767,423,918,777,354,390,4107,4451,3853,3772,3593,5751,17367,6265,18227,56607,122609,62572,169311,66342,104901,84532,167692,108969,190006,163409,192356
199,6148,6148,1171,2545,1004,779,291,450,558,2692,7985,879,4451,3479,3825,4107,2803,3853,1895,17367,3767,3593,3772,331,561,609,387,918,777,637,509,451,354,423,390,6265,5751,18227,163409,56607,62572,66342,84532,169311,104901,108969,167692,122609,190006,192356
6148,2692,558,4451,3825,2545,1171,291,6148,450,2803,779,199,879,1004,3479,7985,4107,1895,3853,3767,3593,17367,3772,331,561,387,918,609,777,509,637,354,451,6265,5751,423,390,18227,56607,169311,62572,66342,104901,84532,108969,190006,122609,167692,163409,192356
6148,450,6148,291,779,879,2692,199,558,2803,4451,3593,1171,1004,7985,3772,3825,3479,17367,331,561,2545,4107,3853,1895,3767,387,918,609,777,509,637,354,390,423,451,6265,5751,18227,104901,66342,56607,62572,84532,169311,108969,167692,122609,190006,163409,192356
6148,779,450,558,6148,4107,199,2545,291,2803,2692,879,1004,3853,3767,3479,1171,7985,4451,509,3825,3593,17367,331,3772,561,918,777,387,609,6265,5751,354,423,637,451,390,1895,18227,104901,56607,62572,66342,169311,84532,108969,167692,122609,163409,190006,192356
291,6148,199,6265,558,450,6148,779,7985,2692,1171,3479,879,1004,3825,4451,331,918,2545,2803,1895,561,387,609,637,4107,3853,3767,3772,509,451,423,3593,354,390,777,66342,5751,17367,18227,56607,62572,169311,104901,84532,108969,167692,122609,190006,163409,192356
6148,450,199,291,6148,779,558,3825,2692,2545,561,879,1004,7985,3479,4451,1171,609,5751,4107,2803,3853,3767,1895,3772,637,17367,3593,331,387,918,6265,777,509,451,354,423,390,18227,56607,169311,62572,66342,104901,84532,167692,108969,122609,190006,163409,192356
6148,450,6148,291,558,779,199,2692,3479,1171,879,1004,7985,3825,2545,4451,4107,777,2803,3853,1895,17367,509,3767,637,3593,3772,451,331,6265,609,918,387,561,354,423,390,5751,18227,56607,169311,62572,66342,104901,84532,167692,108969,122609,190006,163409,192356
6148,291,450,558,6148,2545,879,4107,199,779,1171,1004,2692,2803,354,637,3479,509,331,561,387,423,609,7985,4451,1895,918,777,451,390,3825,3853,3772,5751,3767,3593,6265,17367,18227,56607,62572,169311,66342,104901,84532,167692,108969,192356,122609,190006,163409
6148,879,199,291,6148,779,558,450,2692,2803,3853,1171,1895,1004,3767,7985,3479,3825,4451,4107,2545,354,390,3593,17367,331,3772,561,387,918,609,509,637,777,451,423,6265,5751,18227,56607,169311,62572,66342,104901,84532,167692,108969,122609,190006,163409,192356
6148,291,779,558,450,6148,199,2692,2803,879,1004,1171,7985,390,423,4451,3825,3479,2545,4107,1895,331,561,918,3853,509,451,637,354,387,609,3593,3767,777,3772,6265,5751,17367,18227,169311,66342,56607,62572,84532,167692,104901,108969,163409,122609,190006,192356
6148,450,291,1004,2692,558,199,3825,4451,779,2545,1171,609,879,6148,387,561,331,777,509,354,423,637,390,7985,3479,2803,1895,918,451,4107,3853,3767,3772,3593,5751,17367,6265,18227,56607,62572,169311,66342,104901,84532,163409,167692,108969,122609,190006,192356
291,6148,450,199,779,879,558,6148,2692,2803,1171,1004,4451,7985,2545,3825,3479,4107,1895,777,3853,17367,3593,3772,3767,331,5751,561,387,918,637,609,451,6265,509,423,354,390,18227,56607,169311,62572,66342,104901,84532,167692,108969,122609,190006,163409,192356
450,779,6148,558,291,879,199,6148,2692,4451,3767,3479,777,1171,66342,1004,3825,2545,331,387,561,1895,4107,918,609,637,509,354,451,390,2803,423,7985,3853,3593,3772,6265,5751,17367,18227,56607,62572,169311,104901,84532,108969,167692,122609,190006,163409,192356
291,6148,6148,450,558,199,879,2692,779,2545,1171,1004,7985,4107,4451,3479,3825,2803,1895,3853,3767,17367,3593,387,3772,561,354,637,331,918,451,423,509,609,777,390,6265,5751,62572,18227,122609,56607,66342,84532,169311,104901,108969,167692,190006,163409,192356
6148,291,450,779,3593,879,2545,2692,199,6148,558,1171,3767,1004,7985,4451,3825,3479,4107,2803,387,561,331,17367,3772,390,423,3853,918,609,777,6265,637,354,451,509,5751,1895,18227,104901,56607,62572,66342,167692,84532,108969,169311,122609,190006,163409,192356
6148,558,199,450,4451,1171,2692,779,6148,3825,3853,17367,291,7985,1004,3479,2545,879,4107,2803,509,5751,1895,451,3767,3593,3772,331,561,918,387,609,390,354,423,777,637,6265,18227,104901,66342,56607,62572,84532,169311,108969,167692,122609,190006,163409,192356
6148,199,450,2692,779,1004,291,558,6148,7985,879,1171,4451,561,3772,3479,2545,3825,4107,2803,1895,3853,17367,3767,331,918,609,387,509,777,637,423,354,451,3593,390,6265,5751,18227,108969,56607,62572,66342,163409,84532,104901,169311,122609,167692,190006,192356
450,6148,291,879,1171,2545,2692,1004,2803,3593,6148,558,779,3772,199,331,7985,4451,561,3479,1895,3825,3853,3767,4107,17367,918,777,637,387,609,423,509,451,390,6265,354,5751,18227,56607,167692,62572,66342,84532,169311,104901,108969,122609,190006,163409,192356
450,6148,779,6148,291,558,2692,879,199,1004,1171,7985,2545,4451,3825,4107,3479,3853,2803,1895,17367,3767,3593,390,561,331,918,6265,387,609,777,509,5751,637,423,451,354,3772,18227,56607,169311,66342,62572,104901,84532,108969,190006,122609,167692,163409,192356
6148,779,291,450,199,879,3767,558,6148,3479,3593,1171,918,1004,7985,4451,3825,2545,6265,2692,4107,2803,3853,1895,3772,609,331,17367,561,387,777,354,390,637,451,5751,423,509,18227,169311,56607,62572,66342,104901,84532,167692,108969,122609,190006,163409,192356
291,6148,450,6148,558,779,6265,199,2692,879,777,1004,5751,1171,4451,7985,3479,4107,3825,2545,2803,1895,17367,3593,3767,331,387,3853,561,918,609,354,451,637,3772,509,423,390,18227,104901,56607,62572,66342,169311,84532,108969,167692,122609,190006,192356,163409
6148,6148,450,558,291,779,199,879,2692,1004,7985,1171,3479,3825,2545,777,4451,609,4107,2803,1895,3767,3772,17367,3853,331,561,3593,918,637,509,387,451,423,354,6265,390,5751,18227,104901,56607,66342,62572,169311,84532,108969,167692,122609,190006,163409,192356
6148,450,291,6148,777,3767,2692,2545,199,558,779,879,1171,1004,387,331,561,609,637,7985,3479,2803,1895,918,509,451,423,390,354,3825,4451,4107,3853,3772,3593,17367,6265,5751,84532,18227,62572,56607,122609,66342,192356,104901,108969,169311,167692,190006,163409
450,6148,6148,779,558,291,879,1171,1004,199,7985,4451,2692,509,561,387,331,609,637,354,423,2803,1895,918,777,451,390,3479,2545,3767,3825,4107,3853,3772,3593,5751,6265,108969,17367,18227,84532,56607,62572,66342,190006,122609,104901,169311,167692,163409,192356
6148,779,199,6148,450,558,291,3479,879,2692,1171,2545,7985,1004,3825,4451,390,4107,2803,3853,1895,3767,17367,3593,3772,331,561,918,387,777,6265,509,451,637,609,5751,354,423,18227,56607,169311,62572,66342,104901,84532,167692,108969,122609,190006,163409,192356
6148,6148,291,450,558,199,779,2692,879,1171,1004,7985,3593,3825,4451,3479,2545,3772,4107,2803,561,331,3853,1895,17367,3767,387,609,637,777,509,451,390,423,354,918,6265,5751,56607,18227,62572,66342,190006,84532,104901,169311,108969,122609,167692,163409,192356
6148,291,450,558,779,199,6148,2803,2692,3853,1171,879,7985,1004,4451,3479,3825,2545,4107,777,331,561,1895,609,387,918,637,509,354,423,3593,451,390,3767,3772,5751,56607,6265,17367,18227,62572,169311,66342,104901,84532,167692,108969,122609,163409,190006,192356
6148,450,291,6148,558,779,199,2692,879,7985,2803,1171,1004,3479,4451,2545,3853,637,918,3825,4107,331,3767,387,561,3593,777,3772,1895,609,509,451,354,423,390,6265,5751,17367,84532,18227,104901,66342,56607,62572,169311,108969,167692,122609,190006,192356,163409
779,291,6148,199,879,1171,6148,2692,450,558,4107,1004,2803,4451,7985,3853,3479,3825,2545,6265,3767,609,17367,3593,561,331,3772,777,387,1895,918,509,451,637,423,354,390,5751,18227,122609,56607,62572,66342,169311,84532,104901,108969,167692,163409,190006,192356
450,2692,1004,6148,2545,3853,3825,879,779,199,1895,331,558,291,1171,4451,7985,6148,3479,4107,17367,387,3767,561,609,509,637,423,354,777,918,390,2803,3593,451,3772,5751,6265,18227,104901,66342,56607,62572,84532,169311,108969,167692,122609,190006,163409,192356
199,879,450,6148,779,558,4451,3853,291,6148,1004,2692,3479,1171,2545,7985,3825,2803,4107,1895,637,387,331,3767,3772,609,3593,777,509,451,390,918,354,561,423,6265,5751,17367,18227,190006,56607,108969,62572,66342,84532,167692,104901,169311,122609,163409,192356
6148,558,291,450,6148,199,779,2692,7985,4451,3593,879,5751,509,1004,1171,1895,331,387,561,637,451,390,423,609,2803,2545,918,777,354,4107,3853,3479,3772,3825,3767,6265,17367,18227,167692,56607,62572,66342,163409,84532,104901,108969,192356,122609,190006,169311
779,6148,199,6148,291,450,558,1004,1171,331,7985,2692,879,3767,4451,3479,3825,4107,2545,1895,2803,3853,17367,3593,3772,354,561,918,387,777,609,637,423,451,5751,509,390,6265,18227,56607,169311,62572,66342,104901,84532,167692,108969,122609,190006,163409,192356
6148,450,291,6148,2803,1895,3853,199,3479,1004,558,331,779,879,1171,609,387,561,637,2692,2545,918,777,451,354,390,423,4451,3825,3767,3772,509,3593,4107,6265,7985,5751,18227,17367,190006,56607,108969,66342,62572,84532,104901,192356,122609,167692,169311,163409
6148,291,450,6148,779,199,558,879,2692,3479,1004,1171,331,637,387,509,7985,777,1895,918,561,609,354,390,451,4451,2803,3825,2545,3853,3767,3772,423,4107,3593,6265,5751,17367,18227,104901,122609,66342,56607,62572,84532,169311,108969,167692,190006,163409,192356
558,3825,6148,2692,199,779,6148,1004,450,291,3479,2545,4107,4451,879,1171,7985,2803,6265,331,561,1895,387,3853,918,3767,3772,609,637,509,354,3593,777,451,390,423,66342,5751,17367,18227,163409,56607,62572,84532,122609,104901,108969,169311,167692,190006,192356
450,6148,291,558,199,2692,6148,3853,779,2803,3767,3593,1171,17367,1004,7985,4451,3479,3825,2545,4107,1895,879,561,331,387,918,609,777,509,637,354,423,390,451,6265,3772,5751,66342,18227,56607,104901,62572,84532,169311,108969,167692,122609,163409,190006,192356
450,558,6148,6148,291,779,199,879,2692,387,17367,1004,1171,561,3479,2545,1895,331,609,637,4451,3853,3772,918,777,509,354,390,451,4107,2803,3593,423,3825,3767,7985,5751,6265,18227,167692,66342,56607,62572,84532,190006,104901,108969,163409,122609,169311,192356
6148,450,558,291,6148,2692,779,7985,199,879,1004,5751,3772,1171,4107,3479,2545,637,3825,2803,3853,1895,17367,3767,3593,331,561,918,4451,387,609,509,451,777,423,354,390,6265,18227,56607,169311,62572,66342,104901,84532,167692,108969,122609,163409,190006,192356
6148,291,450,199,3825,4451,1004,6148,558,779,2545,2692,3853,1895,879,17367,7985,1171,3479,2803,5751,777,637,4107,3767,3593,3772,561,331,918,387,354,423,609,451,509,390,6265,18227,104901,56607,62572,66342,169311,84532,108969,167692,122609,190006,192356,163409
6148,291,450,6148,558,3825,2692,779,199,879,1171,1004,4451,3479,3772,7985,387,4107,2803,3853,6265,17367,3767,1895,3593,609,561,918,777,331,2545,637,509,451,354,423,390,5751,18227,56607,62572,192356,66342,104901,84532,108969,167692,122609,169311,190006,163409
291,6148,6148,779,879,558,450,199,2692,3853,4451,1004,7985,1171,2545,2803,3825,4107,3479,1895,3767,17367,3593,561,331,3772,387,637,609,918,777,451,509,354,390,423,6265,5751,56607,18227,163409,66342,62572,108969,84532,104901,169311,122609,167692,190006,192356
