0.029148084,0.030017031,0.031648971,0.032702828,0.034550585,0.034946398,0.038692045,0.038620586,0.039470495,0.041274677,0.04260886,0.044933756,0.044991858,0.045178932,0.045178796,0.045603908,0.047340592,0.047884382,0.048509327,0.116782525,0.118841975,0.119175773,0.119664847,0.122928698,0.122926853,0.122918941,0.123378339,0.123673138,0.124085095,0.124417403,0.12462624,0.125693793,0.128390434,0.136513193,0.136749982,0.137499294,0.137569421,0.137806151,0.1379853,0.973039099,1.023695399,1.045439015,1.134776248,1.178749627,1.208266519,1.278284181,1.308757541,1.311335399,1.3120652210000001,1.3120641800000001,1.316423277
0.025460956,0.025961454,0.026155319,0.026555142,0.027083853,0.027421219,0.028237092,0.029617988,0.02958506,0.029607063,0.031463154,0.032207206,0.032897292,0.03427654,0.033950444,0.034392808,0.034734528,0.034763392,0.035658062,0.035969017,0.036187135,0.036793613,0.038078448,0.03875564,0.038775523,0.038818453,0.039000665,0.039299088,0.16976877,0.171098214,0.17199325,0.185695348,0.1871685,0.187233446,0.188219059,0.188340271,0.189300034,0.193458863,0.194088622,0.194507733,0.228226639,0.258021413,0.277619435,0.288932074,0.352806919,0.394740967,0.432760196,0.48879208,0.581540159,0.583154474,0.582658058
0.023002994,0.023516394,0.024986593,0.025621749,0.027081174,0.028392765,0.030066658,0.031086875,0.03192073,0.031914242,0.032314798,0.032445244,0.032937898,0.033330679,0.03371046,0.033831031,0.034525615,0.03498097,0.035122293,0.036243342,0.039047542,0.039357722,0.039718874,0.042941367,0.043433028,0.044424904,0.051068315,0.051614199,0.060131829,0.060824953,0.070825367,0.073544721,0.074432278,0.075522082,0.075600447,0.078779566,0.078924214,0.079550498,0.082872182,0.169590325,0.177331664,0.247606968,0.312534351,0.399978752,0.498260353,0.660500339,0.704178811,0.712001623,0.711448784,0.711845102,0.712104197
0.024630226,0.0246799,0.025079883,0.026803151,0.027424849,0.029148442,0.029154892,0.030123527,0.03073765,0.030965665,0.031517714,0.032168141,0.033159226,0.034032144,0.034365813,0.035059492,0.035337207,0.138778101,0.176872516,0.177821625,0.178710104,0.182917611,0.192556251,0.192957071,0.192907716,0.193868153,0.194722049,0.194827476,0.19538758,0.198708545,0.199538973,0.200075266,0.203636837,0.206783485,0.207126838,0.207698945,0.207796833,0.207964117,0.643204964,0.722885252,0.766848428,0.804073455,0.916709687,0.989717028,1.08009234,1.122192381,1.125180939,1.185396098,1.2457870739999999,1.2528578559999999,1.267637847
0.023873458,0.024234431,0.024106335,0.024400055,0.026119712,0.026824099,0.027468597,0.028382125,0.028652219,0.029262906,0.029252388,0.033027347,0.033376682,0.033960527,0.03415646,0.034463781,0.035133643,0.046622422,0.059339678,0.06168653,0.062219994,0.062639773,0.062859637,0.062727307,0.063289868,0.064214969,0.064244734,0.064880769,0.0650478,0.065990724,0.066336234,0.0673314,0.06751949,0.067646337,0.06947325,0.069608141,0.069693095,0.069816627,0.070511417,0.177552139,0.308503287,0.3901222,0.42494717,0.467741103,0.506622222,0.533341053,0.587740451,0.589615141,0.588911081,0.588896454,0.589848498
0.021945614,0.023331476,0.024871987,0.025379736,0.025548987,0.026916171,0.027322109,0.027789309,0.028704351,0.028785734,0.02980974,0.031205059,0.03182707,0.03230728,0.032502238,0.03219825,0.032743965,0.033051677,0.03329633,0.03481044,0.034867834,0.035904143,0.036758166,0.036854392,0.038349487,0.038636645,0.038938313,0.040213975,0.040516351,0.044762482,0.046712632,0.046914443,0.047118369,0.047192669,0.047275088,0.047524983,0.047906499,0.048028731,0.095435022,0.167772229,0.188396951,0.246367483,0.366880714,0.444963897,0.484927388,0.539408844,0.648472651,0.657653758,0.659309953,0.660049061,0.661695489
0.028304417,0.028791712,0.02927295,0.031607848,0.032585527,0.03248921,0.032605848,0.032572801,0.033365841,0.033417113,0.035120398,0.036058928,0.036491726,0.037487051,0.038106281,0.038440404,0.040048836,0.042574055,0.043038404,0.043150934,0.044632812,0.044893112,0.046363827,0.046311035,0.046915474,0.047890556,0.048214755,0.04876076,0.049396305,0.05126378,0.051890906,0.051949358,0.052337074,0.052548598,0.052898687,0.058399912,0.063577439,0.064196548,0.133198763,0.162643017,0.173186513,0.236422207,0.257567733,0.349996431,0.408103682,0.432691794,0.453584707,0.565475401,0.569047051,0.572037624,0.571036566
0.022728108,0.023362712,0.023760101,0.024123271,0.027347826,0.028471917,0.029414741,0.029457292,0.029726035,0.030037072,0.030902905,0.031935499,0.032137759,0.03272602,0.032863573,0.033340066,0.033736746,0.033751599,0.033869459,0.03449004,0.034375975,0.03580579,0.036404659,0.036780235,0.038223596,0.03830259,0.039155865,0.039245374,0.039449689,0.039572791,0.040003193,0.044712645,0.044913083,0.046817813,0.046985829,0.047907442,0.048365465,0.048457268,0.081652732,0.166619636,0.179819953,0.236166338,0.255121926,0.330790993,0.430650055,0.44194099,0.480404257,0.485118063,0.485204521,0.48692691,0.487462702
0.023755216,0.024282822,0.024878305,0.026118404,0.027603326,0.028824573,0.028828934,0.030020645,0.030058136,0.030091229,0.030520484,0.031537802,0.032429586,0.033303671,0.03356768,0.034589528,0.036095462,0.037291292,0.037470794,0.03833387,0.03925291,0.039460182,0.03973224,0.039707882,0.039997948,0.040068824,0.040387539,0.188462571,0.18890611,0.190119718,0.190755971,0.19199218,0.193489469,0.194318014,0.194730248,0.194836431,0.195054733,0.195540323,0.195703029,0.294740352,0.373154043,0.419936186,0.442496097,0.518165144,0.560288486,0.565617542,0.58889363,0.659958717,0.666104109,0.666457957,0.667912172
0.029412431,0.029903003,0.03075971,0.032383217,0.032668422,0.033089728,0.033044446,0.034355266,0.034329402,0.034298327,0.035601416,0.036902046,0.036846988,0.038116436,0.038489655,0.039232505,0.039633945,0.042344158,0.042251076,0.042507479,0.043441035,0.044111137,0.043736612,0.044985095,0.045886808,0.046435784,0.047219329,0.047684232,0.04947745,0.049804436,0.050902538,0.051300894,0.051436812,0.051511716,0.136985773,0.184807916,0.184965206,0.188943178,0.191456326,0.246272586,0.286376765,0.311878551,0.363907998,0.372439358,0.429206855,0.456235119,0.469869409,0.494192821,0.52965549,0.531508627,0.534148049
0.024254493,0.027194894,0.027375849,0.027365598,0.028060045,0.028172125,0.028584707,0.028938451,0.029252459,0.030404709,0.032619404,0.033379136,0.03370962,0.034453561,0.034828051,0.034822324,0.034841643,0.036123372,0.036214337,0.037482215,0.037807739,0.038097459,0.038935537,0.231020233,0.233212937,0.234434915,0.234550753,0.234800764,0.235602523,0.23731921,0.243875927,0.244914478,0.245986086,0.247678445,0.247854756,0.248761246,0.248821714,0.249015005,0.249186152,0.302774791,0.336410731,0.394236496,0.399412946,0.504164763,0.558760379,0.571637037,0.664323311,0.685498787,0.69217701,0.693398552,0.69389873
0.026955826,0.026985092,0.0302018,0.030138452,0.031317718,0.031368323,0.032048189,0.032113749,0.032095463,0.032295883,0.032980005,0.035328987,0.035175051,0.037120965,0.03814417,0.038747256,0.039139568,0.039269004,0.039324102,0.040710123,0.042773092,0.043599645,0.044299523,0.044514677,0.044789727,0.044782073,0.045117346,0.046545858,0.047154221,0.047247243,0.047546366,0.048586554,0.050071473,0.050244601,0.051049551,0.051481024,0.051655744,0.052392962,0.218519861,0.242116683,0.313054472,0.337085545,0.41037483,0.452710317,0.512298502,0.547352863,0.676881208,0.706984146,0.713316108,0.71320706,0.714598883
0.022487176,0.023608968,0.024775383,0.025328098,0.026010299,0.026261334,0.026514755,0.028862153,0.031156075,0.031263217,0.031478119,0.031609822,0.031766816,0.032274851,0.034025325,0.034123586,0.034316121,0.03447645,0.034739125,0.03467147,0.035368902,0.035900922,0.084644508,0.085662944,0.246689454,0.251590844,0.260510936,0.260929966,0.261117948,0.261829264,0.263303498,0.264989341,0.266935006,0.267046703,0.268056887,0.268108899,0.268440454,0.26871127,0.268686146,0.326163956,0.361390634,0.442147684,0.471729518,0.523919204,0.595309385,0.72790015,0.756008107,0.76154913,0.762247341,0.766775889,0.768582923
0.02530123,0.02596067,0.027238912,0.027229711,0.027306964,0.027413617,0.029530481,0.030233766,0.030321719,0.032403523,0.032254613,0.032790782,0.032870948,0.033047397,0.033455475,0.034392248,0.034330412,0.034620986,0.035403068,0.035148416,0.035786219,0.03631676,0.036445694,0.037599098,0.03795528,0.156175359,0.158008294,0.158454807,0.158743297,0.159295838,0.159364383,0.159484172,0.1597568,0.160767343,0.161976223,0.162565958,0.164631134,0.16542082,0.252000279,0.265403298,0.335831408,0.365358689,0.457982816,0.508442773,0.579911969,0.613443691,0.63635655,0.758274819,0.765573362,0.764785438,0.765512788
0.023165438,0.02308542,0.02539497,0.026406698,0.026568718,0.02657211,0.026535483,0.026730789,0.027769752,0.029604715,0.029693643,0.030408066,0.03089951,0.031510748,0.03212573,0.032993802,0.03383945,0.034668017,0.034464139,0.034855417,0.035186416,0.034904945,0.035288719,0.073190094,0.075035487,0.075803785,0.076628089,0.078078201,0.079115831,0.081264669,0.082146282,0.082237492,0.082540958,0.083059016,0.084378978,0.084949839,0.085355266,0.085790222,0.086389613,0.212480269,0.27937557,0.319850105,0.354230888,0.416431894,0.426770457,0.467489311,0.534883583,0.635755718,0.637434854,0.638148254,0.638304767
0.028568126,0.028592253,0.029782372,0.031162979,0.031298508,0.032303573,0.032214005,0.032598364,0.032460505,0.032763756,0.033689393,0.03605888,0.035966175,0.037449133,0.037453679,0.037190231,0.037837356,0.038352251,0.041235729,0.041469182,0.042767241,0.075167342,0.107190492,0.1127088,0.113925961,0.121203671,0.121536085,0.123190518,0.124669869,0.125287857,0.125543904,0.126633923,0.126999841,0.128675799,0.129765806,0.129946323,0.131107273,0.131386684,0.13149451,0.131817073,0.203611084,0.229160168,0.295430376,0.383366526,0.419359891,0.439429157,0.469697746,0.488116642,0.541009801,0.543892111,0.543104809
0.024327774,0.026058329,0.02643863,0.027028422,0.028587424,0.02872086,0.028902564,0.030109733,0.030736338,0.031554398,0.032337873,0.032328089,0.032398288,0.03410711,0.034367039,0.034368153,0.035288782,0.072747018,0.085149632,0.086763157,0.088094638,0.088221038,0.08859337,0.088576696,0.097662091,0.097808896,0.098502083,0.099237032,0.099454658,0.099585765,0.100296213,0.100674557,0.103129042,0.103305871,0.10351778,0.105188216,0.105242531,0.105398182,0.105603981,0.106364045,0.170310364,0.398978996,0.413717117,0.461257749,0.542796956,0.554753092,0.556381227,0.559281781,0.562254597,0.561843102,0.562622318
0.021322449,0.022784786,0.024618222,0.024871989,0.025169103,0.027343505,0.029408195,0.029489039,0.03035698,0.030655205,0.03166388,0.032169163,0.03338493,0.033591044,0.034274128,0.034418838,0.034483521,0.034554562,0.034591145,0.034432433,0.034767943,0.05914218,0.073465901,0.07734803,0.078708434,0.080157279,0.080090694,0.080548354,0.080701831,0.081182273,0.081504685,0.081937735,0.084415534,0.084364861,0.085723087,0.087226897,0.087499956,0.088410837,0.089091391,0.090903624,0.130374332,0.155135957,0.196850596,0.208876853,0.252380754,0.265162138,0.290818997,0.326667189,0.353051692,0.395714723,0.398895659
0.024120302,0.024588019,0.02522683,0.025402089,0.02591499,0.02674861,0.027536056,0.029112016,0.029488059,0.029433132,0.030257789,0.032585988,0.032531664,0.033337089,0.033823296,0.034312204,0.034442798,0.034585867,0.035366304,0.035487142,0.035649893,0.035798944,0.036145917,0.037648051,0.039296735,0.039367534,0.161855007,0.162652476,0.164180076,0.164590328,0.167891981,0.169436045,0.16997192,0.169990009,0.171170026,0.171539653,0.171567012,0.171587701,0.219659774,0.2369739,0.251298589,0.252024069,0.26347852,0.36813991,0.405280234,0.432958394,0.452590003,0.491492147,0.497780149,0.505747182,0.506142385
0.029952405,0.029424702,0.030051318,0.030930529,0.032098689,0.031529883,0.032399315,0.031176334,0.032193127,0.031918302,0.032716469,0.03585782,0.036004415,0.036400513,0.036473185,0.036921415,0.03834747,0.038801237,0.040602982,0.041775451,0.042395848,0.043993141,0.044241226,0.044442391,0.136012541,0.136372894,0.137942992,0.138091061,0.13825054,0.140857654,0.142015382,0.142947974,0.143256815,0.143812011,0.143922726,0.144838772,0.144956226,0.145133306,0.145201861,0.193712021,0.223950584,0.301143036,0.325326055,0.37470044,0.411305744,0.454494184,0.476102498,0.489855296,0.57726411,0.578234639,0.584370553
0.025634734,0.026269973,0.026594583,0.026908551,0.027221356,0.028366994,0.028843104,0.029244457,0.02935328,0.029839938,0.032347107,0.032657906,0.032559033,0.033303804,0.033801267,0.034106317,0.034154591,0.035112592,0.035196057,0.035333596,0.035716775,0.036671902,0.038171743,0.038587522,0.039211692,0.039141249,0.14558997,0.148101379,0.158568817,0.158754299,0.159336115,0.160676552,0.161974804,0.162402554,0.162508981,0.163086978,0.164149612,0.1643709,0.274699877,0.327678882,0.348929176,0.369348549,0.454530597,0.507471814,0.534427199,0.571919671,0.590875386,0.654222617,0.656326211,0.657168649,0.65901755
0.023741112,0.023987669,0.02498427,0.025573014,0.025773628,0.026788487,0.027160576,0.028670706,0.029723981,0.030222889,0.031406047,0.031694856,0.032273956,0.033909782,0.033687256,0.033971144,0.034010161,0.033624701,0.034274473,0.034436986,0.03453097,0.034751983,0.035651611,0.037101148,0.03747988,0.037974755,0.039235712,0.039602349,0.040054508,0.040273881,0.15842294,0.160799629,0.161906367,0.163357682,0.163409628,0.163864893,0.164488839,0.16541473,0.211259554,0.226351297,0.256676517,0.278530255,0.331593072,0.352228724,0.38979061,0.410512395,0.42217088,0.448798839,0.499546798,0.501656482,0.502736889
0.024717231,0.025130269,0.025167635,0.026066446,0.028376138,0.029192992,0.029377928,0.03204036,0.03294877,0.03288235,0.033165474,0.033870374,0.033744743,0.034134598,0.034137934,0.034405046,0.035005799,0.035715444,0.035677652,0.037527441,0.037775572,0.037778359,0.03825633,0.039556735,0.039825222,0.039935504,0.040300905,0.040731185,0.040911905,0.040874182,0.068096332,0.13424692,0.134670071,0.13727556,0.138727855,0.138751008,0.138854353,0.141098131,0.189423318,0.214956761,0.250457758,0.305008366,0.321374196,0.381956641,0.414364542,0.442954573,0.474174975,0.498763668,0.548966165,0.60979855,0.609264021
0.024138099,0.026046121,0.027160908,0.028200781,0.028392731,0.030458055,0.03052605,0.030650364,0.030963725,0.030899293,0.031085507,0.032313298,0.032243057,0.033272993,0.033696928,0.033726796,0.033895687,0.034391092,0.034496972,0.034883723,0.035320945,0.035774344,0.037911591,0.03817303,0.038862292,0.075789017,0.123965332,0.126771737,0.1270188,0.12702233,0.12731473,0.127472721,0.127889056,0.128404102,0.129434214,0.130048107,0.130575215,0.131141258,0.169313792,0.169510913,0.17032832,0.187714001,0.201530202,0.237488323,0.262642012,0.306376347,0.322418103,0.344296992,0.416110745,0.417911856,0.4165166
0.021604936,0.025709636,0.025566969,0.02616393,0.026558939,0.026515893,0.027581831,0.028446649,0.029070115,0.0302815,0.031497409,0.031772239,0.032795608,0.033174252,0.033179467,0.033968661,0.034368396,0.034427889,0.034607548,0.035675912,0.035807912,0.03598742,0.037609823,0.038313736,0.038582572,0.039854029,0.136499133,0.137575172,0.13842459,0.138824137,0.13925301,0.139582411,0.140369046,0.140631609,0.141115409,0.142664696,0.143364585,0.144063509,0.187620204,0.231435684,0.261421575,0.291139285,0.371252854,0.460585592,0.509739298,0.582134733,0.632395047,0.659553255,0.77172479,0.776536159,0.779363251
0.021722338,0.024682276,0.024647921,0.026066004,0.026486467,0.02759922,0.028973817,0.028946285,0.02930249,0.030156938,0.030197389,0.033398728,0.033685926,0.034281077,0.034433401,0.034334693,0.034534656,0.035123526,0.035281971,0.035022542,0.034983997,0.03532433,0.035112943,0.037009043,0.038117816,0.039409788,0.10362368,0.104895992,0.105810087,0.105913541,0.106056645,0.106220068,0.106650144,0.106639899,0.108766585,0.11026164,0.111034715,0.111747211,0.112336755,0.141429097,0.174198905,0.186449614,0.25537854,0.345306435,0.42733646,0.480300761,0.522809092,0.544280257,0.585219429,0.665615561,0.665757987
0.025293801,0.025334261,0.025349062,0.025771989,0.026284355,0.027638918,0.029021099,0.029068424,0.030053715,0.030428278,0.030848738,0.032636356,0.032684243,0.032672993,0.032868276,0.034011677,0.034210611,0.035055224,0.035138623,0.035445725,0.035804097,0.037303351,0.037523136,0.037909395,0.03837636,0.038595239,0.038947223,0.039684129,0.045217525,0.045818976,0.046433507,0.05903631,0.059074012,0.059519305,0.060002478,0.06034495,0.060656279,0.060832132,0.108453564,0.135614866,0.160403378,0.198542769,0.214555847,0.261318218,0.28991632,0.327444552,0.348754874,0.364772795,0.43870817,0.44036759,0.441639129
0.022859903,0.024633504,0.024628113,0.027260188,0.027503239,0.02778179,0.02892306,0.030294906,0.031144712,0.031753546,0.033159184,0.033503552,0.033554179,0.033700409,0.034147372,0.033870942,0.03453219,0.034708176,0.036167631,0.036434683,0.191766545,0.192426172,0.197345591,0.198403658,0.204815781,0.206551345,0.206546032,0.20685163,0.207469866,0.207909732,0.213747244,0.213801026,0.213904605,0.219945169,0.220106411,0.220296615,0.221207726,0.221361444,0.222093866,0.332333854,0.367792696,0.40502404,0.422025226,0.46081008,0.480376614,0.516223831,0.610003341,0.636233384,0.643156104,0.644231743,0.645538862
0.028721032,0.029832435,0.031431141,0.031950806,0.032415001,0.03287715,0.032858235,0.032778083,0.035677703,0.035936905,0.036261837,0.036705618,0.038101235,0.038181877,0.038463305,0.038740242,0.038751673,0.039622468,0.040033031,0.042155789,0.043621355,0.044214751,0.149223246,0.150015625,0.154209282,0.155443881,0.15607252,0.156302974,0.156279789,0.161417192,0.161555804,0.162311481,0.164970889,0.164992399,0.165212579,0.165297696,0.165288401,0.165356602,0.227094458,0.264661965,0.329134469,0.426039926,0.477978465,0.49366371,0.542820182,0.563069418,0.590180773,0.624541836,0.630088848,0.634422137,0.636702166
0.0262766,0.027581235,0.027787658,0.02959733,0.029830118,0.030479333,0.031052892,0.032379059,0.032335769,0.033239994,0.034515901,0.034547552,0.035186189,0.035770912,0.037420506,0.037360199,0.037684149,0.038196425,0.038536158,0.039253477,0.039320454,0.041259196,0.042203847,0.042453017,0.043780184,0.045654755,0.124379079,0.166545974,0.189089371,0.192042126,0.192180143,0.194363458,0.194625891,0.195051813,0.195011262,0.195494729,0.197265233,0.198164843,0.198904508,0.199269553,0.199941662,0.265710434,0.290148575,0.344827174,0.380234795,0.41810577,0.437430554,0.474134746,0.506170917,0.588197087,0.586832659
0.024825306,0.026247972,0.026354606,0.026288894,0.026467753,0.026374192,0.027052997,0.029297373,0.029752656,0.029746803,0.034169487,0.034002121,0.034298824,0.034440631,0.034829984,0.035234899,0.035885251,0.036981271,0.037097553,0.037518358,0.037808463,0.038484086,0.03860082,0.038902624,0.039578959,0.039937851,0.04032968,0.171227235,0.26856856,0.274742809,0.275105333,0.275517131,0.276962403,0.277315854,0.277871423,0.278130657,0.278237681,0.278349223,0.278801587,0.379919272,0.433702998,0.469563648,0.497146206,0.552390534,0.632047671,0.670089716,0.69785265,0.753819352,0.843988788,0.850574569,0.850788699
0.024387424,0.024637924,0.024786181,0.025608524,0.027286856,0.027519452,0.027768351,0.029079728,0.029358979,0.029272617,0.029790982,0.032193119,0.03224088,0.033641209,0.034695641,0.035348091,0.035709316,0.036004734,0.037314839,0.172149684,0.174325174,0.19455529,0.195105557,0.194889551,0.197649349,0.198501886,0.20045132,0.200763903,0.201475074,0.201818945,0.202313103,0.204190757,0.204633616,0.204698137,0.20491248,0.205932419,0.205923974,0.206522819,0.207102895,0.208469749,0.241281308,0.257137996,0.295168493,0.320857484,0.405744105,0.420807092,0.446311457,0.498257774,0.504375962,0.505612782,0.505293173
0.026534056,0.027860273,0.028755062,0.029579565,0.029953639,0.030221015,0.031163688,0.032667805,0.032832162,0.033263596,0.034837916,0.035662284,0.036257442,0.037115177,0.037301094,0.037437538,0.037655218,0.038489356,0.041616974,0.042923851,0.068846343,0.070432553,0.073165718,0.074160039,0.075012265,0.075235133,0.075974096,0.078216889,0.079457198,0.079979273,0.080427364,0.081030895,0.083359185,0.083833339,0.084306615,0.085204657,0.085543896,0.085655822,0.087333794,0.12036097,0.138544408,0.156874652,0.191393122,0.204374874,0.240967155,0.273975446,0.291746719,0.303430107,0.329486869,0.372677528,0.371821659
0.022736223,0.023150483,0.025307487,0.025723818,0.027318142,0.028623402,0.029491822,0.029443449,0.029747011,0.031126811,0.032134683,0.033436379,0.033590168,0.033590166,0.03362028,0.034137338,0.033881187,0.034349752,0.034555278,0.034758514,0.035018682,0.037418958,0.037773725,0.038461061,0.165837261,0.166255523,0.166428707,0.170084306,0.17147717,0.173070708,0.173392811,0.173908704,0.17440943,0.175547706,0.176417024,0.177286047,0.177830724,0.177938722,0.222077047,0.243706428,0.281716372,0.308434072,0.356480841,0.382434604,0.39784315,0.453384933,0.46674128,0.500719331,0.504602957,0.504793122,0.505562387
0.024608593,0.02540702,0.024964167,0.02656977,0.026388668,0.027136543,0.027814369,0.028964809,0.029424176,0.029856285,0.030614072,0.030687949,0.031297414,0.03316554,0.032999118,0.033776741,0.034302407,0.034398445,0.034861479,0.036164554,0.036542678,0.062444995,0.062938524,0.06452169,0.066384526,0.066471251,0.06862891,0.069287854,0.069232636,0.069726185,0.069935015,0.069760182,0.072053666,0.072680184,0.073962178,0.074306312,0.074560739,0.07502344,0.075085672,0.214223142,0.284334669,0.382646744,0.410736742,0.510809478,0.55115076,0.60558151,0.623339518,0.706054096,0.743204383,0.748584224,0.747916846
0.026563263,0.026642666,0.030389162,0.030563401,0.030932303,0.030868144,0.031828321,0.032176852,0.033025258,0.032866621,0.033177952,0.034800788,0.035038302,0.036602924,0.03765961,0.038384513,0.041170449,0.041916118,0.044321627,0.044684497,0.075286345,0.076675491,0.398700236,0.400962632,0.401378914,0.401470489,0.404074205,0.404108796,0.404494865,0.405822128,0.40624956,0.406521485,0.406829205,0.407345343,0.407973959,0.40808182,0.408101784,0.409350176,0.409437382,0.410091904,0.459468305,0.472868191,0.520847076,0.562331757,0.598583572,0.658725225,0.670306729,0.734029751,0.73616525,0.737055151,0.738674827
0.022208973,0.025319093,0.025212508,0.025150976,0.026862495,0.027516074,0.028480031,0.030175694,0.030652723,0.030698779,0.031968705,0.031991604,0.032842833,0.033024133,0.033492805,0.033671096,0.034187877,0.034480741,0.034879003,0.03551435,0.086434541,0.169834415,0.170734232,0.170852563,0.17173343,0.172056802,0.173463693,0.174140091,0.173882821,0.174271089,0.174439307,0.174696533,0.174678114,0.175801735,0.176051898,0.176136256,0.176898395,0.176920103,0.17704586,0.177607316,0.22205559,0.235397988,0.259738955,0.368324094,0.422256116,0.449670852,0.476575485,0.498154003,0.55225992,0.553150706,0.556458851
0.021695184,0.024632412,0.025533247,0.026133631,0.026223774,0.026728525,0.028640667,0.029950795,0.0311734,0.031607791,0.031772819,0.03180259,0.033286718,0.033552345,0.03401477,0.035740077,0.036442486,0.036737666,0.036780625,0.037404018,0.037600453,0.037705668,0.037737353,0.038263146,0.03882123,0.038852223,0.038865503,0.039034577,0.044375046,0.044891547,0.045233549,0.170373072,0.17145556,0.177920752,0.178228889,0.178600012,0.179921806,0.180446094,0.180596981,0.26492063,0.326995649,0.355652958,0.3970873,0.417197529,0.500640138,0.548102382,0.57857302,0.596846429,0.650879051,0.653451926,0.652746584
0.022272854,0.025167536,0.025738561,0.02605564,0.02637764,0.027575437,0.027742921,0.028980274,0.030955416,0.031204819,0.031335589,0.031922294,0.032360358,0.032906429,0.033589695,0.03449368,0.035001491,0.035158083,0.035344546,0.036016233,0.036686163,0.037077099,0.037323481,0.037569819,0.037348785,0.038396876,0.039054113,0.039431832,0.16155744,0.162473557,0.16303616,0.164050488,0.165479509,0.16640659,0.166487267,0.166693278,0.168548232,0.231696482,0.279373616,0.30911141,0.335550138,0.382445521,0.448887727,0.514716702,0.547108957,0.570496285,0.684969883,0.692112935,0.69278472,0.698958478,0.699562688
0.022382051,0.024212547,0.024564837,0.025657292,0.027362442,0.027490992,0.027672887,0.027720898,0.027977497,0.029621269,0.030275176,0.030999479,0.033666746,0.034198244,0.034366668,0.034513333,0.034984355,0.035166088,0.036463844,0.0369747,0.037160253,0.037981087,0.063763401,0.066222502,0.066387649,0.066519341,0.066790636,0.067423861,0.067478696,0.068313066,0.068602387,0.072072721,0.15135678,0.151683843,0.153213727,0.154906607,0.154878699,0.155345512,0.15608811,0.383921273,0.428595297,0.501010636,0.582245768,0.623412952,0.689582192,0.73142453,0.75864813,0.801329716,0.890147874,0.88924399,0.890631304
0.027259877,0.027941979,0.02838495,0.028891892,0.028937786,0.030259156,0.03052707,0.032122753,0.033990635,0.034269797,0.035729208,0.036139981,0.036206189,0.036282102,0.03728485,0.03743307,0.037835156,0.038106064,0.03946323,0.040146833,0.042292895,0.043908738,0.044655755,0.045037881,0.045279557,0.045585605,0.059912115,0.064546089,0.065186778,0.065540438,0.065737202,0.065442721,0.066456863,0.067175214,0.067957376,0.069031036,0.068986634,0.069448403,0.070669201,0.106781213,0.115301063,0.152819868,0.171448167,0.206652134,0.273970784,0.307224122,0.330322135,0.463681442,0.471313767,0.483934917,0.484540604
0.023596691,0.025698448,0.025685924,0.02597268,0.026328977,0.026425934,0.026720953,0.029238449,0.029729715,0.031760534,0.032225508,0.033044401,0.032893352,0.033485051,0.033991073,0.03414364,0.034765205,0.035482041,0.036604685,0.081508258,0.0852241,0.173932629,0.174966386,0.176976197,0.177923196,0.178603543,0.179035915,0.179650654,0.180186715,0.180424421,0.181012202,0.181184674,0.181727455,0.186828099,0.187011819,0.187410054,0.187583176,0.187633317,0.187954076,0.232662008,0.248695922,0.300517082,0.327408267,0.350745163,0.375489924,0.412693152,0.438840534,0.509733121,0.513486822,0.51454545,0.517028116
0.028900283,0.030935697,0.030678409,0.030584696,0.031533558,0.031823633,0.033516968,0.034550322,0.035314228,0.035761612,0.035816965,0.035892391,0.036358152,0.037012498,0.037534362,0.037882847,0.038080929,0.038327992,0.03989019,0.040041368,0.040521106,0.042300685,0.042424924,0.044705861,0.044941074,0.044703852,0.045721937,0.046228474,0.04644266,0.046417126,0.047428823,0.049054894,0.049812177,0.049889145,0.050152522,0.051211239,0.05138442,0.13327696,0.136754356,0.160336664,0.178703887,0.223079035,0.249311123,0.310168618,0.334438834,0.364101307,0.40437874,0.473196298,0.479713346,0.477833201,0.480915735
0.021633529,0.025603816,0.025707592,0.025753617,0.025542214,0.026701911,0.027898929,0.028534814,0.028571152,0.029051864,0.029782731,0.031078173,0.031575988,0.032589427,0.033244014,0.033200623,0.033415066,0.034104279,0.035901539,0.062560477,0.06353486,0.063955863,0.064440277,0.064573085,0.065369337,0.065738925,0.065878422,0.066319725,0.066679578,0.067340743,0.067732524,0.068009128,0.069065784,0.069583963,0.070253921,0.070326823,0.07079662,0.070935658,0.073111252,0.106674323,0.124862333,0.162608518,0.186660378,0.246329274,0.298653158,0.376303014,0.407026853,0.447793399,0.502021258,0.593489867,0.593442147
0.022074841,0.023700252,0.024733401,0.025280047,0.02695556,0.027742018,0.028400627,0.028456019,0.028308271,0.028883475,0.029229495,0.031427616,0.032578996,0.032644377,0.032780115,0.033044416,0.033351108,0.03360071,0.034018048,0.034249322,0.034358989,0.03462489,0.034944068,0.035410808,0.037217645,0.037964772,0.038825431,0.039522446,0.039687709,0.045419816,0.046350987,0.04633501,0.046337603,0.04778074,0.048237848,0.048491827,0.049186172,0.04938357,0.186566287,0.205837044,0.243313666,0.330847554,0.350502323,0.376197537,0.421666802,0.504552854,0.554433914,0.564968068,0.572818084,0.574412931,0.575508324
0.023513321,0.024056728,0.025111281,0.026216641,0.027236812,0.030271099,0.030826454,0.031120662,0.031267024,0.03110774,0.033362288,0.033529958,0.033796812,0.034045985,0.034367321,0.034453386,0.035323244,0.035226968,0.035693735,0.035291652,0.035729046,0.03567508,0.03640083,0.037526602,0.03875786,0.038944532,0.039389974,0.039600783,0.039798006,0.044124981,0.044855024,0.046483666,0.057503072,0.057610045,0.057819191,0.058524623,0.058617002,0.144780606,0.158361001,0.158521568,0.245575044,0.349917912,0.37374526,0.475554733,0.532703319,0.566247607,0.680759108,0.699724005,0.709792253,0.711611077,0.716239782
0.024096801,0.027039502,0.026853211,0.027171289,0.02825822,0.028206892,0.030317321,0.030505747,0.030646681,0.030557528,0.032123981,0.03312943,0.033098522,0.034168044,0.034643561,0.03497187,0.035509681,0.035954409,0.036144817,0.036238769,0.035940207,0.149949457,0.149780686,0.176117996,0.18252468,0.184619053,0.187466093,0.189397944,0.19003495,0.19025286,0.190346787,0.191033316,0.196332713,0.196522199,0.196919621,0.197307636,0.199424097,0.20094361,0.291442904,0.292093471,0.323525182,0.323759489,0.401019222,0.45027939,0.474240183,0.626456291,0.676893244,0.785605484,0.791304516,0.79125202,0.792849561
0.023312952,0.023931345,0.024001579,0.025463609,0.025541143,0.027643088,0.028587146,0.028871268,0.029427149,0.03035736,0.031513104,0.032393484,0.032787031,0.03403961,0.034315076,0.035344877,0.0350687,0.034899376,0.035335517,0.035329202,0.035294481,0.035213305,0.0360623,0.035941151,0.03847119,0.038597078,0.038858446,0.039134761,0.039197807,0.039241935,0.156789634,0.15930792,0.159837128,0.160005483,0.16034658,0.161282902,0.164008267,0.165367167,0.202456958,0.2319034,0.25706269,0.294395096,0.309331926,0.350397933,0.373240539,0.409268625,0.427582189,0.43855956,0.509545058,0.512783577,0.514691465
0.024861674,0.025283218,0.027090313,0.02727079,0.028289884,0.029170326,0.029748704,0.030135429,0.030672502,0.030747338,0.030734955,0.031989302,0.03231662,0.032620797,0.032680109,0.032647686,0.033306196,0.034171503,0.034292503,0.03443525,0.034353914,0.034915276,0.035798531,0.036000259,0.037291958,0.039088418,0.03934103,0.056598687,0.145100168,0.145179689,0.145820792,0.148141332,0.149957183,0.150757389,0.151112936,0.151689424,0.152722858,0.153259397,0.200913365,0.230382384,0.24466678,0.260280609,0.354396853,0.38029366,0.425604763,0.439965248,0.470545747,0.495744697,0.54893678,0.550319069,0.552566559
0.023016809,0.024398263,0.026130616,0.026553673,0.026349878,0.027139718,0.027712583,0.027856739,0.028622962,0.030301942,0.030888234,0.030823239,0.031274884,0.032120209,0.032747591,0.03298095,0.032748763,0.033376863,0.033705622,0.034109014,0.035159239,0.035789676,0.037170242,0.037820281,0.03812774,0.148241197,0.149068646,0.149602828,0.240627867,0.242309847,0.246388488,0.24709076,0.247468244,0.248082881,0.2500366,0.250741353,0.251044451,0.251288176,0.334863279,0.335329741,0.41141995,0.443661918,0.472051997,0.620787484,0.699911701,0.735537167,0.794072595,0.819709333,0.833260482,0.838163376,0.839933065
0.021947989,0.023274347,0.024876605,0.026186706,0.026381333,0.026870122,0.028537009,0.029117694,0.029912627,0.030164187,0.030726209,0.031185421,0.03370254,0.033595342,0.033782248,0.033983433,0.034088749,0.034701334,0.034843773,0.034895127,0.035447812,0.035434917,0.036456215,0.037493162,0.038927121,0.039051408,0.045376855,0.045770082,0.045874692,0.046613008,0.047641259,0.057608917,0.057726472,0.058237005,0.058370492,0.05893093,0.05910209,0.106223113,0.106995637,0.153677102,0.17220975,0.211844611,0.301258127,0.393713725,0.451356502,0.493883381,0.525494222,0.664600023,0.672957226,0.673624286,0.674641408
0.022266549,0.02455148,0.024556373,0.024430954,0.02558945,0.028995214,0.029753252,0.030040256,0.030213253,0.030414627,0.031347818,0.03147171,0.033550207,0.033875253,0.034108457,0.034623797,0.03468784,0.034983658,0.035094412,0.034826238,0.034973601,0.036267341,0.036737292,0.038085309,0.038574149,0.038781388,0.039053291,0.039149951,0.03923585,0.219669493,0.220696732,0.224812542,0.225195947,0.225685432,0.225872776,0.22573445,0.225838851,0.226955451,0.262721686,0.282924489,0.362375036,0.429260942,0.449520075,0.483538157,0.531856536,0.558419046,0.580853272,0.675841086,0.680282296,0.680616298,0.682835335
0.024942767,0.025545269,0.025534506,0.026140988,0.027155907,0.027497317,0.028241133,0.029199197,0.029676477,0.029997265,0.030340833,0.033309949,0.034019915,0.034345594,0.034986256,0.034947438,0.034969991,0.034988507,0.035200416,0.035563807,0.035749796,0.035619413,0.036377524,0.037697667,0.037632,0.038258179,0.038144165,0.038760876,0.038905782,0.039118085,0.046112858,0.046434585,0.058805118,0.06003305,0.060525622,0.060620107,0.060864107,0.061044162,0.193235201,0.248784246,0.349285907,0.379755349,0.493840982,0.561249386,0.626357942,0.662834278,0.683398876,0.800031856,0.814421183,0.816272057,0.819074126
0.029086978,0.029698664,0.031678834,0.033337918,0.03326187,0.033391441,0.034165708,0.034251376,0.035698825,0.036282789,0.037081318,0.037389415,0.037549206,0.03832803,0.038424669,0.038480892,0.038885337,0.040828167,0.041416993,0.044694265,0.044973428,0.045100235,0.045162761,0.045163675,0.045138436,0.045159782,0.046362564,0.048600188,0.048995377,0.049102743,0.04920347,0.049533172,0.049693364,0.052908484,0.05336559,0.053470852,0.053990976,0.141257581,0.143960052,0.147077826,0.196156161,0.215667421,0.259427476,0.299707501,0.313141789,0.339722355,0.354004966,0.39347436,0.436054851,0.439520799,0.444224962
0.02331643,0.024743498,0.02467036,0.025457107,0.027968894,0.027841163,0.028570621,0.028717062,0.028793769,0.029744096,0.030241413,0.030622384,0.034115616,0.034305296,0.034573003,0.034582059,0.034763399,0.034854724,0.034985613,0.036017529,0.036066204,0.037418451,0.037667882,0.038111934,0.068338509,0.069370241,0.070475329,0.073289621,0.14335398,0.144648108,0.144871619,0.145203674,0.146016104,0.14613996,0.146402716,0.147530406,0.147584064,0.148624716,0.148695828,0.222433207,0.259757994,0.259831048,0.283546435,0.347474405,0.45300469,0.510305138,0.532472162,0.555260056,0.619793901,0.620712613,0.622752557
0.025780067,0.029877174,0.029906632,0.030517792,0.030522859,0.031407577,0.031678321,0.032914843,0.03334742,0.03375783,0.035980212,0.036145241,0.037010843,0.036832758,0.03711411,0.037594259,0.038113916,0.040431911,0.041432142,0.041303306,0.042257837,0.042959382,0.043849459,0.043814022,0.044250794,0.044645898,0.044715879,0.04627961,0.046373663,0.046521251,0.046440974,0.046691049,0.047757831,0.047731936,0.047964253,0.048220906,0.048361903,0.049267746,0.097673256,0.156948503,0.173849446,0.212666829,0.232608768,0.279105601,0.306589692,0.346194457,0.362495074,0.437045514,0.456257087,0.459003466,0.461940465
0.024276808,0.024511444,0.025331623,0.027919292,0.027937999,0.027842721,0.028039994,0.027793528,0.027884878,0.029158347,0.029305353,0.030329872,0.032109217,0.033036157,0.03333441,0.033457336,0.033909012,0.03454079,0.03448151,0.034731151,0.036015526,0.036739005,0.037455641,0.037554577,0.037945874,0.038074888,0.038609706,0.038901868,0.0444961,0.142921023,0.145995528,0.146142347,0.153387469,0.155766459,0.157413045,0.157542494,0.157744424,0.158061614,0.188993789,0.252035049,0.291149492,0.380796969,0.43798681,0.462881169,0.552665489,0.557715062,0.577280161,0.6039489,0.654862577,0.65457244,0.656046379
0.029643042,0.029633183,0.030994226,0.031346943,0.03190652,0.031414414,0.03199898,0.032725948,0.032850279,0.03548254,0.036808585,0.036950306,0.038158196,0.03823356,0.038506262,0.039338281,0.039546705,0.039553587,0.03958288,0.041049952,0.04308424,0.044028872,0.045569608,0.075136235,0.076034185,0.077278094,0.079200934,0.079876515,0.097488751,0.099721752,0.099701711,0.102520646,0.10290539,0.10316111,0.10318294,0.103528238,0.103931785,0.104153919,0.122604223,0.32516733,0.35225112,0.363044345,0.403546469,0.442247166,0.460657549,0.473954246,0.546656208,0.552128666,0.551963862,0.55523468,0.555906729
0.02187964,0.023832568,0.024596264,0.025632161,0.027215096,0.027298747,0.027370443,0.028802725,0.030296094,0.030705393,0.030784697,0.031682369,0.031917907,0.033474671,0.034339786,0.034753601,0.035761181,0.035667158,0.036600824,0.03671526,0.036842762,0.037657522,0.038566926,0.03913016,0.039252162,0.156937876,0.157081229,0.157847284,0.158606512,0.159535272,0.19780134,0.19852093,0.198799095,0.198851106,0.198912797,0.199166167,0.199105535,0.200752415,0.201837527,0.240508096,0.258427593,0.275433762,0.352841807,0.43410378,0.549781613,0.588887594,0.65547017,0.761033453,0.761449316,0.761702439,0.763278677
0.025383392,0.025647901,0.027686116,0.028143387,0.028083253,0.028508697,0.030072601,0.030129551,0.030428976,0.031333371,0.032055106,0.033142413,0.033089862,0.033242681,0.03410316,0.034375449,0.034564625,0.034585945,0.034881698,0.036547187,0.036552743,0.036974612,0.03821278,0.038604562,0.038858258,0.155295578,0.156499159,0.157420898,0.161400242,0.161660134,0.162235485,0.163408111,0.164233355,0.164274615,0.164435701,0.165077922,0.204976809,0.248520919,0.257400969,0.264344145,0.338593252,0.363769391,0.460247713,0.537945941,0.59354959,0.630865415,0.677273014,0.766133051,0.767084029,0.767633742,0.769255358
0.026833788,0.027488025,0.02881272,0.028751293,0.029451498,0.030408686,0.032192227,0.032508505,0.032786945,0.034486501,0.034218636,0.034503198,0.036211528,0.036355027,0.03695236,0.037161087,0.037688538,0.040072633,0.041597514,0.042441141,0.042519295,0.042029915,0.044146944,0.044292745,0.044672313,0.046538824,0.046685712,0.046925843,0.046977406,0.047151845,0.047063581,0.047349483,0.047913972,0.048509692,0.049386949,0.049836052,0.049544211,0.049797071,0.101784123,0.130642336,0.156385409,0.235747818,0.321757994,0.397679932,0.444849416,0.516160866,0.547595382,0.578070541,0.590045217,0.642809708,0.648461687
0.022320188,0.026218087,0.026204855,0.026339733,0.028135772,0.028362192,0.028444276,0.029097977,0.02998934,0.029974554,0.031460884,0.032912425,0.033005065,0.033393931,0.033462085,0.033930345,0.03397551,0.034018353,0.034616541,0.034759582,0.035004945,0.073711978,0.073653603,0.141075786,0.147883643,0.149238609,0.149077324,0.149552532,0.196460858,0.198267989,0.198528117,0.198708879,0.20039085,0.203259945,0.203942611,0.204135141,0.206991012,0.207189744,0.210196369,0.210623667,0.31293301,0.31366005,0.350860632,0.437421849,0.532108886,0.584486826,0.672567648,0.784460189,0.815196784,0.815698745,0.822975656
0.022033751,0.025420692,0.025455504,0.025574983,0.025801794,0.026369895,0.026944612,0.028436245,0.030817781,0.031547459,0.031997308,0.033587481,0.033646583,0.033692468,0.033464956,0.033444759,0.033947132,0.034582879,0.03469232,0.034847513,0.036242198,0.036270814,0.037571446,0.038105761,0.038395933,0.039046398,0.039104698,0.039497497,0.039552683,0.044297333,0.045790417,0.045969145,0.060098631,0.060570936,0.060721265,0.061109273,0.06141671,0.062028134,0.084111121,0.120200255,0.19412438,0.307195376,0.342937719,0.452122614,0.514531085,0.596958884,0.609056283,0.616696553,0.654179696,0.700377223,0.701506865
0.023602066,0.025662497,0.025894477,0.026452305,0.026660989,0.027770946,0.027670399,0.028874778,0.029002323,0.029944205,0.031461958,0.03178468,0.033075193,0.033235699,0.03443866,0.034869664,0.034960466,0.035279815,0.036032793,0.036340318,0.036550607,0.037234686,0.038247497,0.038735002,0.038773213,0.066417759,0.06670934,0.067483451,0.188256971,0.196843195,0.197140942,0.197424181,0.198167383,0.2022585,0.202383471,0.203681437,0.20541583,0.205676301,0.308315809,0.372928399,0.378062074,0.409473494,0.499737371,0.584444713,0.62760343,0.639676054,0.655571134,0.678363253,0.688266312,0.692940308,0.696339483
0.021153945,0.023603139,0.023889591,0.025222227,0.026164515,0.027536073,0.027655269,0.028614216,0.028984902,0.029321978,0.030898272,0.031605419,0.032612546,0.033776826,0.034797925,0.035049972,0.03587215,0.035916391,0.035671152,0.035936057,0.035905613,0.035602089,0.036850523,0.036989518,0.038365438,0.039289918,0.039591703,0.039808787,0.160445019,0.234186416,0.239994389,0.240746198,0.244813121,0.245176207,0.245366256,0.246036987,0.246229161,0.246384307,0.246395618,0.330269115,0.357500044,0.389564497,0.393107597,0.429217587,0.453811937,0.472829281,0.520684379,0.614882901,0.626014787,0.629228677,0.629946551
0.024990796,0.0250147,0.025279868,0.026142875,0.026675707,0.027101227,0.027588827,0.02767406,0.028271255,0.029271313,0.030637368,0.032785833,0.032481854,0.033102599,0.033570415,0.034203198,0.034326986,0.034605044,0.19183533,0.1944748,0.194890542,0.196153888,0.240470043,0.240330106,0.246753538,0.247062202,0.247088212,0.247854735,0.249313127,0.25138415,0.251982183,0.253864443,0.254555609,0.256262176,0.256524795,0.25663889,0.256935027,0.258252383,0.2583525,0.258990044,0.289887746,0.309117485,0.378504029,0.404500629,0.449996939,0.514069125,0.611114615,0.639084324,0.692428764,0.769954591,0.76925808
0.021892451,0.022660366,0.025425038,0.02530438,0.02715289,0.027632171,0.029172774,0.029686929,0.030432798,0.030928655,0.031224569,0.031998001,0.032262835,0.03279306,0.032537171,0.033203119,0.033020225,0.033717756,0.033784011,0.034197569,0.035516697,0.036002097,0.037481694,0.0380468,0.038779538,0.039026718,0.039084667,0.03953196,0.039890977,0.155847516,0.15810352,0.160311344,0.160811223,0.162009667,0.16425529,0.165283683,0.165792525,0.166028368,0.212821755,0.233922686,0.247178319,0.292751441,0.335432452,0.354886128,0.370798519,0.407268859,0.431776861,0.443189225,0.48340036,0.487987626,0.490966882
0.022618197,0.02394116,0.023981672,0.023973778,0.02795271,0.027894376,0.028052842,0.02828941,0.028435944,0.029190225,0.030094427,0.030329507,0.031816979,0.032069246,0.033138737,0.033527593,0.033786039,0.033944826,0.034007472,0.034574806,0.065006826,0.067567677,0.146210361,0.148393826,0.150556231,0.154984193,0.156327239,0.157019796,0.156985241,0.157840817,0.158646962,0.159588615,0.160791732,0.162149288,0.162477053,0.163661424,0.212982653,0.309338172,0.31019023,0.310754113,0.381890144,0.387243865,0.390587721,0.430075788,0.460630826,0.497591217,0.515330782,0.537993506,0.581404671,0.584690037,0.587598897
0.022145996,0.024298591,0.024489615,0.02556498,0.02602537,0.027316039,0.029941496,0.029925635,0.030061153,0.030092518,0.032248299,0.033093681,0.033414646,0.170984017,0.250564091,0.321427175,0.324399949,0.326142798,0.329201621,0.331050441,0.331377084,0.332256172,0.335411666,0.342393911,0.344746556,0.345083002,0.349018501,0.349369053,0.349640041,0.350395926,0.351579813,0.351802716,0.353050584,0.35393674,0.354261825,0.354377204,0.354526825,0.354508617,0.355873392,0.355960367,0.357616778,0.394730022,0.417507034,0.436393645,0.454754762,0.542076791,0.643855289,0.671969583,0.681372298,0.683498513,0.687092233
0.023575945,0.025878472,0.025855438,0.026277757,0.02875107,0.030392373,0.030663229,0.030904584,0.032650064,0.033326172,0.033168801,0.033662976,0.033754055,0.033566865,0.033845773,0.033864109,0.034241574,0.034523686,0.034649916,0.034932463,0.035214315,0.035254681,0.035818591,0.065453234,0.06686903,0.067056228,0.067715997,0.068030544,0.068194548,0.070351468,0.071281043,0.071283876,0.072862079,0.072931877,0.074053616,0.074956817,0.076665689,0.170523043,0.171546435,0.205818079,0.222552526,0.419402461,0.451009026,0.566321412,0.635761323,0.674834342,0.752223771,0.803838618,0.805172974,0.804529597,0.805744215
0.026125408,0.02689995,0.026945513,0.030591456,0.031236495,0.031229248,0.032184279,0.032774207,0.033063795,0.034834562,0.035734033,0.035981938,0.036180743,0.036832541,0.037087238,0.03750002,0.037752701,0.038017334,0.041839543,0.043278579,0.075523366,0.078076447,0.078550973,0.079547464,0.139199808,0.139444707,0.139409196,0.1396423,0.141410594,0.141879425,0.142630202,0.143091302,0.143444472,0.14670209,0.147070453,0.147165155,0.147679032,0.148254185,0.148246999,0.198833087,0.210011196,0.256800008,0.2695938,0.315496426,0.338216878,0.379790304,0.395187491,0.413729031,0.442807307,0.443736248,0.447623063
0.027851894,0.028211543,0.029006356,0.030618619,0.031137819,0.031683679,0.032490259,0.033490539,0.033330178,0.033700533,0.034224355,0.034390154,0.035862304,0.035634881,0.035167514,0.035862441,0.036287502,0.036536073,0.03904606,0.039197123,0.040487702,0.040758493,0.041640128,0.042362205,0.043788419,0.056640236,0.058021554,0.060029203,0.059788821,0.060976037,0.062262996,0.06291369,0.062716372,0.063273792,0.065225654,0.065633186,0.066107865,0.066763735,0.067861832,0.110263415,0.152243524,0.222822856,0.389253966,0.550089923,0.644657038,0.743258093,0.763019428,0.776081959,0.818981007,0.835571467,0.842820296
0.023704531,0.023594417,0.027656481,0.028033107,0.0279653,0.028035641,0.028784117,0.029046976,0.031164369,0.031427956,0.031749837,0.031825237,0.032423065,0.032747164,0.03285655,0.03333315,0.034127502,0.035407181,0.036593172,0.036704881,0.037522054,0.037915339,0.037943943,0.158892565,0.362694352,0.38958516,0.392992483,0.393107406,0.393526728,0.394385745,0.394596617,0.394740182,0.395906582,0.395782725,0.395743701,0.396946799,0.397078763,0.397304293,0.397882727,0.398041586,0.398322585,0.448106578,0.516287499,0.538738295,0.580676912,0.641669428,0.67235019,0.785045997,0.790189796,0.792442647,0.798833196
0.024906959,0.025055526,0.025551643,0.026448813,0.027359536,0.027325796,0.028738394,0.029598329,0.030638365,0.030696105,0.031615687,0.033067069,0.033420269,0.034058356,0.034060682,0.034474716,0.03495889,0.035460323,0.035802639,0.035844739,0.06396858,0.141949516,0.1431608,0.144169279,0.144480556,0.184987983,0.186238774,0.191818314,0.200567774,0.2006518,0.200824982,0.200963859,0.20126685,0.203416473,0.203935522,0.20475418,0.205185744,0.205676213,0.205720169,0.20609945,0.206574297,0.346699041,0.476179297,0.579253864,0.637373095,0.703100039,0.733818326,0.768104028,0.856235948,0.85695797,0.857201707
0.024223637,0.024929033,0.026005751,0.026037008,0.028677328,0.028653026,0.029068411,0.029004249,0.029611263,0.031113765,0.031267712,0.032904749,0.033259865,0.033955333,0.034194842,0.034593125,0.035115838,0.035407469,0.035457623,0.035492403,0.035441035,0.036595083,0.036881492,0.037739358,0.038298122,0.160149358,0.202626531,0.203004411,0.207701582,0.404823689,0.405124637,0.407027878,0.407883208,0.408053243,0.408215447,0.408448442,0.40898513,0.409347662,0.409530249,0.409774868,0.517439573,0.574073062,0.610037431,0.705991594,0.732135554,0.786765421,0.861642393,0.891883479,1.002359258,1.005956962,1.008214347
0.02163258,0.022539057,0.023218061,0.025443959,0.025939301,0.026573494,0.026265086,0.027136006,0.027145492,0.029260705,0.029832713,0.030969877,0.031637229,0.031787786,0.033246085,0.03187406,0.033330401,0.034843495,0.035502195,0.036766573,0.036275414,0.037054205,0.036653807,0.038263235,0.038606363,0.03839016,0.038679901,0.144277696,0.142945292,0.176482266,0.178863036,0.179876701,0.181561973,0.181640409,0.18257537,0.183033637,0.183404731,0.185513036,0.183917988,0.184022381,0.233395295,0.267915491,0.333272914,0.3601655,0.451850861,0.529529521,0.567786471,0.597909098,0.655296502,0.763883656,0.759003179
0.024237986,0.025192581,0.025959336,0.026928894,0.027112207,0.027929225,0.027890325,0.0274216,0.028407752,0.029741493,0.030823545,0.031493881,0.032021578,0.03248472,0.032828886,0.033602029,0.033872066,0.033747235,0.033812721,0.034010773,0.033995301,0.034117888,0.035313687,0.037993101,0.038499093,0.038698097,0.03928642,0.03943494,0.039651652,0.043801815,0.055358794,0.05649277,0.057026377,0.057198972,0.057619571,0.057779258,0.057892634,0.058246981,0.174942817,0.230641626,0.27528566,0.359977238,0.364469342,0.431548811,0.567484784,0.597690038,0.672980802,0.685578518,0.693229606,0.694964911,0.699036035
0.024885786,0.025296288,0.025847712,0.027259893,0.027956989,0.029053109,0.029104721,0.029509936,0.029448105,0.031729482,0.032529454,0.033061458,0.033313209,0.034149309,0.034068387,0.035357745,0.036266874,0.036612308,0.036590665,0.037067406,0.037967902,0.03812098,0.038726089,0.039086748,0.039119841,0.03911768,0.069721666,0.10558644,0.133298716,0.133394927,0.134273556,0.136820821,0.136997487,0.137155117,0.153808161,0.153770514,0.155400299,0.156484094,0.157252882,0.157897663,0.161067031,0.172930885,0.213475866,0.296718931,0.3238225,0.406624651,0.473760387,0.531115042,0.557013628,0.645503235,0.644684355
0.027472624,0.026811648,0.027035955,0.027831538,0.028224327,0.028379035,0.028318759,0.028385871,0.029117111,0.029681542,0.033301183,0.033295739,0.0337461,0.034316989,0.035186061,0.035524238,0.035855182,0.036800645,0.03655694,0.036886628,0.036937235,0.036631162,0.037040316,0.03856269,0.038844283,0.151707912,0.152173961,0.152908593,0.152890075,0.153284903,0.153207354,0.153293087,0.158900417,0.159248731,0.160263978,0.160873732,0.161442073,0.162819079,0.18389312,0.236393126,0.246555206,0.297721702,0.320775623,0.364595451,0.411545521,0.479527644,0.506132195,0.537575595,0.547818292,0.548289338,0.551328429
0.027094256,0.027537525,0.029782115,0.02972164,0.030612893,0.03031185,0.030872605,0.031216617,0.031624463,0.032105682,0.032126035,0.032771311,0.035988653,0.036476391,0.03755786,0.037627313,0.03756772,0.038175623,0.039274777,0.041028917,0.061413104,0.062059844,0.062484163,0.070147322,0.073234008,0.07344367,0.07461191,0.075008915,0.075131841,0.075846401,0.076072564,0.078943176,0.079174221,0.080023658,0.080695269,0.081786997,0.081730129,0.082046067,0.083468827,0.133646947,0.164453311,0.195821988,0.205891216,0.259540381,0.290958793,0.305174826,0.316801441,0.336978549,0.416071064,0.42039284,0.420852466
0.021289314,0.023035659,0.023086432,0.02603921,0.026710108,0.02735077,0.027725168,0.027890655,0.028012032,0.028955091,0.029645512,0.030344376,0.03283343,0.032894984,0.033018244,0.033314868,0.034112941,0.034314991,0.06625252,0.066303482,0.067416876,0.073224431,0.074407096,0.074707683,0.07530429,0.075396201,0.076376923,0.076700835,0.077797532,0.078029596,0.078682425,0.079720314,0.082936521,0.083228689,0.084122889,0.084260568,0.084458514,0.084709271,0.085453816,0.16988981,0.196857428,0.440056929,0.560526068,0.625909345,0.659079176,0.755197465,0.818746161,0.904592983,0.944446561,1.073355662,1.073738151
0.025044113,0.02550231,0.025581856,0.026093265,0.026755838,0.027434253,0.02774963,0.028227754,0.028547585,0.029767677,0.032660012,0.033482556,0.033714835,0.034209963,0.034233111,0.034964155,0.035326383,0.035308553,0.035447053,0.035521916,0.035774809,0.035901757,0.172394505,0.190807862,0.192172273,0.216636314,0.22340229,0.224120732,0.224489345,0.224757693,0.225441604,0.225944606,0.226583221,0.227743289,0.229840905,0.230805248,0.230972092,0.231764527,0.232020202,0.232134971,0.232210723,0.520218926,0.603712713,0.645059174,0.740613001,0.834863877,0.86436283,0.866471252,0.866990103,0.867689357,0.868804192
0.021977647,0.023430268,0.026659588,0.027506047,0.028229527,0.0280649,0.028555538,0.028474684,0.028667966,0.030160271,0.030358043,0.030123509,0.030362129,0.032884463,0.033288643,0.033575041,0.033704234,0.033979214,0.034248506,0.034688472,0.036147913,0.037296261,0.037528742,0.038292874,0.038462628,0.038945712,0.156347647,0.157263831,0.159139079,0.159195597,0.159347186,0.163632542,0.164479449,0.166786217,0.167166628,0.167375491,0.1687281,0.169107424,0.169558882,0.272465291,0.31270274,0.40372003,0.463439607,0.494109809,0.543226461,0.567192905,0.586877789,0.617963372,0.681596829,0.681909977,0.68453805
0.021476124,0.024643464,0.026056977,0.026982822,0.027226547,0.02737195,0.027140182,0.029353145,0.029777286,0.030857868,0.030953671,0.030845024,0.03328454,0.034117035,0.034432829,0.034958328,0.034949158,0.035328524,0.035725254,0.037228764,0.155703022,0.157977302,0.15843876,0.158774894,0.159837088,0.160664929,0.161356901,0.1618216,0.164094859,0.164832408,0.165320483,0.166143929,0.16665619,0.166851199,0.167131903,0.167456357,0.167916251,0.169059713,0.210835395,0.249369079,0.344420811,0.430262837,0.48698034,0.513550048,0.591013695,0.618398104,0.656585372,0.709911167,0.797349238,0.799284566,0.801298996
0.022299116,0.023727011,0.026407972,0.026346727,0.027202086,0.027731771,0.02801473,0.029651302,0.02967281,0.029628783,0.03101798,0.032428164,0.032746294,0.033167657,0.033667134,0.033720913,0.034032203,0.034311018,0.03527595,0.035760421,0.035786641,0.038034619,0.03861974,0.03866006,0.042568661,0.07446718,0.075106782,0.076692015,0.078453457,0.079416323,0.079887058,0.080877245,0.081039199,0.08102164,0.082042695,0.083587389,0.083854553,0.084231634,0.225023389,0.225172457,0.318052098,0.352796756,0.361452334,0.479629007,0.508543855,0.548971654,0.600178328,0.600483073,0.603071323,0.604708688,0.603685873
0.022141269,0.024576655,0.02520335,0.025396109,0.026934669,0.026888147,0.0271659,0.027909867,0.028184708,0.028944821,0.03051339,0.032213428,0.033194627,0.033178392,0.034168063,0.034394536,0.034334673,0.034863815,0.035136833,0.035938203,0.035948977,0.036845875,0.037177092,0.037520391,0.037797628,0.037918842,0.038179896,0.14417411,0.14502973,0.145797818,0.146239288,0.146491876,0.147303152,0.147815664,0.148260803,0.149062219,0.149173533,0.149461231,0.151051465,0.18302143,0.22342731,0.260696661,0.297334877,0.405694387,0.46942634,0.560066928,0.578220453,0.591678172,0.626977905,0.670451198,0.669722171
0.024885308,0.025487252,0.025486217,0.025554243,0.026713879,0.027306769,0.028655509,0.029945183,0.030536591,0.030991308,0.032035681,0.032228477,0.033779835,0.035124161,0.035540288,0.035632662,0.164767596,0.16477593,0.205753621,0.205371441,0.205833293,0.206184295,0.206874464,0.207438173,0.207401871,0.208646904,0.209230246,0.209437773,0.210089954,0.213063707,0.214332868,0.214623237,0.215620685,0.220597348,0.222449579,0.223046134,0.223264369,0.223505142,0.223724576,0.224068271,0.403262607,0.444292657,0.464191132,0.528601841,0.576322288,0.631154471,0.663965884,0.691313416,0.76973442,0.77116066,0.77382541
0.023585951,0.025365755,0.026035479,0.027153357,0.027994907,0.028443614,0.029071031,0.029542485,0.029454932,0.030130486,0.030517555,0.032991834,0.034089465,0.034383124,0.034424492,0.034564639,0.035879808,0.035886954,0.035875416,0.037251068,0.075580069,0.075792376,0.200513529,0.213081994,0.214176815,0.214983131,0.221411987,0.221504234,0.221846536,0.222424451,0.222630912,0.223757071,0.224821376,0.227700021,0.227808287,0.228283531,0.22850695,0.229141701,0.229474207,0.319865795,0.357523128,0.445147704,0.476135352,0.549975994,0.591061949,0.613837734,0.642801789,0.741878645,0.749234658,0.758492765,0.764137722
0.020883025,0.021876575,0.025336286,0.026318432,0.026626515,0.026525738,0.026891456,0.027086771,0.027357846,0.02824418,0.028433735,0.029561666,0.032759255,0.032845679,0.032968537,0.033158307,0.033703006,0.03367675,0.034145626,0.034375983,0.049047197,0.059757951,0.06159175,0.062233125,0.063615962,0.06372781,0.064444826,0.064579439,0.064648567,0.065217049,0.065247382,0.065381746,0.065754648,0.065692828,0.066240414,0.06631391,0.066875051,0.067530027,0.069412424,0.10317709,0.151019262,0.161110408,0.187438453,0.267672069,0.319393371,0.355949656,0.365794584,0.382447132,0.438661196,0.442495748,0.443265798
0.024527736,0.024804434,0.02603099,0.026998688,0.027028648,0.027020386,0.028005785,0.029580745,0.030224568,0.030685015,0.033112362,0.033974884,0.033952633,0.034144434,0.034464329,0.034779779,0.035043504,0.035413626,0.035344779,0.035758465,0.03572154,0.037898377,0.038854863,0.038949526,0.044624873,0.045241652,0.141194498,0.141757572,0.142101278,0.142187002,0.142619266,0.143182807,0.143242043,0.144025775,0.146424155,0.146792922,0.147328272,0.149048043,0.166822845,0.21337259,0.281337977,0.300237523,0.353887312,0.393171931,0.44131004,0.469123958,0.489718192,0.585435503,0.592580653,0.593795351,0.593894941
0.025821173,0.026167524,0.026666557,0.029187121,0.029118268,0.030278243,0.030695624,0.030711124,0.031788751,0.032224821,0.032501042,0.032531502,0.036062374,0.0366314,0.036688811,0.036667832,0.036920424,0.040331872,0.040544304,0.041271551,0.041992831,0.042107909,0.063629947,0.064048059,0.068324306,0.069020945,0.069293331,0.06953458,0.070157852,0.070546826,0.071749739,0.071862316,0.073075514,0.073368945,0.073533867,0.074466045,0.075476111,0.078254823,0.080141941,0.223134394,0.288507632,0.399927446,0.439260842,0.562106885,0.629725547,0.72975623,0.807081817,0.841945662,0.942662577,0.943365398,0.943788791
0.024918749,0.025522287,0.025802761,0.02632917,0.026323972,0.026642339,0.027067511,0.028559285,0.029037621,0.030991787,0.032158726,0.03268243,0.033316782,0.033959465,0.034674708,0.034784076,0.03487369,0.034953936,0.035199043,0.035193542,0.035228395,0.035235909,0.035702703,0.036098988,0.038443009,0.038605864,0.038649446,0.038738951,0.045399572,0.057216924,0.05932719,0.060105226,0.061255597,0.061372213,0.06151088,0.061728328,0.166389525,0.166458883,0.179970758,0.244480247,0.2446251,0.319917998,0.366371479,0.410416488,0.473053943,0.518077654,0.580417897,0.584758826,0.590027334,0.591683025,0.592542717
0.027822775,0.027940317,0.029176955,0.029515456,0.030151505,0.030990723,0.031849476,0.03261686,0.032864468,0.035471245,0.035259225,0.036137906,0.03662425,0.036942208,0.037278772,0.0376003,0.037881341,0.039483979,0.039333982,0.042037238,0.043086064,0.043149012,0.043595063,0.044781587,0.045082454,0.045369797,0.045570677,0.045683089,0.04622914,0.046877472,0.047424311,0.049393517,0.049969872,0.050036676,0.050301942,0.050545123,0.050688494,0.050894595,0.092038676,0.160551383,0.199332359,0.261970806,0.282983922,0.365107371,0.401453457,0.420447589,0.436010263,0.501706117,0.502089733,0.502786075,0.506628658
0.023809475,0.025112703,0.025240595,0.025221401,0.027211063,0.027361045,0.027582775,0.027556939,0.029703801,0.030327421,0.031196565,0.032008568,0.031981213,0.032815571,0.032851735,0.033387896,0.033413248,0.033692412,0.033662893,0.033509812,0.034278318,0.034490642,0.039017356,0.039686451,0.044157433,0.044147368,0.045068518,0.185545668,0.241037729,0.241454839,0.241939969,0.242272621,0.242351445,0.242692944,0.243405276,0.243388429,0.24396538,0.244435355,0.285254049,0.340659301,0.36249204,0.381454702,0.41300956,0.49431751,0.544310984,0.562487643,0.597682721,0.599640026,0.600210134,0.600287108,0.601895294
0.024726565,0.025399443,0.026918955,0.027106892,0.027320606,0.02845889,0.029193233,0.029564516,0.030236714,0.030542687,0.031858699,0.033396287,0.033985116,0.033997525,0.033880728,0.034615027,0.034252971,0.035043933,0.035428034,0.03589958,0.036222748,0.03639435,0.037696052,0.039058112,0.040079891,0.040314747,0.040304228,0.159201675,0.164560152,0.164428878,0.165541387,0.165970151,0.166018032,0.166265421,0.166290531,0.167031341,0.226048615,0.248319593,0.2485175,0.317248638,0.332477258,0.363541851,0.468999403,0.518617174,0.548335153,0.571399678,0.620007799,0.663299798,0.665959764,0.672899341,0.673072446
0.023556892,0.024199399,0.027083561,0.026524576,0.026706788,0.026972036,0.027010824,0.028468841,0.028824351,0.029703385,0.030132322,0.032358115,0.032648794,0.033713939,0.033495398,0.03397991,0.034476875,0.034836225,0.03515855,0.03545049,0.03702962,0.037233922,0.0378012,0.038180019,0.157167001,0.161891831,0.169587797,0.170964872,0.171271643,0.237966474,0.238815387,0.239177775,0.241002431,0.242137419,0.24236655,0.242750767,0.243407413,0.245141627,0.246075038,0.303602106,0.336858018,0.358823519,0.412881672,0.471614556,0.5178705,0.553331945,0.577163757,0.613856038,0.633613618,0.6387689,0.638606418
0.022852029,0.025063444,0.025695564,0.02592104,0.026105803,0.026694733,0.028094427,0.028843859,0.029706703,0.029698697,0.031190038,0.031568019,0.031511659,0.031931329,0.032727096,0.032818831,0.033580692,0.033643192,0.034793855,0.035297239,0.035545993,0.037767857,0.037991903,0.039194257,0.040244892,0.155252234,0.15638435,0.15959824,0.16052157,0.161640777,0.163558048,0.164656683,0.165071161,0.240288264,0.244209794,0.37804144,0.378372247,0.379016749,0.379909043,0.488430934,0.552755168,0.56745235,0.625475563,0.640772633,0.720962571,0.806864683,0.85153442,0.889324858,0.954617567,0.963817715,0.964489405
0.0229463,0.024245694,0.024727292,0.025589337,0.026790365,0.026640138,0.02672105,0.026494698,0.026591443,0.02740863,0.028702856,0.031857611,0.032008314,0.032556185,0.032786092,0.033078557,0.033382681,0.033939804,0.035006225,0.035406461,0.037465351,0.037844266,0.037871293,0.038272367,0.038240294,0.038457836,0.038487396,0.038141632,0.03869065,0.128946398,0.132380029,0.132815912,0.133846584,0.135837538,0.137580031,0.158069413,0.158714743,0.159784802,0.160198661,0.239555399,0.293117543,0.327201173,0.407001356,0.490398808,0.51804482,0.557007499,0.592464246,0.604905466,0.644171741,0.713913465,0.718693416
0.022510805,0.023354107,0.026063713,0.027060541,0.027908718,0.028469916,0.029712562,0.030100962,0.030442096,0.030721938,0.030861161,0.031647445,0.032700764,0.033575098,0.033337286,0.033523466,0.03347881,0.033653762,0.034043514,0.035887623,0.036428693,0.037734094,0.038146586,0.164067453,0.164309956,0.165428811,0.165896949,0.166177936,0.166741848,0.166807764,0.167365185,0.167165546,0.167577531,0.168888719,0.169664532,0.171185688,0.171844573,0.172482754,0.172801607,0.227385621,0.258502806,0.291548379,0.382950711,0.48189722,0.537452179,0.569882562,0.606724922,0.628728779,0.734448402,0.73451785,0.738459376
0.024908546,0.025342264,0.025685238,0.025583322,0.025639472,0.026478083,0.026642498,0.029175217,0.030471865,0.030607082,0.03104863,0.032908739,0.033131344,0.033243412,0.033959743,0.034448406,0.03498165,0.034574388,0.036244566,0.036274383,0.036521137,0.036507129,0.03655662,0.063701469,0.119078793,0.119557844,0.119617305,0.121506893,0.122265289,0.123325302,0.123745393,0.12595707,0.126556615,0.126711925,0.127048305,0.127373958,0.127352633,0.12780734,0.127944997,0.174571752,0.205437001,0.252641483,0.267859646,0.299272047,0.340396751,0.364667416,0.397793701,0.464718516,0.465349274,0.468315026,0.467613973
